missingprop_autocor,parameter,mean,sd,2.5%,50%,97.5%,missingness,type,run_no
y_noMiss,b_Intercept,-0.6909184058917073,0.07767739251937418,-0.8397394753654144,-0.6910847934138282,-0.5381780281661517,MNAR,brms,1000
y_noMiss,b_light,-0.9225267521723686,0.059007702305781735,-1.0374730044483569,-0.9221379324982576,-0.8074312702327322,MNAR,brms,1000
y_noMiss,b_discharge,1.0081199112344312,0.06301817698717702,0.8856703140856682,1.008980967205909,1.1303448144973076,MNAR,brms,1000
y_noMiss,phi,0.24009864553886404,0.058693559700376215,0.12427352785363528,0.2395494054978573,0.35540289638876216,MNAR,brms,1000
y_noMiss,sigma,0.9859395497998429,0.040540498984936085,0.9116711449674935,0.9846005353032322,1.068237757356836,MNAR,brms,1000
y_noMiss,Intercept,-0.6682957351136174,0.07769384678781463,-0.8177589435370819,-0.668314825990376,-0.5144216015853118,MNAR,brms,1000
