missingprop_autocor,parameter,mean,sd,2.5%,50%,97.5%,missingness,type,run_no
y_noMiss,b_Intercept,0.4461514498234135,0.09238767146932238,0.2649430816835751,0.4471358789507579,0.6263841316796622,MNAR,brms,100
y_noMiss,b_light,0.06304168143854638,0.053426073959166195,-0.042973694987695314,0.06364136383681832,0.16755017775358966,MNAR,brms,100
y_noMiss,b_discharge,0.25144924319242307,0.054442317531119486,0.14481821167580547,0.251536716897129,0.35844415618105696,MNAR,brms,100
y_noMiss,phi,0.372483813087044,0.0545676717505146,0.26708840451815263,0.37223304061333284,0.4776803269861994,MNAR,brms,100
y_noMiss,sigma,0.9708077736587113,0.04116932531847498,0.89435955943718215,0.9688889853648774,1.0541322068983745,MNAR,brms,100
y_noMiss,Intercept,0.47065247605976424,0.09224269117012207,0.29019959104379994,0.471236731040774,0.6506697942340046,MNAR,brms,100
