missingprop_autocor,parameter,mean,sd,2.5%,50%,97.5%,missingness,type,run_no
y_noMiss,b_Intercept,0.6981950710273022,0.08300835045467364,0.5379147525026609,0.6974125040880904,0.8652615245401668,MNAR,brms,101
y_noMiss,b_light,1.037000798356019,0.059174672674195294,0.9232182967062793,1.036700253305364,1.154849418491782,MNAR,brms,101
y_noMiss,b_discharge,-1.5492705943932514,0.05526516512938349,-1.6598369148839673,-1.5492280999543073,-1.440991043268802,MNAR,brms,101
y_noMiss,phi,0.3056995628537823,0.0564455836729492,0.19294706600952272,0.3054654849987529,0.41655773386433603,MNAR,brms,101
y_noMiss,sigma,0.9886197209726721,0.04202333056055257,0.9093598199919849,0.9870976172337145,1.0758329421714545,MNAR,brms,101
y_noMiss,Intercept,0.6411163161148098,0.08280865967438439,0.4807975688621819,0.6402305098486583,0.8072835627856294,MNAR,brms,101
