missingprop_autocor,parameter,mean,sd,2.5%,50%,97.5%,missingness,type,run_no
y_noMiss,b_Intercept,0.6743687159259707,0.06235993841172301,0.5543765504068939,0.6738048522990779,0.7985396699841955,MNAR,brms,102
y_noMiss,b_light,2.026373547092136,0.054789499937573066,1.9206976087626915,2.025508612587649,2.1341838438299403,MNAR,brms,102
y_noMiss,b_discharge,-0.012585103344687215,0.05863542257936475,-0.12818560173231813,-0.012029951850737842,0.10385259391655109,MNAR,brms,102
y_noMiss,phi,0.10327348840713443,0.0583623267091114,-0.009336173262800162,0.10300938196508808,0.21830565111900324,MNAR,brms,102
y_noMiss,sigma,0.9577356097503568,0.04004423184165249,0.8836211857746601,0.9559741465329714,1.0390178786390827,MNAR,brms,102
y_noMiss,Intercept,0.8318136338048553,0.06185902303195806,0.7126282357307321,0.8310690250313097,0.9547488671470503,MNAR,brms,102
