missingprop_autocor,parameter,mean,sd,2.5%,50%,97.5%,missingness,type,run_no
y_noMiss,b_Intercept,0.8184889950389593,0.2547027526381959,0.30198357374018686,0.8217771082353315,1.3206918832569645,MNAR,brms,103
y_noMiss,b_light,0.2442028206981741,0.04349497112618474,0.15799866643872387,0.24412238394446056,0.3304123158479866,MNAR,brms,103
y_noMiss,b_discharge,0.5001250792107115,0.04345206955886998,0.4161774682880347,0.49972951936644294,0.586867103504379,MNAR,brms,103
y_noMiss,phi,0.7787827339420332,0.03796223956080249,0.7046124216870275,0.7785485117878408,0.8545697890308693,MNAR,brms,103
y_noMiss,sigma,0.949100635473133,0.040534690451559614,0.873069978147295,0.9476099980016337,1.0329321281131325,MNAR,brms,103
y_noMiss,Intercept,0.8309380798416494,0.2546843358087637,0.3118183377555477,0.8340462362066796,1.3315551057432462,MNAR,brms,103
