missingprop_autocor,parameter,mean,sd,2.5%,50%,97.5%,missingness,type,run_no
y_noMiss,b_Intercept,2.258365847092956,0.0646753108153148,2.1292623451202592,2.259129553576438,2.3848328780291483,MNAR,brms,104
y_noMiss,b_light,-0.19705932316008515,0.054682731498402214,-0.30531295862328867,-0.19740733402890684,-0.0898689199619049,MNAR,brms,104
y_noMiss,b_discharge,-0.4140702885639088,0.058439452858893355,-0.5299480983559284,-0.4138463120296534,-0.3001019397788214,MNAR,brms,104
y_noMiss,phi,0.09921531653979278,0.05911089760611967,-0.01731959158303467,0.09968498083989102,0.2147750540911151,MNAR,brms,104
y_noMiss,sigma,1.0097783573751773,0.04245426750676892,0.9301527287820626,1.0087358369112125,1.0966654482378722,MNAR,brms,104
y_noMiss,Intercept,2.2352659459640596,0.06457958966569917,2.106974479383414,2.2356302053506756,2.3615891129056163,MNAR,brms,104
