missingprop_autocor,parameter,mean,sd,2.5%,50%,97.5%,missingness,type,run_no
y_noMiss,b_Intercept,-0.37513574303587877,0.23726661780483546,-0.8588922112661669,-0.37037124658435516,0.07563956758663395,MNAR,brms,105
y_noMiss,b_light,1.3428100698999539,0.05492853358292841,1.2349858411614063,1.342896869851351,1.4485084021076886,MNAR,brms,105
y_noMiss,b_discharge,-0.6240105500518022,0.052175991453474145,-0.725951950026735,-0.6242231189281924,-0.5215213237964291,MNAR,brms,105
y_noMiss,phi,0.7392178915878598,0.04255526200288466,0.6572393111212793,0.7384777919190044,0.8230136804000893,MNAR,brms,105
y_noMiss,sigma,1.021194493341904,0.04305575700532378,0.9405417451988358,1.0203501532713486,1.1079357611115355,MNAR,brms,105
y_noMiss,Intercept,-0.33267440247199315,0.2372692645660478,-0.81825234542974,-0.3279704420343438,0.11736412699745151,MNAR,brms,105
