missingprop_autocor,parameter,mean,sd,2.5%,50%,97.5%,missingness,type,run_no
y_noMiss,b_Intercept,-0.8130963129754177,0.14369322766581835,-1.1000145443753162,-0.8144089264759579,-0.5342317498101191,MNAR,brms,106
y_noMiss,b_light,0.19120177077842787,0.05879938713515672,0.07781643552660597,0.1907385510454589,0.30755899898727634,MNAR,brms,106
y_noMiss,b_discharge,0.24535824571042053,0.054810907664161045,0.1391062170292492,0.24502562810718412,0.3509883681615723,MNAR,brms,106
y_noMiss,phi,0.546210599249732,0.049663492154845376,0.44891910593812445,0.5467640800005296,0.6444388639196981,MNAR,brms,106
y_noMiss,sigma,1.0971806681325902,0.04555357261368522,1.0124808725643284,1.0956665870911646,1.1933791612109177,MNAR,brms,106
y_noMiss,Intercept,-0.8309671289170214,0.14368208720593637,-1.1178157600791416,-0.8321887299746575,-0.5523186676324536,MNAR,brms,106
