missingprop_autocor,parameter,mean,sd,2.5%,50%,97.5%,missingness,type,run_no
y_noMiss,b_Intercept,-1.6494346518405876,0.09763539472995222,-1.8426974966044531,-1.6498101924237534,-1.4562430720139083,MNAR,brms,107
y_noMiss,b_light,-0.12285473883923306,0.055011640146335805,-0.2301622519252611,-0.122059139968468,-0.014999216341111359,MNAR,brms,107
y_noMiss,b_discharge,0.32242094306928043,0.05713681685838109,0.20913445170041994,0.3223424274071699,0.4346392678168095,MNAR,brms,107
y_noMiss,phi,0.34831352446214026,0.05588750917236854,0.23814910744612997,0.3485621666536326,0.45774362872678764,MNAR,brms,107
y_noMiss,sigma,1.053924014543668,0.04432379022972166,0.9712497462235651,1.0524927246467612,1.1479892190536212,MNAR,brms,107
y_noMiss,Intercept,-1.650656951638129,0.09762248501980211,-1.8430712925153416,-1.6510171548017056,-1.456979917161694,MNAR,brms,107
