missingprop_autocor,parameter,mean,sd,2.5%,50%,97.5%,missingness,type,run_no
y_noMiss,b_Intercept,-1.1985425519352426,0.08966262483852207,-1.3742171627771325,-1.1985184122297663,-1.0195327870341986,MNAR,brms,108
y_noMiss,b_light,0.46664793019707734,0.05384969993638037,0.3620239681207317,0.466780759978395,0.5724766264578425,MNAR,brms,108
y_noMiss,b_discharge,-0.9816976822778253,0.054982584780062085,-1.0899340741972199,-0.9817152780221187,-0.8738259527878139,MNAR,brms,108
y_noMiss,phi,0.35439225035775473,0.05764131342464422,0.24223701237767895,0.3533227477695562,0.46723886385135643,MNAR,brms,108
y_noMiss,sigma,0.9878884019649077,0.041349680622989736,0.9110508896494314,0.9864246971138032,1.0737628488876652,MNAR,brms,108
y_noMiss,Intercept,-1.2612811583793482,0.0895646736754211,-1.438008291351724,-1.2614354837052872,-1.0836573987999174,MNAR,brms,108
