missingprop_autocor,parameter,mean,sd,2.5%,50%,97.5%,missingness,type,run_no
y_noMiss,b_Intercept,-0.5902494316589857,0.05893610050490847,-0.7047562967277224,-0.5904838086273807,-0.47346942382074686,MNAR,brms,109
y_noMiss,b_light,0.07681972419270103,0.058891098729612575,-0.037360385041759335,0.07639746782947171,0.1944795593135519,MNAR,brms,109
y_noMiss,b_discharge,-0.5904672703624636,0.05969422362181582,-0.7066663405543832,-0.5896886201627889,-0.47650657310775635,MNAR,brms,109
y_noMiss,phi,-0.01605527532116013,0.060088877212220046,-0.13276751856009383,-0.016010645797799976,0.10195968249762676,MNAR,brms,109
y_noMiss,sigma,1.0326418074559065,0.043077574679886606,0.9510015673879956,1.0310063741441557,1.1223846626633802,MNAR,brms,109
y_noMiss,Intercept,-0.5699022838666924,0.058871965777639604,-0.6839748424813962,-0.5701190398922167,-0.4531108666020172,MNAR,brms,109
