missingprop_autocor,parameter,mean,sd,2.5%,50%,97.5%,missingness,type,run_no
y_noMiss,b_Intercept,-0.37079568600808194,0.08157183811876037,-0.5294348265195639,-0.3705841255613137,-0.21012199167199747,MNAR,brms,10
y_noMiss,b_light,1.0781885566019462,0.056814294308576214,0.9675706765680261,1.0783212062799405,1.1925362236061874,MNAR,brms,10
y_noMiss,b_discharge,-0.011419791646555,0.060634586192288266,-0.12850853196583126,-0.011972554157645149,0.10627027863977709,MNAR,brms,10
y_noMiss,phi,0.27290420012675215,0.056090520908979154,0.1620470598805093,0.2722282741146265,0.3841420608041806,MNAR,brms,10
y_noMiss,sigma,0.9968342849004853,0.04162146986915387,0.9194679854290854,0.9951581294082552,1.0832420100028606,MNAR,brms,10
y_noMiss,Intercept,-0.43908354683661216,0.08145540105451442,-0.5979715352506408,-0.43947432933075486,-0.2784499523738211,MNAR,brms,10
