missingprop_autocor,parameter,mean,sd,2.5%,50%,97.5%,missingness,type,run_no
y_noMiss,b_Intercept,0.6100206519329466,0.08085068733902273,0.4522011985521064,0.6109255317208753,0.7690641107286378,MNAR,brms,110
y_noMiss,b_light,-1.2826598192370229,0.054334667640311314,-1.3892159361560206,-1.2830265173174227,-1.1762445220137303,MNAR,brms,110
y_noMiss,b_discharge,0.27130432083891687,0.05853669358527201,0.1573255545918257,0.27082211811488444,0.3870684027786434,MNAR,brms,110
y_noMiss,phi,0.27398633641837,0.05790360109984534,0.15770336275024452,0.2740355827615306,0.3884593625876402,MNAR,brms,110
y_noMiss,sigma,0.9986236060941653,0.041879058601678384,0.9217078166090755,0.9975901409087246,1.0848768619860043,MNAR,brms,110
y_noMiss,Intercept,0.6829764496760401,0.08070961995118286,0.5252893568812824,0.6837424824316074,0.8414893602840879,MNAR,brms,110
