missingprop_autocor,parameter,mean,sd,2.5%,50%,97.5%,missingness,type,run_no
y_noMiss,b_Intercept,-0.7138691194377412,0.07366884493835571,-0.8594469654942598,-0.7137140337681979,-0.5684187212954883,MNAR,brms,111
y_noMiss,b_light,-1.317665252450458,0.05469646458693648,-1.4249384510423746,-1.3172796049111977,-1.207839877179119,MNAR,brms,111
y_noMiss,b_discharge,-0.9643134109605557,0.05835671785364907,-1.0790969420410992,-0.9642988517852132,-0.8496995909899121,MNAR,brms,111
y_noMiss,phi,0.20807442260431255,0.0593253073787238,0.09054782871315334,0.2080766415919006,0.3245071385417165,MNAR,brms,111
y_noMiss,sigma,1.0055549516193647,0.04185684470163978,0.9263530065532231,1.0042678720112161,1.0922855830608675,MNAR,brms,111
y_noMiss,Intercept,-0.6524020402914134,0.07344174263023355,-0.7976433587541577,-0.6522419730668896,-0.5068797283138807,MNAR,brms,111
