missingprop_autocor,parameter,mean,sd,2.5%,50%,97.5%,missingness,type,run_no
y_noMiss,b_Intercept,-0.0038295209481989828,0.07734849466654824,-0.1559875899572023,-0.0022356156952666843,0.14473854022064842,MNAR,brms,112
y_noMiss,b_light,-0.20292014096052435,0.05656439865967518,-0.3125376170663048,-0.2026222235945807,-0.09223124974367615,MNAR,brms,112
y_noMiss,b_discharge,0.8921702146986955,0.061715265495567426,0.7729466696518803,0.8916971442774924,1.0112908762316872,MNAR,brms,112
y_noMiss,phi,0.19338682909076774,0.05738461513803871,0.07917712272082507,0.1937459025622251,0.3073862875887195,MNAR,brms,112
y_noMiss,sigma,1.0451460519095979,0.04452000663817824,0.9607209530422266,1.0438858436634928,1.1370293620279492,MNAR,brms,112
y_noMiss,Intercept,0.01732678715490211,0.07711127277544716,-0.1345097009951642,0.019026395179575495,0.16604243675197547,MNAR,brms,112
