missingprop_autocor,parameter,mean,sd,2.5%,50%,97.5%,missingness,type,run_no
y_noMiss,b_Intercept,-0.8092353914688473,0.09489516812438696,-0.9937954989628068,-0.8098930692647681,-0.6160037387757065,MNAR,brms,113
y_noMiss,b_light,-0.2535515851121952,0.04747442568608698,-0.3479124682864688,-0.25315361993606544,-0.16111922889095429,MNAR,brms,113
y_noMiss,b_discharge,3.181631378362061,0.04723056437225631,3.0892432735959363,3.1811313733949187,3.273456405042232,MNAR,brms,113
y_noMiss,phi,0.39144064227394976,0.05399717005982873,0.2855804070167629,0.39133405577061575,0.49870942430355886,MNAR,brms,113
y_noMiss,sigma,0.9750497483451992,0.039893464198111905,0.9004427681426259,0.973642399019338,1.058181507830004,MNAR,brms,113
y_noMiss,Intercept,-0.7429868696813022,0.09489783498444306,-0.9274147318199267,-0.743345381776807,-0.5497868558951418,MNAR,brms,113
