missingprop_autocor,parameter,mean,sd,2.5%,50%,97.5%,missingness,type,run_no
y_noMiss,b_Intercept,1.1947619597006573,0.11274704948937804,0.9694235347605322,1.1952100916521284,1.4171304361051535,MNAR,brms,114
y_noMiss,b_light,-1.8125901192179168,0.05114118211247487,-1.913025179906498,-1.8125819819948161,-1.7121211004230776,MNAR,brms,114
y_noMiss,b_discharge,-1.0199922620435509,0.05087256859912843,-1.118287510688554,-1.0202796128283078,-0.9218700577536635,MNAR,brms,114
y_noMiss,phi,0.4681746640647653,0.05273890243345238,0.36554620684989697,0.4679109323842801,0.5728039887140188,MNAR,brms,114
y_noMiss,sigma,1.009329748432925,0.04171634520099236,0.9318586581492668,1.0075174440921764,1.0953290924771963,MNAR,brms,114
y_noMiss,Intercept,0.9896796008206221,0.11231024440838408,0.7674284005402607,0.9900844696749513,1.210284692243828,MNAR,brms,114
