missingprop_autocor,parameter,mean,sd,2.5%,50%,97.5%,missingness,type,run_no
y_noMiss,b_Intercept,-1.679453405780971,0.06800212762098258,-1.812826632193612,-1.6792956042154195,-1.5438525689038363,MNAR,brms,115
y_noMiss,b_light,-0.7304945169215129,0.06394979999076396,-0.8559199284423198,-0.7299206666302396,-0.6053778806692031,MNAR,brms,115
y_noMiss,b_discharge,-0.09854400181349679,0.059998578205082705,-0.214848075878842,-0.09867933138442976,0.02089497592038144,MNAR,brms,115
y_noMiss,phi,0.054592967296437936,0.06063563813151919,-0.0644888235238078,0.05437780571212168,0.1752791537144595,MNAR,brms,115
y_noMiss,sigma,1.094613259153397,0.04541470629844997,1.009346870471001,1.0936727668081283,1.1883339308393823,MNAR,brms,115
y_noMiss,Intercept,-1.5526930986963297,0.06719737713728219,-1.6843587932205275,-1.5527542253615292,-1.420794420481144,MNAR,brms,115
