missingprop_autocor,parameter,mean,sd,2.5%,50%,97.5%,missingness,type,run_no
y_noMiss,b_Intercept,-0.6476453382979555,0.13994441764520707,-0.9174397386076532,-0.6479748885405782,-0.37419182317236227,MNAR,brms,116
y_noMiss,b_light,0.23763430893172158,0.04572341043945355,0.14731005286049764,0.2374953687827354,0.3287485093702659,MNAR,brms,116
y_noMiss,b_discharge,-0.24463245543692463,0.044109680685607715,-0.33070556283822355,-0.24466765073985797,-0.1594978603738253,MNAR,brms,116
y_noMiss,phi,0.6139998079041891,0.04724731536392912,0.5206755933111512,0.6140480664263737,0.7063410894762188,MNAR,brms,116
y_noMiss,sigma,0.9035164865134193,0.03786957537759394,0.8339095749701316,0.9020647818778309,0.98120206941294,MNAR,brms,116
y_noMiss,Intercept,-0.6570863591492232,0.13987795828052219,-0.9255497716792902,-0.6571925397288645,-0.38316103096436643,MNAR,brms,116
