missingprop_autocor,parameter,mean,sd,2.5%,50%,97.5%,missingness,type,run_no
y_noMiss,b_Intercept,-1.074905031833228,0.26006606496280216,-1.5869677154429815,-1.0761200086417841,-0.5595824693473964,MNAR,brms,117
y_noMiss,b_light,0.12195560607412513,0.04738722914338837,0.028094061977286526,0.12168980950628404,0.2156656667849232,MNAR,brms,117
y_noMiss,b_discharge,-1.0562591723175359,0.04712007074073934,-1.1477393298849599,-1.0559401417596717,-0.9648882014909598,MNAR,brms,117
y_noMiss,phi,0.7744990260692177,0.03834220733065387,0.7006365363109254,0.7741888142580625,0.851215271236188,MNAR,brms,117
y_noMiss,sigma,1.0116124367549044,0.04306057494247083,0.9314547252108331,1.010403600595078,1.100439618780191,MNAR,brms,117
y_noMiss,Intercept,-1.106800720982943,0.2600296272393181,-1.6181205271532786,-1.1072645394799046,-0.5921447526046735,MNAR,brms,117
