missingprop_autocor,parameter,mean,sd,2.5%,50%,97.5%,missingness,type,run_no
y_noMiss,b_Intercept,-1.0157522104786754,0.06442679723542809,-1.1415410732367686,-1.0147585211303638,-0.8916808436204079,MNAR,brms,118
y_noMiss,b_light,-0.02531219505283,0.06100293784416212,-0.1439795551602339,-0.02508936591346527,0.09179538571509081,MNAR,brms,118
y_noMiss,b_discharge,1.821391463477466,0.055735911745775156,1.7118386066445592,1.8211067404210852,1.9295998568241461,MNAR,brms,118
y_noMiss,phi,0.059474192712091756,0.06039813187131903,-0.060648250430496056,0.059699367647556095,0.17670567542467008,MNAR,brms,118
y_noMiss,sigma,1.038163935824082,0.04382947705566982,0.9571970440496312,1.037055452791379,1.1267241511401067,MNAR,brms,118
y_noMiss,Intercept,-0.9841994838898737,0.06431790312107874,-1.109604318952814,-0.9832820457371559,-0.8600358289385952,MNAR,brms,118
