missingprop_autocor,parameter,mean,sd,2.5%,50%,97.5%,missingness,type,run_no
y_noMiss,b_Intercept,0.8722148328124308,0.1887692645782678,0.49627528800752474,0.8744768504709843,1.2327344939105558,MNAR,brms,119
y_noMiss,b_light,0.5963581890951466,0.04629065763293197,0.5074150533881635,0.5961264867103588,0.6871941264412181,MNAR,brms,119
y_noMiss,b_discharge,0.00504774887500311,0.04623473963999455,-0.08551163729492516,0.00466444023301657,0.09560978121874038,MNAR,brms,119
y_noMiss,phi,0.6806927242866327,0.04452150768507689,0.593375091108563,0.6809737553008659,0.7688129097525683,MNAR,brms,119
y_noMiss,sigma,1.0055693213866364,0.04250130817705362,0.9272500607557588,1.003960027169379,1.0927071273882527,MNAR,brms,119
y_noMiss,Intercept,0.8566387343024351,0.18866348482544446,0.48190180838455965,0.8591152425699182,1.216205604842314,MNAR,brms,119
