missingprop_autocor,parameter,mean,sd,2.5%,50%,97.5%,missingness,type,run_no
y_noMiss,b_Intercept,-1.5351975903800723,0.18486224688139083,-1.899237761763598,-1.5328008855940354,-1.1727599116703025,MNAR,brms,11
y_noMiss,b_light,-0.8512884168496921,0.04915428945080005,-0.948658320891882,-0.8514689123874628,-0.7542849043647112,MNAR,brms,11
y_noMiss,b_discharge,-0.8307902790878331,0.05338513927542732,-0.9366013923136246,-0.8305783771324724,-0.7277533679523852,MNAR,brms,11
y_noMiss,phi,0.6742182818462004,0.04435298351901727,0.5873445325430633,0.6741076953854579,0.7608735432566949,MNAR,brms,11
y_noMiss,sigma,1.0096036434733915,0.04219843623784919,0.9310336376676689,1.008486535055483,1.0944625072535399,MNAR,brms,11
y_noMiss,Intercept,-1.5293321296694289,0.18484587652095127,-1.892947951584652,-1.5272472120558949,-1.1670283650891298,MNAR,brms,11
