missingprop_autocor,parameter,mean,sd,2.5%,50%,97.5%,missingness,type,run_no
y_noMiss,b_Intercept,0.3527900692683152,0.2387362576121923,-0.12914498153243278,0.3556306404899131,0.8145715366050186,MNAR,brms,120
y_noMiss,b_light,0.5945183081612033,0.045553780388052884,0.5075802761497443,0.5945358776211476,0.6841522184191731,MNAR,brms,120
y_noMiss,b_discharge,-0.2754043763220716,0.04699895716679809,-0.366989301301944,-0.27578634959478426,-0.17973083464100256,MNAR,brms,120
y_noMiss,phi,0.760103772635715,0.038928180859095135,0.6828094579273328,0.7600038363982106,0.8365321028042345,MNAR,brms,120
y_noMiss,sigma,0.9636109178899445,0.04076773235263386,0.8875205945959184,0.9626333238513691,1.0457775258742872,MNAR,brms,120
y_noMiss,Intercept,0.40474976016690434,0.23877404384865894,-0.0761567440002896,0.4076836386459194,0.8676686293853552,MNAR,brms,120
