missingprop_autocor,parameter,mean,sd,2.5%,50%,97.5%,missingness,type,run_no
y_noMiss,b_Intercept,0.6954832931454422,0.06588383334174652,0.5666933581691916,0.6956886144083636,0.824299764300941,MNAR,brms,121
y_noMiss,b_light,0.13537280088091305,0.0579478711998422,0.022139629941239473,0.13482659095659297,0.251057244246245,MNAR,brms,121
y_noMiss,b_discharge,-0.4775229268180439,0.05531595148760514,-0.586754031267524,-0.4781701659543708,-0.3683059796544921,MNAR,brms,121
y_noMiss,phi,0.07184224278362909,0.059152179636416724,-0.0444824221737118,0.07157405147595611,0.18918992889056405,MNAR,brms,121
y_noMiss,sigma,1.0326025037858386,0.04380137737908323,0.9517434161780931,1.0309311299585175,1.1208191608294127,MNAR,brms,121
y_noMiss,Intercept,0.7380306149499631,0.065581357397699,0.6091273774686397,0.7380893006647056,0.8669181932477529,MNAR,brms,121
