missingprop_autocor,parameter,mean,sd,2.5%,50%,97.5%,missingness,type,run_no
y_noMiss,b_Intercept,0.582308617255273,0.1356493507694582,0.3161112046196413,0.5820912562714613,0.8498108037954246,MNAR,brms,122
y_noMiss,b_light,-0.08216695064453605,0.048747074808339196,-0.17806567591387623,-0.08229022118954078,0.014281751645118464,MNAR,brms,122
y_noMiss,b_discharge,0.8437043848409677,0.05140951070087506,0.7437748313461258,0.8434884858533778,0.9442934887933663,MNAR,brms,122
y_noMiss,phi,0.5813847781854828,0.048404393623658094,0.48536214989562326,0.5810440281006741,0.6767685587796259,MNAR,brms,122
y_noMiss,sigma,0.9698808782005631,0.04044179331857702,0.8955136189813316,0.9688659046669903,1.0525040043063907,MNAR,brms,122
y_noMiss,Intercept,0.6272297256636059,0.13557762695420403,0.36149571032431843,0.6272946466402411,0.894288766647851,MNAR,brms,122
