missingprop_autocor,parameter,mean,sd,2.5%,50%,97.5%,missingness,type,run_no
y_noMiss,b_Intercept,0.7360840447211562,0.11113259424059452,0.5190895902633016,0.7364939061763449,0.9523091237601337,MNAR,brms,123
y_noMiss,b_light,-1.456995813051403,0.05581711935163994,-1.5646330115341884,-1.456799025339399,-1.3486894940932488,MNAR,brms,123
y_noMiss,b_discharge,-1.8759886310966098,0.051132014355906655,-1.9754574577946782,-1.875449520211511,-1.777041975555156,MNAR,brms,123
y_noMiss,phi,0.44969074943250587,0.053883603249502095,0.34180850954369285,0.44945270787278724,0.5538969607121821,MNAR,brms,123
y_noMiss,sigma,1.0293950026363945,0.042944974803611737,0.9497737585629344,1.0279088515344128,1.1178156915295612,MNAR,brms,123
y_noMiss,Intercept,0.6557149962796157,0.11111575366428905,0.4389538509147379,0.6560230491804033,0.8727328760087345,MNAR,brms,123
