missingprop_autocor,parameter,mean,sd,2.5%,50%,97.5%,missingness,type,run_no
y_noMiss,b_Intercept,-0.28396044553038857,0.1798783680296163,-0.6361826107106758,-0.28655139015771414,0.07481752286917444,MNAR,brms,124
y_noMiss,b_light,-0.6871834250338555,0.04842296453167031,-0.7832284256240293,-0.6867884267444354,-0.5933239437998287,MNAR,brms,124
y_noMiss,b_discharge,0.5117300474278405,0.04493111026750455,0.4248210954496726,0.5108969989648398,0.6010718011895111,MNAR,brms,124
y_noMiss,phi,0.678679336046859,0.04389758665484574,0.5920445942241637,0.6791510419188115,0.7653071721490687,MNAR,brms,124
y_noMiss,sigma,0.9709985494302321,0.04124734946755825,0.894214233957001,0.9698732030700125,1.0557094227059538,MNAR,brms,124
y_noMiss,Intercept,-0.3476154612576825,0.17993572121511714,-0.7002383661118844,-0.34949798908845153,0.012193326437894062,MNAR,brms,124
