missingprop_autocor,parameter,mean,sd,2.5%,50%,97.5%,missingness,type,run_no
y_noMiss,b_Intercept,-0.9777673817680883,0.08807882502851347,-1.1517832579878768,-0.9787678568249465,-0.804120940684804,MNAR,brms,125
y_noMiss,b_light,0.03179826181333349,0.05529810888277995,-0.07777675630360142,0.03163037589662264,0.14290577302656723,MNAR,brms,125
y_noMiss,b_discharge,-0.05129135797090464,0.061145950285648364,-0.17155427146242688,-0.05193802382701967,0.0699245315084071,MNAR,brms,125
y_noMiss,phi,0.288647491172289,0.05771297101068388,0.17445969149701368,0.2885402147838271,0.40290072454873505,MNAR,brms,125
y_noMiss,sigma,1.0320298767098206,0.04318550199306384,0.9512938240139363,1.0308342956786336,1.1206893894962533,MNAR,brms,125
y_noMiss,Intercept,-0.9850663946377396,0.08753462670386494,-1.1560317695324287,-0.9857970219052867,-0.810560891490369,MNAR,brms,125
