missingprop_autocor,parameter,mean,sd,2.5%,50%,97.5%,missingness,type,run_no
y_noMiss,b_Intercept,-0.39031981537400146,0.2909750016472138,-0.9703971070726927,-0.3891452513162482,0.19324576941843472,MNAR,brms,126
y_noMiss,b_light,0.9651518571168444,0.052077026042442395,0.8634933488169811,0.9653968597370959,1.0674060216774126,MNAR,brms,126
y_noMiss,b_discharge,0.04400618000181553,0.046786201125975896,-0.049521318224421074,0.04376648801080249,0.13585631687175012,MNAR,brms,126
y_noMiss,phi,0.7912711928338754,0.0366561717817655,0.719675622422617,0.7911992404633093,0.8622243884299681,MNAR,brms,126
y_noMiss,sigma,1.0555242307416723,0.04393797488112087,0.9743375507515579,1.0541963041683347,1.1467665696308122,MNAR,brms,126
y_noMiss,Intercept,-0.402790316946252,0.29097484784564565,-0.9828733985133729,-0.4018556941403123,0.1799171258828631,MNAR,brms,126
