missingprop_autocor,parameter,mean,sd,2.5%,50%,97.5%,missingness,type,run_no
y_noMiss,b_Intercept,1.3517139678088537,0.28713643928799665,0.8252778698469989,1.3320437249935826,1.9641963944709961,MNAR,brms,127
y_noMiss,b_light,0.0027458377569432434,0.04751437027373954,-0.08871684582072498,0.0030096095372332413,0.09770461035214088,MNAR,brms,127
y_noMiss,b_discharge,1.6400229243345328,0.0473374863761189,1.5453178322693393,1.640237320043168,1.7325403163154516,MNAR,brms,127
y_noMiss,phi,0.7682129589494779,0.040330406486079044,0.6904626271572756,0.7669882830545498,0.8504609451047127,MNAR,brms,127
y_noMiss,sigma,1.0454283115066987,0.044186901118116274,0.9631638473246896,1.0439318522538557,1.1348237034747384,MNAR,brms,127
y_noMiss,Intercept,1.1760610504733455,0.286931477011583,0.6517273602202591,1.157087496492362,1.7891353376105064,MNAR,brms,127
