missingprop_autocor,parameter,mean,sd,2.5%,50%,97.5%,missingness,type,run_no
y_noMiss,b_Intercept,-1.4420759878658427,0.0823361783936595,-1.6000073085797921,-1.4421925395177473,-1.2797788948828752,MNAR,brms,128
y_noMiss,b_light,-0.5143547819351305,0.06300208164670774,-0.6379370435008548,-0.5146284877425208,-0.38918581662100116,MNAR,brms,128
y_noMiss,b_discharge,-0.251108287183751,0.060362860373201016,-0.3681163785984864,-0.2513465501755935,-0.13090220101716737,MNAR,brms,128
y_noMiss,phi,0.2684243438401723,0.05722149535069204,0.15710990311112,0.268379193332289,0.38024619566880175,MNAR,brms,128
y_noMiss,sigma,1.0358473339535783,0.04400228226337662,0.9528918248248825,1.0338977675637355,1.1272702910557995,MNAR,brms,128
y_noMiss,Intercept,-1.4555170409123954,0.08229195859882801,-1.6130081566022678,-1.455207130023971,-1.292717824608158,MNAR,brms,128
