missingprop_autocor,parameter,mean,sd,2.5%,50%,97.5%,missingness,type,run_no
y_noMiss,b_Intercept,0.2772102529599458,0.06125840105387467,0.15916344013878492,0.2767812457713319,0.3953612247701601,MNAR,brms,129
y_noMiss,b_light,-0.16576335671948045,0.05833238462627732,-0.2795606911033952,-0.16570570766631454,-0.0519695193820648,MNAR,brms,129
y_noMiss,b_discharge,0.9166842441545181,0.06120917533857023,0.7933006959524168,0.9167658721755554,1.0370646840192959,MNAR,brms,129
y_noMiss,phi,-0.006099038361863122,0.05885945772910416,-0.12323734790775899,-0.005572567461858781,0.1085403763593403,MNAR,brms,129
y_noMiss,sigma,1.023139983497349,0.042273030441618197,0.9456723580194423,1.0218354271080425,1.1103409880387816,MNAR,brms,129
y_noMiss,Intercept,0.3843363250363518,0.06068536421223296,0.2676910299149027,0.3843532906493453,0.5033276936806761,MNAR,brms,129
