missingprop_autocor,parameter,mean,sd,2.5%,50%,97.5%,missingness,type,run_no
y_noMiss,b_Intercept,0.9797230205591823,0.07074146895624127,0.8413793831949283,0.9797635259833808,1.1227021249538554,MNAR,brms,12
y_noMiss,b_light,-0.8540472714868108,0.05624848065820116,-0.9643821945610326,-0.8542260839646306,-0.7409603613313086,MNAR,brms,12
y_noMiss,b_discharge,-1.75290292148915,0.06438098830056052,-1.8770217704297658,-1.753155134667905,-1.6258838752237077,MNAR,brms,12
y_noMiss,phi,0.13194395779375118,0.05856744408448817,0.01671169032957381,0.13128493454046583,0.250212485106334,MNAR,brms,12
y_noMiss,sigma,1.0209585692807406,0.043236515414319436,0.9414278519180245,1.0193584969955791,1.1092607216354273,MNAR,brms,12
y_noMiss,Intercept,0.9469628050687646,0.07060247807470112,0.8089176213743993,0.9469823816562457,1.088541297911509,MNAR,brms,12
