missingprop_autocor,parameter,mean,sd,2.5%,50%,97.5%,missingness,type,run_no
y_noMiss,b_Intercept,0.4447439226855613,0.11237107968887859,0.23215198903047526,0.4448855212615579,0.6674927809176571,MNAR,brms,130
y_noMiss,b_light,0.5094152138872785,0.05077616722354014,0.4103834156342806,0.5090817279137186,0.6099936449849938,MNAR,brms,130
y_noMiss,b_discharge,0.3969907942324661,0.053360970832039875,0.29206693776613457,0.39748027471304165,0.5010052837592088,MNAR,brms,130
y_noMiss,phi,0.476942940364561,0.05303279619484621,0.3725912232691968,0.47638748214805404,0.5804694797811126,MNAR,brms,130
y_noMiss,sigma,0.9972110823796937,0.04212077988512739,0.9189036386915558,0.9961203665100502,1.0815251321895294,MNAR,brms,130
y_noMiss,Intercept,0.45705652205344843,0.11237064191606627,0.24478158900270397,0.4567307071820862,0.6809823948640552,MNAR,brms,130
