missingprop_autocor,parameter,mean,sd,2.5%,50%,97.5%,missingness,type,run_no
y_noMiss,b_Intercept,1.4454922933174177,0.08192731412261176,1.2853238868826955,1.4454489795403016,1.6045056721731639,MNAR,brms,131
y_noMiss,b_light,0.25987107300083956,0.05349301309638856,0.15333827997394237,0.26063760344727444,0.3618660034842632,MNAR,brms,131
y_noMiss,b_discharge,0.5741183021311287,0.05444331996072832,0.4691239174888335,0.5746332040848506,0.6811089362320545,MNAR,brms,131
y_noMiss,phi,0.3143977075553658,0.05612923876302122,0.20452980854997488,0.3150180930319135,0.42331745123392545,MNAR,brms,131
y_noMiss,sigma,0.9446714736642496,0.03993585800150476,0.8714006835813316,0.9432581138855897,1.0254467000282586,MNAR,brms,131
y_noMiss,Intercept,1.3860069719488894,0.08165738362340394,1.2259849504112499,1.386351012458789,1.5442424153693406,MNAR,brms,131
