missingprop_autocor,parameter,mean,sd,2.5%,50%,97.5%,missingness,type,run_no
y_noMiss,b_Intercept,0.07131700373597563,0.05639601453002737,-0.038679869666999406,0.0711947548469627,0.18264166077116528,MNAR,brms,132
y_noMiss,b_light,1.8709622150005798,0.06028052915400594,1.7519959149265893,1.8709096013963555,1.9886016755740505,MNAR,brms,132
y_noMiss,b_discharge,-1.1206787817306667,0.059749991989886925,-1.2385768899384821,-1.1199033256195428,-1.0033875550302491,MNAR,brms,132
y_noMiss,phi,-0.051781484037419855,0.06012480939249803,-0.17094972115617274,-0.05186181270516648,0.06687104108025609,MNAR,brms,132
y_noMiss,sigma,1.0034022511003606,0.04151514099849713,0.925730869209361,1.0029672260314586,1.0874088571958098,MNAR,brms,132
y_noMiss,Intercept,0.03202940783430294,0.05636232010190989,-0.07798591086294955,0.03190852765509685,0.14449542235036558,MNAR,brms,132
