missingprop_autocor,parameter,mean,sd,2.5%,50%,97.5%,missingness,type,run_no
y_noMiss,b_Intercept,-1.4229866902043495,0.11098922207416952,-1.6481622565877703,-1.42266329699719,-1.2040582521476584,MNAR,brms,133
y_noMiss,b_light,0.05451306645798923,0.056198187093774075,-0.055203593657373026,0.05419459422384762,0.16446328369716345,MNAR,brms,133
y_noMiss,b_discharge,-0.31060561679546184,0.05533776474033108,-0.41828820028301716,-0.31050325292577885,-0.20073134721219468,MNAR,brms,133
y_noMiss,phi,0.4547666664811873,0.05277319814145198,0.3518326010098198,0.4551583603433209,0.557711151480998,MNAR,brms,133
y_noMiss,sigma,1.030704010654371,0.04297112882947379,0.9511687909225887,1.0295676776007006,1.1197007288843943,MNAR,brms,133
y_noMiss,Intercept,-1.428367441898574,0.11090858237191581,-1.6517931347103925,-1.4283311445017501,-1.2095445345757807,MNAR,brms,133
