missingprop_autocor,parameter,mean,sd,2.5%,50%,97.5%,missingness,type,run_no
y_noMiss,b_Intercept,-0.013450252595106871,0.11289754780969616,-0.23834374593197155,-0.014218988972833503,0.2092708104275738,MNAR,brms,134
y_noMiss,b_light,-1.8220580076027912,0.05083066848526438,-1.920829538477514,-1.8225066986666945,-1.721073504652133,MNAR,brms,134
y_noMiss,b_discharge,-1.5776873609882478,0.05186388274101274,-1.6793125169776133,-1.578309868801337,-1.4749935363190598,MNAR,brms,134
y_noMiss,phi,0.4866469608284833,0.05286322884908825,0.3840722307347286,0.4871078531956145,0.589184150206671,MNAR,brms,134
y_noMiss,sigma,0.9884598647660207,0.041249846177270774,0.913242527566776,0.9872971670572388,1.0738694176274786,MNAR,brms,134
y_noMiss,Intercept,-0.06722944821429355,0.1128678673765277,-0.292146549575227,-0.06807705970524644,0.1554630089979213,MNAR,brms,134
