missingprop_autocor,parameter,mean,sd,2.5%,50%,97.5%,missingness,type,run_no
y_noMiss,b_Intercept,-0.9546541757800314,0.1860710697395947,-1.3179128067939536,-0.9555621096773155,-0.5853358162029181,MNAR,brms,135
y_noMiss,b_light,0.15327995529361485,0.047109544638868524,0.05898355500550027,0.15305230022737876,0.24669252676471753,MNAR,brms,135
y_noMiss,b_discharge,-0.01951090484528573,0.04943235218985039,-0.11651400809015901,-0.01963671576622176,0.07583801734805386,MNAR,brms,135
y_noMiss,phi,0.6967147486723199,0.04282665264731866,0.6130602524097013,0.6964720324321785,0.7817090621302925,MNAR,brms,135
y_noMiss,sigma,0.9653668306748977,0.04021195882881413,0.8899913144655209,0.9637878060528142,1.0481733987180868,MNAR,brms,135
y_noMiss,Intercept,-0.9549678790239652,0.18596712317053912,-1.3176850372117337,-0.9553452655766941,-0.5866007061241225,MNAR,brms,135
