missingprop_autocor,parameter,mean,sd,2.5%,50%,97.5%,missingness,type,run_no
y_noMiss,b_Intercept,0.8568279900114928,0.15600972608991573,0.5493841249515174,0.8563541141854839,1.1668475743876978,MNAR,brms,136
y_noMiss,b_light,0.6830203543642273,0.054143131029982465,0.5794376611218736,0.6826911427271912,0.7881310618617687,MNAR,brms,136
y_noMiss,b_discharge,-0.141564594299422,0.04956306660594163,-0.23780354653759025,-0.1415939633285866,-0.04430440525228356,MNAR,brms,136
y_noMiss,phi,0.6303503527613328,0.04745694974573469,0.53592352895562,0.6304507244333561,0.7220928736957178,MNAR,brms,136
y_noMiss,sigma,0.9778415099773206,0.04085634154808612,0.9028629970710481,0.9763932621330762,1.0627636907235558,MNAR,brms,136
y_noMiss,Intercept,0.8706551751303477,0.15603373551366748,0.5615518821006477,0.8707456989310135,1.1805041023018212,MNAR,brms,136
