missingprop_autocor,parameter,mean,sd,2.5%,50%,97.5%,missingness,type,run_no
y_noMiss,b_Intercept,1.1829010773701238,0.06327450837924757,1.0583869626993145,1.1830763127419845,1.306523842084685,MNAR,brms,137
y_noMiss,b_light,-2.0454147782854846,0.05853947879566951,-2.1615034446514025,-2.045119745574016,-1.9299829455290942,MNAR,brms,137
y_noMiss,b_discharge,0.35111864067468335,0.06194433123109898,0.23099946291069753,0.35099466419734116,0.47116574314281756,MNAR,brms,137
y_noMiss,phi,0.05485443142538243,0.05864651166133357,-0.060711080497553895,0.05425227797260291,0.1720360086363164,MNAR,brms,137
y_noMiss,sigma,1.0017414145273555,0.042132811799950216,0.9241837519569147,0.9996156408900925,1.0895693571295917,MNAR,brms,137
y_noMiss,Intercept,1.2199821631164613,0.06326771950048293,1.0955575236796498,1.2203188184753562,1.3440595850992427,MNAR,brms,137
