missingprop_autocor,parameter,mean,sd,2.5%,50%,97.5%,missingness,type,run_no
y_noMiss,b_Intercept,0.14065102805005664,0.13449842968034512,-0.12920521169300475,0.13957004206110035,0.4060504729652065,MNAR,brms,138
y_noMiss,b_light,1.1442730283758062,0.04954700764943352,1.0486444242101347,1.1430910759784494,1.243227414837523,MNAR,brms,138
y_noMiss,b_discharge,-0.7883907316159451,0.051864240189755065,-0.8900436537066877,-0.7882112609366068,-0.6869531760002007,MNAR,brms,138
y_noMiss,phi,0.5721977882823922,0.04947143185748383,0.47526582147422836,0.5720455903918957,0.669275257482451,MNAR,brms,138
y_noMiss,sigma,0.9798294015110094,0.04089680738301762,0.9036166743653659,0.9785903728733392,1.0659035626634674,MNAR,brms,138
y_noMiss,Intercept,0.21757410445302786,0.1345121282257733,-0.05341505628992557,0.21601321581625726,0.48265334151038597,MNAR,brms,138
