missingprop_autocor,parameter,mean,sd,2.5%,50%,97.5%,missingness,type,run_no
y_noMiss,b_Intercept,1.1167855768694392,0.07012907395042321,0.9777976844052724,1.11584416724786,1.2555932135837222,MNAR,brms,139
y_noMiss,b_light,-0.5912585193583042,0.056387482956105246,-0.7032548383867495,-0.5908161539104491,-0.4810321413604521,MNAR,brms,139
y_noMiss,b_discharge,0.36924026822794964,0.05908645176805014,0.25279391194451406,0.3683498789814871,0.48372220454040044,MNAR,brms,139
y_noMiss,phi,0.15618337763752513,0.058675292705519626,0.04299517110099448,0.15573443395102127,0.2730779246861264,MNAR,brms,139
y_noMiss,sigma,1.0030423138611917,0.04230884118438013,0.9259608142179375,1.0010655953336718,1.0916555267053207,MNAR,brms,139
y_noMiss,Intercept,1.1257622823172746,0.07000527933701028,0.9879571570197978,1.1247187873748912,1.264573842132238,MNAR,brms,139
