missingprop_autocor,parameter,mean,sd,2.5%,50%,97.5%,missingness,type,run_no
y_noMiss,b_Intercept,-1.2154935764075663,0.14088010714270646,-1.4870545387211094,-1.2160101248358308,-0.9385057831412568,MNAR,brms,13
y_noMiss,b_light,0.12947217115706336,0.05274408171091587,0.026379781134108254,0.12947159078271075,0.23503396375012187,MNAR,brms,13
y_noMiss,b_discharge,0.6247808719960627,0.0493489422186337,0.5278882453038887,0.6242611880875009,0.7227772473400775,MNAR,brms,13
y_noMiss,phi,0.5784972319240405,0.0487443840984678,0.4823632216224905,0.578041048630646,0.6730182191030619,MNAR,brms,13
y_noMiss,sigma,1.0063540416894352,0.04179237954179728,0.9294660653929007,1.0054086372217352,1.0927353472305714,MNAR,brms,13
y_noMiss,Intercept,-1.2482903716364218,0.14084713645516567,-1.51986561669726,-1.2481617085307264,-0.9726838379364245,MNAR,brms,13
