missingprop_autocor,parameter,mean,sd,2.5%,50%,97.5%,missingness,type,run_no
y_noMiss,b_Intercept,-0.7805854324073469,0.10407256885685476,-0.9835970885794074,-0.7801815132361359,-0.5787343362536385,MNAR,brms,140
y_noMiss,b_light,-0.7485960796900742,0.05247124905190685,-0.8503659304507142,-0.7486944506594626,-0.6459498319163669,MNAR,brms,140
y_noMiss,b_discharge,2.5132148983826808,0.05443369464131587,2.4062659887157962,2.513133943351701,2.618811209099052,MNAR,brms,140
y_noMiss,phi,0.45583854472207863,0.05305363329137271,0.35223819410484336,0.4554628087810311,0.5585661187558943,MNAR,brms,140
y_noMiss,sigma,0.9629656395175978,0.040892245997719325,0.8859643145848035,0.9610816348237532,1.0459303848393435,MNAR,brms,140
y_noMiss,Intercept,-0.9343387973697879,0.1039927155930947,-1.1369998651455397,-0.9337349932688765,-0.7317966457590395,MNAR,brms,140
