missingprop_autocor,parameter,mean,sd,2.5%,50%,97.5%,missingness,type,run_no
y_noMiss,b_Intercept,-1.6920477965164675,0.19167761707194114,-2.0629488056753957,-1.6919305969370066,-1.3116716772826578,MNAR,brms,141
y_noMiss,b_light,0.3524777464189133,0.044857327246093114,0.2642138384902035,0.3528223624045984,0.4398454383084438,MNAR,brms,141
y_noMiss,b_discharge,-0.13502861065374508,0.04618818121314605,-0.22468167834032238,-0.13484651780283624,-0.04272230549789689,MNAR,brms,141
y_noMiss,phi,0.7019841668337482,0.043560999189668194,0.6153607898484688,0.7022869276824919,0.7856215311583242,MNAR,brms,141
y_noMiss,sigma,0.9638526642957507,0.03977670803421611,0.8893042684714627,0.962747925277706,1.046868867057202,MNAR,brms,141
y_noMiss,Intercept,-1.7413921790467959,0.1914982169879097,-2.110434735926947,-1.7419636180352416,-1.3611188633325055,MNAR,brms,141
