missingprop_autocor,parameter,mean,sd,2.5%,50%,97.5%,missingness,type,run_no
y_noMiss,b_Intercept,0.7276285733807232,0.08016714721695939,0.5683208029874084,0.7268627799187528,0.8821860041920048,MNAR,brms,142
y_noMiss,b_light,-0.5547606086015305,0.05650379743003399,-0.6649668652194826,-0.5545978535653748,-0.44506858595124216,MNAR,brms,142
y_noMiss,b_discharge,0.09007152686265935,0.055556260013869034,-0.01772927464008529,0.09042161891948003,0.19923888277112883,MNAR,brms,142
y_noMiss,phi,0.285882873623785,0.05693898061627954,0.17526724982276132,0.286041552112949,0.3970765034963771,MNAR,brms,142
y_noMiss,sigma,0.985654546041352,0.04177279182829005,0.9083120146888687,0.9842847129775893,1.0731327024034736,MNAR,brms,142
y_noMiss,Intercept,0.7586693806762849,0.08014084080366705,0.5986862792904425,0.7580508084560023,0.9138532566114315,MNAR,brms,142
