missingprop_autocor,parameter,mean,sd,2.5%,50%,97.5%,missingness,type,run_no
y_noMiss,b_Intercept,-0.44379787139412175,0.07341425337244417,-0.5850808878501534,-0.44396833288024856,-0.2985680878485466,MNAR,brms,143
y_noMiss,b_light,0.35915179822177834,0.06182059388508684,0.23822169658567613,0.3593868184612619,0.47947360233497954,MNAR,brms,143
y_noMiss,b_discharge,1.1434077021060265,0.060975242104433496,1.0249177615758165,1.1426548264665328,1.2644645170930158,MNAR,brms,143
y_noMiss,phi,0.15502854950293574,0.05752090723308759,0.04171380099613837,0.15548367077979,0.26876058271854014,MNAR,brms,143
y_noMiss,sigma,1.0579859022051528,0.043917036700122244,0.9763502732739732,1.0565550996657858,1.1473934037532771,MNAR,brms,143
y_noMiss,Intercept,-0.5023325259872558,0.07325247652659131,-0.6441127712591619,-0.5026723666913646,-0.3573982720324966,MNAR,brms,143
