missingprop_autocor,parameter,mean,sd,2.5%,50%,97.5%,missingness,type,run_no
y_noMiss,b_Intercept,0.9795874122247404,0.11581343913750367,0.7558961534497375,0.9783909720195846,1.205963734430046,MNAR,brms,144
y_noMiss,b_light,0.12704359714237487,0.05541691138789783,0.019643972502670404,0.12687142079390906,0.23762395419910118,MNAR,brms,144
y_noMiss,b_discharge,0.6737027975639716,0.053001810397080726,0.5686710143263605,0.674084296092204,0.7772583621424782,MNAR,brms,144
y_noMiss,phi,0.471695390927291,0.05361483456254595,0.3656901254847323,0.4711200837534255,0.5763342730876692,MNAR,brms,144
y_noMiss,sigma,1.0502481479269623,0.04435868037889623,0.9671906314570148,1.048211233760279,1.1420004082406578,MNAR,brms,144
y_noMiss,Intercept,0.9481349026485254,0.11569866680546056,0.7252007079838626,0.9470784816701063,1.1756825949902399,MNAR,brms,144
