missingprop_autocor,parameter,mean,sd,2.5%,50%,97.5%,missingness,type,run_no
y_noMiss,b_Intercept,0.8426061947201668,0.13989211884947708,0.5598709728074249,0.8456257197530412,1.1135865589919836,MNAR,brms,145
y_noMiss,b_light,1.57268486577098,0.05010902957114232,1.4774507720172385,1.5720949113355993,1.670788199159659,MNAR,brms,145
y_noMiss,b_discharge,-2.305465673044628,0.05318733271954729,-2.4107037883339872,-2.305522569571023,-2.200323590748504,MNAR,brms,145
y_noMiss,phi,0.5672436071148349,0.05091904207792321,0.4678207575449547,0.5673471403155885,0.6652140459825552,MNAR,brms,145
y_noMiss,sigma,0.9981739739698247,0.04182148588145368,0.9205831715289898,0.9969026292349046,1.0843333395001697,MNAR,brms,145
y_noMiss,Intercept,0.8031785877047243,0.13992339443880208,0.520073867641497,0.8065406611290392,1.0752383710853897,MNAR,brms,145
