missingprop_autocor,parameter,mean,sd,2.5%,50%,97.5%,missingness,type,run_no
y_noMiss,b_Intercept,0.34858614616808586,0.158424565701334,0.034493713350216504,0.34746683343286916,0.6603795111637266,MNAR,brms,146
y_noMiss,b_light,1.2085777912504734,0.0472085119907899,1.1182213219809132,1.2085140562558592,1.3011360103888858,MNAR,brms,146
y_noMiss,b_discharge,0.5812415536339838,0.049102321224261294,0.4848299856008765,0.5813308362105858,0.67831066825473,MNAR,brms,146
y_noMiss,phi,0.6486797866521635,0.04586211329354451,0.5585881598930506,0.6478373387809366,0.7411625843157269,MNAR,brms,146
y_noMiss,sigma,0.9354684664433394,0.03863694566565473,0.863174372863631,0.9347950668010934,1.0133084303121358,MNAR,brms,146
y_noMiss,Intercept,0.307791996424286,0.15842205918434113,-0.005347230519387356,0.30653480150454304,0.6187274168507273,MNAR,brms,146
