missingprop_autocor,parameter,mean,sd,2.5%,50%,97.5%,missingness,type,run_no
y_noMiss,b_Intercept,0.19776720717928917,0.07852014738465131,0.0416843276381913,0.19820340611026424,0.35285291913806993,MNAR,brms,147
y_noMiss,b_light,-0.8308222742919379,0.057801673738321666,-0.9446097870598146,-0.8309215774927179,-0.7173363300014363,MNAR,brms,147
y_noMiss,b_discharge,0.8275091136291324,0.0545537459855029,0.7199305243758511,0.8268688620583645,0.9333868842369983,MNAR,brms,147
y_noMiss,phi,0.23653981143208255,0.05790282400095813,0.1257315194131721,0.23565674998457548,0.35055893803824867,MNAR,brms,147
y_noMiss,sigma,1.0185468191202955,0.04223378958809735,0.9398684708201905,1.0168967115597511,1.1059692709361724,MNAR,brms,147
y_noMiss,Intercept,0.09847027947993543,0.07795364066794622,-0.05627023222575187,0.09904414434023046,0.25185930328911943,MNAR,brms,147
