missingprop_autocor,parameter,mean,sd,2.5%,50%,97.5%,missingness,type,run_no
y_noMiss,b_Intercept,-0.23373548285429183,0.09289621870081609,-0.4187927779365529,-0.2333887459918176,-0.05150563907091849,MNAR,brms,148
y_noMiss,b_light,1.4743174988664178,0.06216758668218698,1.3526912431830982,1.4748978411696303,1.5933542864378931,MNAR,brms,148
y_noMiss,b_discharge,-0.40849771329239587,0.05995391998289726,-0.5258406110839186,-0.40976592819742397,-0.29038964140081497,MNAR,brms,148
y_noMiss,phi,0.3251919366474328,0.057509706034277686,0.21347361147726576,0.32453517129503345,0.43911778314308164,MNAR,brms,148
y_noMiss,sigma,1.0520705248807996,0.0436460190565161,0.9708793146403089,1.0509166790910034,1.1410578372234659,MNAR,brms,148
y_noMiss,Intercept,-0.21314028022473333,0.09293513493172585,-0.3969310832380166,-0.21279267016519282,-0.029872463820090633,MNAR,brms,148
