missingprop_autocor,parameter,mean,sd,2.5%,50%,97.5%,missingness,type,run_no
y_noMiss,b_Intercept,1.8214871422078844,0.060947006757830026,1.6991616953883322,1.820889725701285,1.9408428584012443,MNAR,brms,149
y_noMiss,b_light,-0.18026213439040736,0.05832113662149704,-0.294943407320688,-0.1802956120414072,-0.06589038972954449,MNAR,brms,149
y_noMiss,b_discharge,-3.1571746699989194,0.058119552251831755,-3.270067642453327,-3.1578313027933342,-3.0433657089020554,MNAR,brms,149
y_noMiss,phi,0.05134122143113968,0.05917194451772689,-0.06673961032947541,0.05068964518178275,0.16795988927337938,MNAR,brms,149
y_noMiss,sigma,1.0084502019169443,0.04248998846094249,0.9285694353549016,1.007264090419902,1.0946422375715699,MNAR,brms,149
y_noMiss,Intercept,1.812125441449223,0.060971008299662524,1.6911487795618654,1.8118809443024455,1.93187143894915,MNAR,brms,149
