missingprop_autocor,parameter,mean,sd,2.5%,50%,97.5%,missingness,type,run_no
y_noMiss,b_Intercept,0.28094841418783056,0.11591485110152758,0.050294613345479536,0.280648305828443,0.5106923752441276,MNAR,brms,14
y_noMiss,b_light,-0.5609436730264484,0.05172152457680508,-0.6634831126790072,-0.5607596199000815,-0.4595342611769858,MNAR,brms,14
y_noMiss,b_discharge,-0.6651007342079526,0.05487123489580165,-0.7723857674992916,-0.6649925007855094,-0.5561514294378048,MNAR,brms,14
y_noMiss,phi,0.48888721613848735,0.053556190315653285,0.38269887413511783,0.48874686185373817,0.5973442744452194,MNAR,brms,14
y_noMiss,sigma,0.9974062818564804,0.04146831896111176,0.9200032272686368,0.9959244829575358,1.0843300606466635,MNAR,brms,14
y_noMiss,Intercept,0.358194288703982,0.11579859353560651,0.12893973038140222,0.3575675793845715,0.5879856152910001,MNAR,brms,14
