missingprop_autocor,parameter,mean,sd,2.5%,50%,97.5%,missingness,type,run_no
y_noMiss,b_Intercept,-2.7013974979148805,0.06684998456577677,-2.8322366542589266,-2.7013712827597716,-2.5716124150849238,MNAR,brms,150
y_noMiss,b_light,-0.7755536789399986,0.05816252269616517,-0.8899253859083123,-0.7755264022929311,-0.6621066568216768,MNAR,brms,150
y_noMiss,b_discharge,-0.22205839686680387,0.06524799867947272,-0.350957951962496,-0.22213149357871637,-0.09589564361247813,MNAR,brms,150
y_noMiss,phi,0.10492041231059225,0.05957868779557687,-0.008561394561091132,0.10456948816112853,0.22034866244857107,MNAR,brms,150
y_noMiss,sigma,0.9905403789655728,0.041691080631891385,0.9129636220364065,0.9894761296386243,1.0740917706575104,MNAR,brms,150
y_noMiss,Intercept,-2.6739630806938814,0.06685567411739383,-2.8041662225525283,-2.673905121583863,-2.543740895415172,MNAR,brms,150
