missingprop_autocor,parameter,mean,sd,2.5%,50%,97.5%,missingness,type,run_no
y_noMiss,b_Intercept,-0.993448391435523,0.11833685265409175,-1.226671896596589,-0.994377255691502,-0.7558079591700351,MNAR,brms,151
y_noMiss,b_light,0.47021333699647155,0.048025088940247304,0.37677304723971994,0.4700116481016162,0.5648419126151549,MNAR,brms,151
y_noMiss,b_discharge,1.1841768034785969,0.04824678570541709,1.0886309375050924,1.1839601581604333,1.281019257686326,MNAR,brms,151
y_noMiss,phi,0.5363138307924706,0.05064818048372249,0.4381127468379667,0.5356343275515905,0.6354258528512233,MNAR,brms,151
y_noMiss,sigma,0.9508251540832582,0.04027230586589176,0.8746309916011178,0.9494039732846749,1.0330090805413765,MNAR,brms,151
y_noMiss,Intercept,-1.0295261407110707,0.11835500728586595,-1.263477192990062,-1.0306422132929849,-0.791532766911843,MNAR,brms,151
