missingprop_autocor,parameter,mean,sd,2.5%,50%,97.5%,missingness,type,run_no
y_noMiss,b_Intercept,0.9873113733197779,0.2097665952253052,0.5745622968300338,0.9819376025339485,1.4005731287810588,MNAR,brms,152
y_noMiss,b_light,0.5757255868091686,0.04607220569684567,0.4857859451920077,0.5759443991556781,0.6652910513255595,MNAR,brms,152
y_noMiss,b_discharge,-0.13646094917319443,0.04719660176367368,-0.2307836907854159,-0.1360446094335172,-0.04565263055172107,MNAR,brms,152
y_noMiss,phi,0.716855618979875,0.04170382798076909,0.6342503602926879,0.7170096959782293,0.7974813263844079,MNAR,brms,152
y_noMiss,sigma,1.0121415075994733,0.04309476181303666,0.9324285558473372,1.0105540537062425,1.1000889711565307,MNAR,brms,152
y_noMiss,Intercept,0.9638127922253347,0.20981084775942377,0.5494746227073091,0.9585808672594214,1.3749844013356773,MNAR,brms,152
