missingprop_autocor,parameter,mean,sd,2.5%,50%,97.5%,missingness,type,run_no
y_noMiss,b_Intercept,-1.3642436150542123,0.08457649929040092,-1.5277376369154965,-1.364196276015877,-1.1980580405935737,MNAR,brms,153
y_noMiss,b_light,-0.6137152037901752,0.056602485744883954,-0.7235262797155342,-0.6140654510658361,-0.5018275100595206,MNAR,brms,153
y_noMiss,b_discharge,-0.447528795308347,0.052920871149048046,-0.5522066963994549,-0.4470657362863458,-0.34317191173049527,MNAR,brms,153
y_noMiss,phi,0.26922549670550494,0.057320456957566254,0.15560039715843663,0.26994215776902386,0.382894723464952,MNAR,brms,153
y_noMiss,sigma,1.030422130402013,0.04416369308537186,0.9490462658716723,1.028316989763616,1.1228783593659513,MNAR,brms,153
y_noMiss,Intercept,-1.3069443929689728,0.08449628357520951,-1.4706997738114833,-1.3067513507889301,-1.140514434264094,MNAR,brms,153
