missingprop_autocor,parameter,mean,sd,2.5%,50%,97.5%,missingness,type,run_no
y_noMiss,b_Intercept,-0.4464694038664699,0.2714613501845019,-0.995269310174914,-0.44013228959452333,0.08704768021220104,MNAR,brms,154
y_noMiss,b_light,-0.7233120875649541,0.05296502494801649,-0.8298543736685104,-0.7229192363166487,-0.622242586607759,MNAR,brms,154
y_noMiss,b_discharge,-0.5047459559726617,0.04782647042182262,-0.597298547920863,-0.5052419140042,-0.41122042074662285,MNAR,brms,154
y_noMiss,phi,0.7761793597784711,0.03834911493608023,0.7019633459813679,0.7757083240976517,0.8536744285952368,MNAR,brms,154
y_noMiss,sigma,1.0365607176772842,0.04331917327784989,0.9554565868967487,1.0354559386290862,1.1261897429431798,MNAR,brms,154
y_noMiss,Intercept,-0.4529967060769082,0.2714867597735102,-1.0005611903189762,-0.44768527377595696,0.07710945176755418,MNAR,brms,154
