missingprop_autocor,parameter,mean,sd,2.5%,50%,97.5%,missingness,type,run_no
y_noMiss,b_Intercept,0.06518852553669953,0.16024796494415106,-0.2532582754572219,0.062411990157499875,0.3908262146776785,MNAR,brms,155
y_noMiss,b_light,-0.05030905527814758,0.04789077249457903,-0.14519255542455048,-0.04975686087232936,0.043217202783466364,MNAR,brms,155
y_noMiss,b_discharge,-0.5977048739347456,0.04590868472407798,-0.6868143931129711,-0.5979906285303835,-0.5073722070801819,MNAR,brms,155
y_noMiss,phi,0.6426975868058667,0.04586026001087376,0.5516049006452042,0.6431547853335294,0.7319156693005805,MNAR,brms,155
y_noMiss,sigma,0.9678339734609104,0.04069920493415352,0.8921522100400833,0.9659887389649096,1.050298868935041,MNAR,brms,155
y_noMiss,Intercept,0.059349708508209684,0.16018051229422697,-0.26079082240559787,0.05655921286739812,0.3863912064190089,MNAR,brms,155
