missingprop_autocor,parameter,mean,sd,2.5%,50%,97.5%,missingness,type,run_no
y_noMiss,b_Intercept,-0.04022300058040528,0.06810609339940481,-0.17516342208833935,-0.03952331889963765,0.09271252047179937,MNAR,brms,156
y_noMiss,b_light,-0.6296524382266956,0.058902904651685996,-0.74614434247104,-0.6304506725927652,-0.5163162494789165,MNAR,brms,156
y_noMiss,b_discharge,-0.15730065802157792,0.059764614425857024,-0.27322898409008634,-0.15753583594127152,-0.04137141840033014,MNAR,brms,156
y_noMiss,phi,0.14764333116085274,0.059135639427815995,0.028953850898430143,0.14796048560047342,0.2645895646611318,MNAR,brms,156
y_noMiss,sigma,0.9702680770572698,0.04054969551547296,0.896015576930526,0.9690666497254711,1.051642694480864,MNAR,brms,156
y_noMiss,Intercept,-0.047197924294268806,0.06808406338499605,-0.18154349991826202,-0.046545724822040446,0.08640936362237868,MNAR,brms,156
