missingprop_autocor,parameter,mean,sd,2.5%,50%,97.5%,missingness,type,run_no
y_noMiss,b_Intercept,-1.0966675636209042,0.23443808630152924,-1.5615879454661088,-1.0942712805332557,-0.6464601222115051,MNAR,brms,157
y_noMiss,b_light,-3.0829166750795403,0.04510330333470104,-3.1705257176752037,-3.0828695134531117,-2.9962030789758676,MNAR,brms,157
y_noMiss,b_discharge,0.4410806018398887,0.047800596081678776,0.34595805202273655,0.44115398760633384,0.5352031105728531,MNAR,brms,157
y_noMiss,phi,0.7595131918686778,0.03882285144154161,0.6837293081934758,0.7594441640828257,0.83651879573938,MNAR,brms,157
y_noMiss,sigma,0.9590865887115924,0.04074174074073356,0.8815259185584005,0.9581122517100413,1.0419530710141838,MNAR,brms,157
y_noMiss,Intercept,-1.045746293394993,0.2344022534732185,-1.5077999065285623,-1.0432223468345727,-0.5964023605525867,MNAR,brms,157
