missingprop_autocor,parameter,mean,sd,2.5%,50%,97.5%,missingness,type,run_no
y_noMiss,b_Intercept,0.6919973858085915,0.07672226888609257,0.5417249259949608,0.6909971345641011,0.8423825774943242,MNAR,brms,158
y_noMiss,b_light,1.2245899660327275,0.05605478470009559,1.1144861082983046,1.225030291859676,1.3364356117101688,MNAR,brms,158
y_noMiss,b_discharge,-0.6044263833226731,0.06827672515159706,-0.7395734180090842,-0.604272235782984,-0.468852230343785,MNAR,brms,158
y_noMiss,phi,0.21313287361696429,0.05802552424984431,0.09827618634239273,0.2134336736817297,0.32780410542687505,MNAR,brms,158
y_noMiss,sigma,1.041266250541329,0.043949122737180504,0.9599089654837502,1.039163177875025,1.1329870007532277,MNAR,brms,158
y_noMiss,Intercept,0.8302377338034421,0.07641941509942925,0.6792681966122599,0.8298227646398701,0.9801999763621932,MNAR,brms,158
