missingprop_autocor,parameter,mean,sd,2.5%,50%,97.5%,missingness,type,run_no
y_noMiss,b_Intercept,0.8074037043309256,0.26932254263918914,0.2601217240942979,0.8123642307241641,1.3272589084292084,MNAR,brms,159
y_noMiss,b_light,0.5212046439411773,0.04543869760023924,0.4328857568902644,0.5205272492407896,0.6096763617251699,MNAR,brms,159
y_noMiss,b_discharge,-0.6706211349851949,0.0489637738532569,-0.7678010832598094,-0.6704932601771215,-0.5743227874307631,MNAR,brms,159
y_noMiss,phi,0.7697468443119421,0.038595778717333835,0.6948605271690628,0.7697682459296282,0.8467231456334535,MNAR,brms,159
y_noMiss,sigma,1.0400104817712803,0.0434743108509783,0.9568578873719124,1.0390943812568558,1.1278441749701509,MNAR,brms,159
y_noMiss,Intercept,0.8422535173536112,0.2693113825590521,0.29430258181650876,0.8465078425146679,1.361356310953077,MNAR,brms,159
