missingprop_autocor,parameter,mean,sd,2.5%,50%,97.5%,missingness,type,run_no
y_noMiss,b_Intercept,-1.9807538419963384,0.08732100520461128,-2.1527490440958417,-1.9795236080461258,-1.8080138251025777,MNAR,brms,15
y_noMiss,b_light,-0.6329025686786093,0.05866087780269157,-0.7463253124247118,-0.6337612137793267,-0.5180715464300089,MNAR,brms,15
y_noMiss,b_discharge,-0.8029550711708048,0.057350414720276986,-0.9160709419801807,-0.8034304247066733,-0.6897284013406872,MNAR,brms,15
y_noMiss,phi,0.29770710241280623,0.056824504328426936,0.18691741739079873,0.29710947706825264,0.40968787578910604,MNAR,brms,15
y_noMiss,sigma,1.0423555548026195,0.044125395258082366,0.9613875086024288,1.040902573677715,1.134535016379521,MNAR,brms,15
y_noMiss,Intercept,-1.994527906905312,0.08730840177986667,-2.166566728316923,-1.9932491591368766,-1.8218439224274805,MNAR,brms,15
