missingprop_autocor,parameter,mean,sd,2.5%,50%,97.5%,missingness,type,run_no
y_noMiss,b_Intercept,1.0001518106727993,0.13247722377259571,0.7385153332558844,1.000251852830422,1.2644272990434533,MNAR,brms,160
y_noMiss,b_light,-0.3684072619047371,0.055105480005288365,-0.47764522384258834,-0.36787032005917275,-0.26166782536867006,MNAR,brms,160
y_noMiss,b_discharge,0.8302744602947096,0.05009803959461413,0.7330190450700494,0.8299166802571398,0.9301528758448903,MNAR,brms,160
y_noMiss,phi,0.5346030236095762,0.051219339609566,0.4335046959273311,0.5341055653833024,0.6369378171571987,MNAR,brms,160
y_noMiss,sigma,1.0121001243923589,0.04279329621180345,0.9320562317692772,1.0107638338698792,1.0992929243966332,MNAR,brms,160
y_noMiss,Intercept,0.9848010335245118,0.13243456410663776,0.7235035060668781,0.9849501768258129,1.2486097723254566,MNAR,brms,160
