missingprop_autocor,parameter,mean,sd,2.5%,50%,97.5%,missingness,type,run_no
y_noMiss,b_Intercept,0.5595083846436322,0.10656387932361333,0.3527292803414249,0.557990293490755,0.7731563000009793,MNAR,brms,161
y_noMiss,b_light,0.023630673223435702,0.04851079320164718,-0.07112349273302289,0.0244631070164228,0.11674545116866064,MNAR,brms,161
y_noMiss,b_discharge,1.7796465867821434,0.0545453224006489,1.6735836255291183,1.7797183772681193,1.8871915292492838,MNAR,brms,161
y_noMiss,phi,0.44030257855699034,0.05384720758030929,0.3325048662282941,0.44022999444951516,0.5457574871921731,MNAR,brms,161
y_noMiss,sigma,1.0038641960016303,0.04153603150154876,0.9248621683246018,1.0029967145065148,1.0889516096312701,MNAR,brms,161
y_noMiss,Intercept,0.5197984228726894,0.10651546575632045,0.31354208945806145,0.5182902495455762,0.7321905435442517,MNAR,brms,161
