missingprop_autocor,parameter,mean,sd,2.5%,50%,97.5%,missingness,type,run_no
y_noMiss,b_Intercept,-0.28336016127403885,0.10533690966393992,-0.49028836681491,-0.28295612999885084,-0.07715987573524319,MNAR,brms,162
y_noMiss,b_light,1.188443816864561,0.06176183707425239,1.0665322004787152,1.1885780014111393,1.3112158167287438,MNAR,brms,162
y_noMiss,b_discharge,-2.3581171486771226,0.06165992969431993,-2.478916809349829,-2.3589041297912914,-2.2361938274566877,MNAR,brms,162
y_noMiss,phi,0.404108771031894,0.05553668172860362,0.29518216250796037,0.40413450937790696,0.5115516022013444,MNAR,brms,162
y_noMiss,sigma,1.0806411190462581,0.045257326052282915,0.9965347931415345,1.0794313776044393,1.1729711204727502,MNAR,brms,162
y_noMiss,Intercept,-0.3119289353899549,0.10533319416975497,-0.5182657452273632,-0.3113213102990963,-0.10631465574197606,MNAR,brms,162
