missingprop_autocor,parameter,mean,sd,2.5%,50%,97.5%,missingness,type,run_no
y_noMiss,b_Intercept,-0.9009249516940853,0.1194448089387793,-1.1353905669615107,-0.9020659699337927,-0.6647178035632264,MNAR,brms,163
y_noMiss,b_light,-1.2888053672269144,0.05358294352532301,-1.3943091230142723,-1.2885622032183732,-1.1832652621022275,MNAR,brms,163
y_noMiss,b_discharge,0.22085768660805943,0.05579230287887986,0.11193302561821553,0.22007520958407012,0.333431144390597,MNAR,brms,163
y_noMiss,phi,0.48881346653721786,0.05299680808358154,0.384764655559404,0.48894756806322137,0.5924552574866844,MNAR,brms,163
y_noMiss,sigma,1.0146560582464395,0.04226636499456396,0.9355334773598566,1.0129406688904115,1.1032386698732037,MNAR,brms,163
y_noMiss,Intercept,-0.7980062679013928,0.11926719323184723,-1.032830287828419,-0.7989162815679902,-0.5619637386450067,MNAR,brms,163
