missingprop_autocor,parameter,mean,sd,2.5%,50%,97.5%,missingness,type,run_no
y_noMiss,b_Intercept,0.9983401121034152,0.09867291778626107,0.8042428812219279,0.9990590427534831,1.190386817367276,MNAR,brms,164
y_noMiss,b_light,-1.0449001641204059,0.05264613958097753,-1.145858559283446,-1.0453413691882905,-0.9418640514209811,MNAR,brms,164
y_noMiss,b_discharge,-0.698984412335993,0.05578511080235792,-0.8094375099587097,-0.6993450130158049,-0.5900260715351353,MNAR,brms,164
y_noMiss,phi,0.39647644701577117,0.054771040965535395,0.2855987281397023,0.39563637330610635,0.5041209317121734,MNAR,brms,164
y_noMiss,sigma,1.0024906318329314,0.04192329304587936,0.9243589007329794,1.0010925203353942,1.08741457811223,MNAR,brms,164
y_noMiss,Intercept,0.9137260117173543,0.09852483065844925,0.7206964891950687,0.91420981262506,1.104664042629035,MNAR,brms,164
