missingprop_autocor,parameter,mean,sd,2.5%,50%,97.5%,missingness,type,run_no
y_noMiss,b_Intercept,0.8383855832406322,0.1001417347545598,0.6343793896074165,0.8396500085207734,1.037141258879169,MNAR,brms,165
y_noMiss,b_light,0.8713517736141402,0.05010664125815206,0.7734030605949844,0.8711431867026493,0.9693963669889303,MNAR,brms,165
y_noMiss,b_discharge,-0.6851381322816735,0.05176450368937229,-0.7869781674519114,-0.6848234640193598,-0.5803438807469905,MNAR,brms,165
y_noMiss,phi,0.4274393206460163,0.05498131149448831,0.3196194921658003,0.4277122791290505,0.5340514604401122,MNAR,brms,165
y_noMiss,sigma,0.9649530961968382,0.04074031612345824,0.8879394940742354,0.9637033859452636,1.0499278139818589,MNAR,brms,165
y_noMiss,Intercept,0.8582771380880202,0.10012071436481276,0.6543023776352969,0.8599674723728379,1.0559769319619001,MNAR,brms,165
