missingprop_autocor,parameter,mean,sd,2.5%,50%,97.5%,missingness,type,run_no
y_noMiss,b_Intercept,-0.5606425886825958,0.2629501934356598,-1.052848541578669,-0.5692091798496063,-0.010224319612713076,MNAR,brms,166
y_noMiss,b_light,-0.07521481825033458,0.046103558478776945,-0.16710280023866647,-0.07485156391812925,0.015013371001737729,MNAR,brms,166
y_noMiss,b_discharge,-0.33462616287421126,0.04697469169888917,-0.4261055952649865,-0.33399651210168346,-0.2438707690104799,MNAR,brms,166
y_noMiss,phi,0.7645699230001494,0.04052511299754562,0.6853112522203112,0.7642145246565585,0.8429815783376723,MNAR,brms,166
y_noMiss,sigma,1.017788215409639,0.0427822894949009,0.9386837036606027,1.0157884962882857,1.104855806231236,MNAR,brms,166
y_noMiss,Intercept,-0.5470845399602082,0.2629565930938562,-1.040517111833769,-0.555341460872494,0.005034373486143448,MNAR,brms,166
