missingprop_autocor,parameter,mean,sd,2.5%,50%,97.5%,missingness,type,run_no
y_noMiss,b_Intercept,-1.5765709845914624,0.07997102496106627,-1.734169728474766,-1.5773322873100177,-1.4173683296416728,MNAR,brms,167
y_noMiss,b_light,0.08635972290913554,0.0544394626974296,-0.018482832993074183,0.0862093250197673,0.19464801340537585,MNAR,brms,167
y_noMiss,b_discharge,2.0113685166591018,0.05992087396711993,1.8939250922282747,2.0122745030420663,2.1274696364974393,MNAR,brms,167
y_noMiss,phi,0.26658064453974545,0.05649715066511959,0.15507443511238214,0.2665986703702331,0.3787392668426936,MNAR,brms,167
y_noMiss,sigma,1.012662203473093,0.04271943706557567,0.9325294534616315,1.0108050229369279,1.1012429254484668,MNAR,brms,167
y_noMiss,Intercept,-1.598957294870272,0.07997857420861693,-1.7564419665582174,-1.5996596632756808,-1.439873738274804,MNAR,brms,167
