missingprop_autocor,parameter,mean,sd,2.5%,50%,97.5%,missingness,type,run_no
y_noMiss,b_Intercept,-1.6077339576537104,0.10772937012016683,-1.8206037647183655,-1.6071109151709893,-1.3916289334423222,MNAR,brms,168
y_noMiss,b_light,0.575244105077935,0.05959039559711285,0.4586139237084363,0.5756171914122679,0.6919943986930724,MNAR,brms,168
y_noMiss,b_discharge,-0.17358090817282315,0.060473934326418975,-0.29487830841813656,-0.1743137002848844,-0.05328727526652764,MNAR,brms,168
y_noMiss,phi,0.40041428836637183,0.05500106509065289,0.2924305151561944,0.3998293112990927,0.508231247123575,MNAR,brms,168
y_noMiss,sigma,1.0824360969583777,0.045149906156117296,0.9982426297221942,1.080969539136016,1.1749033398959483,MNAR,brms,168
y_noMiss,Intercept,-1.648067884370563,0.10771567734567188,-1.8609625192659365,-1.6474640150042572,-1.432481594424019,MNAR,brms,168
