missingprop_autocor,parameter,mean,sd,2.5%,50%,97.5%,missingness,type,run_no
y_noMiss,b_Intercept,0.22159005059421527,0.054146375755048944,0.11281855868965696,0.2226474524513865,0.32798937602620365,MNAR,brms,169
y_noMiss,b_light,0.94104267981097,0.05682752421045955,0.829515048740169,0.9408278750204894,1.0519556036159972,MNAR,brms,169
y_noMiss,b_discharge,-0.19962617349615935,0.05603597615223475,-0.3077838749735009,-0.19983688110026215,-0.09106464536176877,MNAR,brms,169
y_noMiss,phi,-0.028017438403457873,0.05950665444081121,-0.14575967572586968,-0.028096126761352046,0.08824351621529956,MNAR,brms,169
y_noMiss,sigma,0.9479046724878871,0.03979934724316237,0.8733427557845205,0.9467077676283971,1.0290635313705063,MNAR,brms,169
y_noMiss,Intercept,0.27722531473405065,0.05411185293843361,0.16852213831070564,0.2779498447005895,0.38313653073513343,MNAR,brms,169
