missingprop_autocor,parameter,mean,sd,2.5%,50%,97.5%,missingness,type,run_no
y_noMiss,b_Intercept,-0.1360539683890985,0.06751896439428362,-0.26999863673884483,-0.1367141479303435,-0.0022631882354288203,MNAR,brms,16
y_noMiss,b_light,0.37525814318440964,0.05479887292852032,0.2674405812899809,0.375651513559906,0.4798996690177458,MNAR,brms,16
y_noMiss,b_discharge,-1.4947626083627032,0.05284304409397349,-1.596651297374722,-1.4947650811418636,-1.3893516610348307,MNAR,brms,16
y_noMiss,phi,0.162135424632821,0.058684034998664834,0.04725607689115806,0.16176970516821249,0.2767780117368483,MNAR,brms,16
y_noMiss,sigma,0.9646426422409847,0.041328213788665795,0.8878983420752623,0.963300533158527,1.0508310984387246,MNAR,brms,16
y_noMiss,Intercept,-0.014209412296928592,0.06738009266665139,-0.14778594687690635,-0.0150954805750761,0.11813116813639628,MNAR,brms,16
