missingprop_autocor,parameter,mean,sd,2.5%,50%,97.5%,missingness,type,run_no
y_noMiss,b_Intercept,1.4499326850467091,0.09567681610549279,1.2622998122010227,1.450119080167355,1.6379614815705787,MNAR,brms,170
y_noMiss,b_light,1.5319827966554105,0.05635588179713211,1.4221774626081405,1.532406780792322,1.6433476391731827,MNAR,brms,170
y_noMiss,b_discharge,-0.5929305090433217,0.05911595018757091,-0.7084407702673003,-0.5936104313806914,-0.47514426962395223,MNAR,brms,170
y_noMiss,phi,0.3481469511791829,0.05513867312941511,0.2381248039190026,0.3482266182215944,0.45529461540696126,MNAR,brms,170
y_noMiss,sigma,1.042163506889889,0.043928855862399384,0.9596494808311139,1.0403436776344321,1.132266365054761,MNAR,brms,170
y_noMiss,Intercept,1.4156679010558366,0.09567179309493257,1.228333027079767,1.4157326516598114,1.6038464962249876,MNAR,brms,170
