missingprop_autocor,parameter,mean,sd,2.5%,50%,97.5%,missingness,type,run_no
y_noMiss,b_Intercept,0.1240721640384597,0.10428767377568303,-0.08399329488345555,0.12491977514350436,0.327377138278621,MNAR,brms,171
y_noMiss,b_light,-0.5070759054345728,0.0503963511071709,-0.6043033607250222,-0.5072425574759205,-0.40950113188596154,MNAR,brms,171
y_noMiss,b_discharge,1.4957700125426436,0.04927226867790403,1.3984308491626531,1.496576026149531,1.5909551391460595,MNAR,brms,171
y_noMiss,phi,0.4626368656245386,0.05261700806364481,0.35933026828012626,0.4626447387369074,0.5691608444135782,MNAR,brms,171
y_noMiss,sigma,0.9330098388522247,0.038440776250970865,0.8619744021217243,0.9312513261396322,1.0121474984805459,MNAR,brms,171
y_noMiss,Intercept,0.24771622110424774,0.10401737698417503,0.04047015389903069,0.2483202479422989,0.45101273844927725,MNAR,brms,171
