missingprop_autocor,parameter,mean,sd,2.5%,50%,97.5%,missingness,type,run_no
y_noMiss,b_Intercept,0.5842129644004853,0.15217025324305314,0.2942536693167752,0.5828191437088612,0.8890832204742715,MNAR,brms,172
y_noMiss,b_light,1.0635950254286803,0.04757860921751205,0.9716218354020731,1.0641888071333003,1.1566350119488649,MNAR,brms,172
y_noMiss,b_discharge,-1.6716597039449217,0.05280721813011378,-1.7749875410334655,-1.6715518778812126,-1.5694405728531606,MNAR,brms,172
y_noMiss,phi,0.612326852660091,0.047286235430031125,0.5199539402109398,0.612344623937447,0.7037345837576177,MNAR,brms,172
y_noMiss,sigma,0.9984931151876103,0.04138135758212188,0.9217492428906195,0.997689324737354,1.0818449067472526,MNAR,brms,172
y_noMiss,Intercept,0.7757167511985616,0.15198125643063307,0.4873602883704635,0.7744188352106255,1.079721567737639,MNAR,brms,172
