missingprop_autocor,parameter,mean,sd,2.5%,50%,97.5%,missingness,type,run_no
y_noMiss,b_Intercept,0.6760905082280317,0.08406731939935765,0.5108019238420844,0.6764178580470337,0.8445835588761905,MNAR,brms,173
y_noMiss,b_light,-0.39344533635088835,0.052546404781498295,-0.4963891249296839,-0.39363129757849,-0.29040582044205077,MNAR,brms,173
y_noMiss,b_discharge,0.22556615815510722,0.05257873287728678,0.12242917641042149,0.22598727950597336,0.32808545767786906,MNAR,brms,173
y_noMiss,phi,0.33051230812690513,0.05522886894031046,0.22249479916207093,0.3296711971140278,0.43756262770401183,MNAR,brms,173
y_noMiss,sigma,0.9533806426085788,0.03964479225700495,0.8803006242741095,0.9520833756192322,1.035337405288675,MNAR,brms,173
y_noMiss,Intercept,0.6626247282143997,0.08403514031902057,0.4979167660412481,0.6623836021669001,0.8308659222335281,MNAR,brms,173
