missingprop_autocor,parameter,mean,sd,2.5%,50%,97.5%,missingness,type,run_no
y_noMiss,b_Intercept,1.215986924554374,0.1278807046752614,0.9612468458688048,1.2161459781345163,1.4612991209418444,MNAR,brms,174
y_noMiss,b_light,2.1030749254123324,0.05179799681293901,2.0021926164748676,2.1030657004964017,2.203961612233075,MNAR,brms,174
y_noMiss,b_discharge,1.1695344768663782,0.05154326153506149,1.0676852913311037,1.1691660615900636,1.2701897498899484,MNAR,brms,174
y_noMiss,phi,0.525490500867859,0.05187042123589552,0.4247145928828498,0.5252110367780074,0.629846157374874,MNAR,brms,174
y_noMiss,sigma,1.018734910738297,0.04238156499103506,0.940416617888199,1.0168271173637895,1.1050634483275585,MNAR,brms,174
y_noMiss,Intercept,1.2015712193432968,0.1277973699345805,0.9465789821392822,1.2020367292088436,1.446136838632629,MNAR,brms,174
