missingprop_autocor,parameter,mean,sd,2.5%,50%,97.5%,missingness,type,run_no
y_noMiss,b_Intercept,1.4067298652226476,0.18155336665130528,1.0644956503005565,1.4027935841818884,1.776660875862708,MNAR,brms,176
y_noMiss,b_light,-0.16697655460509286,0.0483419618340835,-0.261929948268137,-0.16699755060812554,-0.07293250514470534,MNAR,brms,176
y_noMiss,b_discharge,0.6770106079480801,0.053324104631145404,0.574387310123631,0.6770599720756505,0.7813136348887867,MNAR,brms,176
y_noMiss,phi,0.6798123403787434,0.04373594028348295,0.5942473353223046,0.6796699516188334,0.7682229333119966,MNAR,brms,176
y_noMiss,sigma,0.9941775925512564,0.04128274124792851,0.9160558108486846,0.9926920741694163,1.078953055053284,MNAR,brms,176
y_noMiss,Intercept,1.3775696565672548,0.1816543323654878,1.0347698657933329,1.3733296006480233,1.7475601402181542,MNAR,brms,176
