missingprop_autocor,parameter,mean,sd,2.5%,50%,97.5%,missingness,type,run_no
y_noMiss,b_Intercept,1.731932186033899,0.07727210540806947,1.5825073653003467,1.731613434833415,1.8850663417309945,MNAR,brms,177
y_noMiss,b_light,-0.12031418006779719,0.05654381451583644,-0.23119158446105087,-0.12066467517494082,-0.007350909400105079,MNAR,brms,177
y_noMiss,b_discharge,-0.9108210816194107,0.057734284565929064,-1.0252782083774725,-0.9108943378985168,-0.7999651079632466,MNAR,brms,177
y_noMiss,phi,0.2279685399419814,0.05761835379176679,0.11438385654102533,0.2275747064923367,0.3397192515229193,MNAR,brms,177
y_noMiss,sigma,0.9920596772969351,0.04162368049405185,0.9131537544060204,0.9904689306494903,1.0755498090740994,MNAR,brms,177
y_noMiss,Intercept,1.7607239926904168,0.07723958013067464,1.6115187105277504,1.7598591623028728,1.9131316133378193,MNAR,brms,177
