missingprop_autocor,parameter,mean,sd,2.5%,50%,97.5%,missingness,type,run_no
y_noMiss,b_Intercept,-0.3966072822399419,0.072646835044943,-0.5418036109421476,-0.39539465923222894,-0.2562763572879322,MNAR,brms,178
y_noMiss,b_light,-1.7835231825234776,0.05868817278187863,-1.8974593412447074,-1.7836862348573037,-1.6673729074509005,MNAR,brms,178
y_noMiss,b_discharge,0.17619904447467205,0.05805414126192795,0.06273059602499936,0.17603342866649263,0.29055550213034753,MNAR,brms,178
y_noMiss,phi,0.19985003527457523,0.058323020927036395,0.08637896383759923,0.2000387736002041,0.31493003933939034,MNAR,brms,178
y_noMiss,sigma,0.9813127122270361,0.04102747895201233,0.9057420196367798,0.9796179559227945,1.0659896026576088,MNAR,brms,178
y_noMiss,Intercept,-0.39064468940546715,0.07260967092354802,-0.5362985897057686,-0.38940003190754163,-0.24993719610076134,MNAR,brms,178
