missingprop_autocor,parameter,mean,sd,2.5%,50%,97.5%,missingness,type,run_no
y_noMiss,b_Intercept,-2.4832756921996544,0.103977574582658,-2.688371735054929,-2.483161819971615,-2.2809766550220796,MNAR,brms,179
y_noMiss,b_light,-1.2868337200407094,0.051808330558399826,-1.3883500155689044,-1.2871121770882403,-1.1844720113490068,MNAR,brms,179
y_noMiss,b_discharge,0.26290392317045047,0.05035647798988603,0.1635971647201446,0.26328740075138624,0.36090633686001855,MNAR,brms,179
y_noMiss,phi,0.44734858431122837,0.05251848460964457,0.3454495260958082,0.447130171685433,0.5513773947231005,MNAR,brms,179
y_noMiss,sigma,0.9692530442133541,0.04090446693637585,0.893023750205498,0.9682296111367539,1.052166832381026,MNAR,brms,179
y_noMiss,Intercept,-2.406313543465704,0.10389278553614202,-2.6107747882575114,-2.4058732113858614,-2.2042587154815867,MNAR,brms,179
