missingprop_autocor,parameter,mean,sd,2.5%,50%,97.5%,missingness,type,run_no
y_noMiss,b_Intercept,0.3098890041119876,0.10823502553925624,0.09399553027080422,0.311283227670928,0.5176948554154998,MNAR,brms,17
y_noMiss,b_light,0.4434723377030265,0.057613573159519586,0.33152784141164365,0.4435863743827215,0.5553794278303174,MNAR,brms,17
y_noMiss,b_discharge,1.9531469064753393,0.05869274157429046,1.8399752121915858,1.9530642148175108,2.0679959069731666,MNAR,brms,17
y_noMiss,phi,0.41794359689558946,0.05519300086568229,0.30873686483803303,0.41793273767820993,0.525974798489821,MNAR,brms,17
y_noMiss,sigma,1.0693340073390256,0.045160004620726134,0.9844184533577169,1.0689719523263057,1.1620015505083492,MNAR,brms,17
y_noMiss,Intercept,0.2541454792060356,0.10808574804584224,0.03769541166900028,0.25562937333037683,0.460988913290862,MNAR,brms,17
