missingprop_autocor,parameter,mean,sd,2.5%,50%,97.5%,missingness,type,run_no
y_noMiss,b_Intercept,0.45102118201120195,0.11159908764967169,0.23464148754258,0.4506559068769429,0.6685862498196,MNAR,brms,180
y_noMiss,b_light,1.6195034727754483,0.05404541524670067,1.5122463478615833,1.619430681141722,1.7251902326510054,MNAR,brms,180
y_noMiss,b_discharge,-0.4682572672591088,0.052140773406837655,-0.5736520526009516,-0.46773894992185905,-0.36844190415964007,MNAR,brms,180
y_noMiss,phi,0.4566632664286975,0.052546243898583575,0.3539334987575866,0.4569640568685374,0.5571317201133564,MNAR,brms,180
y_noMiss,sigma,1.0082724440707957,0.04249672962172552,0.9299167830442485,1.006766999149763,1.0948270296272307,MNAR,brms,180
y_noMiss,Intercept,0.35438129946997965,0.11157145460890311,0.13860376071989813,0.353452921964472,0.574423366504854,MNAR,brms,180
