missingprop_autocor,parameter,mean,sd,2.5%,50%,97.5%,missingness,type,run_no
y_noMiss,b_Intercept,-0.9458121389069614,0.09197744645810184,-1.1255112589913205,-0.9451399440958825,-0.7638484977334578,MNAR,brms,181
y_noMiss,b_light,0.2636251688333445,0.05304431468844976,0.15931291385130136,0.26299682579528694,0.3672283091731076,MNAR,brms,181
y_noMiss,b_discharge,2.453275320889476,0.054912597146516286,2.3468030516631684,2.4544555403823147,2.5611826985015584,MNAR,brms,181
y_noMiss,phi,0.3773967969985471,0.05553558116456001,0.2671933692519261,0.37713084515749673,0.4844224808676999,MNAR,brms,181
y_noMiss,sigma,0.9741523013947472,0.04163057127040069,0.8957662540149227,0.9727665411753991,1.0606552896808787,MNAR,brms,181
y_noMiss,Intercept,-0.9514398295403651,0.09196994919226194,-1.1314354938795852,-0.9507433986028981,-0.769447645207467,MNAR,brms,181
