missingprop_autocor,parameter,mean,sd,2.5%,50%,97.5%,missingness,type,run_no
y_noMiss,b_Intercept,-0.6834909353237129,0.13504303737013412,-0.94514972428918,-0.6851833520397532,-0.4131784468121154,MNAR,brms,182
y_noMiss,b_light,1.2768349174527336,0.05158384650160168,1.1761182838133677,1.2766682640623717,1.3779540843332643,MNAR,brms,182
y_noMiss,b_discharge,1.5006028102908422,0.047643009073086974,1.405360561079725,1.5004900728465307,1.5945055078084862,MNAR,brms,182
y_noMiss,phi,0.5671833418591182,0.04898920317378732,0.46983079101230174,0.5667568272461877,0.6640240739967959,MNAR,brms,182
y_noMiss,sigma,0.9890847357985958,0.04199093028603114,0.9116619904780338,0.9875816114179282,1.0736413372952762,MNAR,brms,182
y_noMiss,Intercept,-0.6017978032291688,0.13498875032746738,-0.8629964789985399,-0.6031813082066821,-0.33115689639933804,MNAR,brms,182
