missingprop_autocor,parameter,mean,sd,2.5%,50%,97.5%,missingness,type,run_no
y_noMiss,b_Intercept,-0.4148859813828724,0.15144573059131988,-0.7096234476033546,-0.4157110628936062,-0.11387819115554804,MNAR,brms,183
y_noMiss,b_light,-1.6475493314682301,0.051098255029716023,-1.7465074347980698,-1.648165669499897,-1.5476817877038238,MNAR,brms,183
y_noMiss,b_discharge,0.37151515992473333,0.04610556772241131,0.28086140721263503,0.37172937048027166,0.46097591725851617,MNAR,brms,183
y_noMiss,phi,0.6246544419359382,0.04530689641040287,0.535569468729137,0.6241515911908815,0.7145806870892181,MNAR,brms,183
y_noMiss,sigma,0.9664507775005632,0.04061871251033957,0.8914354578277616,0.965031816365276,1.0495853152225583,MNAR,brms,183
y_noMiss,Intercept,-0.3115405249249672,0.15142077150391392,-0.6069828016458386,-0.31247245869958895,-0.011443298301701715,MNAR,brms,183
