missingprop_autocor,parameter,mean,sd,2.5%,50%,97.5%,missingness,type,run_no
y_noMiss,b_Intercept,0.6604414473626823,0.08691028324960501,0.49036378080842774,0.6589882013455128,0.8348366492512848,MNAR,brms,184
y_noMiss,b_light,-0.5799149275772969,0.05350372590081599,-0.6836548843340969,-0.5802283259553316,-0.4743254477558048,MNAR,brms,184
y_noMiss,b_discharge,0.5313580146402341,0.049372973997693075,0.43398918610783577,0.530878024185093,0.628068832640247,MNAR,brms,184
y_noMiss,phi,0.35157189133893657,0.05689253652214395,0.2383866565093047,0.3517277995917638,0.4633619621326515,MNAR,brms,184
y_noMiss,sigma,0.9353256794981791,0.03896789539531759,0.8636805426718113,0.9341517163011882,1.0155655305865487,MNAR,brms,184
y_noMiss,Intercept,0.7254036094837835,0.08669426858679077,0.5553091873740829,0.7239005623719025,0.8976243795335078,MNAR,brms,184
