missingprop_autocor,parameter,mean,sd,2.5%,50%,97.5%,missingness,type,run_no
y_noMiss,b_Intercept,-0.8515099537871312,0.057235549246747695,-0.965232000999767,-0.8515136901972078,-0.7380629854259853,MNAR,brms,185
y_noMiss,b_light,-0.3088053090308358,0.06324338192145522,-0.43491055100157616,-0.30863016417111777,-0.18098467555525483,MNAR,brms,185
y_noMiss,b_discharge,0.6726029157140656,0.0650791174343368,0.5471762946714236,0.6726953964589695,0.8020069958921595,MNAR,brms,185
y_noMiss,phi,-0.07562608973390403,0.05970376002217798,-0.1942746110660691,-0.07589414392160378,0.04009374547152,MNAR,brms,185
y_noMiss,sigma,1.0494013497551693,0.044042683110357875,0.9673839539400471,1.0479094683945562,1.1388359113960935,MNAR,brms,185
y_noMiss,Intercept,-0.8612296123238034,0.05703506312098885,-0.9740133536884672,-0.8606959469866042,-0.7495290018304731,MNAR,brms,185
