missingprop_autocor,parameter,mean,sd,2.5%,50%,97.5%,missingness,type,run_no
y_noMiss,b_Intercept,-0.6330953184461164,0.10565032140653347,-0.8433177193150951,-0.6327325240353715,-0.4279407859780063,MNAR,brms,186
y_noMiss,b_light,-0.24617794710538687,0.05458517477536602,-0.35406749537933135,-0.24641033147584934,-0.14027743774988705,MNAR,brms,186
y_noMiss,b_discharge,-0.438443752173774,0.05678707831145585,-0.5503704724039065,-0.43880267716383614,-0.3279203515630342,MNAR,brms,186
y_noMiss,phi,0.417800975467396,0.05427566347660915,0.31198660672158557,0.41777156462961784,0.523483450176287,MNAR,brms,186
y_noMiss,sigma,1.0223052228150946,0.04343187404209164,0.9408601030665898,1.0202752211957802,1.1128495608399993,MNAR,brms,186
y_noMiss,Intercept,-0.6509686866891823,0.10560302381389643,-0.860697684046749,-0.6502085806739103,-0.4454650322946841,MNAR,brms,186
