missingprop_autocor,parameter,mean,sd,2.5%,50%,97.5%,missingness,type,run_no
y_noMiss,b_Intercept,0.3876565099325109,0.3108873055477559,-0.24613174442168534,0.3939655651070303,0.999604360978932,MNAR,brms,187
y_noMiss,b_light,0.2862599658038402,0.04270669740941154,0.20301467469738058,0.2860539349216326,0.36966510982652684,MNAR,brms,187
y_noMiss,b_discharge,-0.21122252728432295,0.041764068845553726,-0.2935309492652035,-0.21078435543838508,-0.1304767110187381,MNAR,brms,187
y_noMiss,phi,0.829550038557297,0.033548903302662365,0.7649135970170762,0.8293942460574637,0.8955190741169223,MNAR,brms,187
y_noMiss,sigma,0.9211403412751136,0.0388732766277625,0.8490179087888113,0.9195616983381849,1.0013765034829345,MNAR,brms,187
y_noMiss,Intercept,0.379545071965282,0.3109038455368084,-0.2514597311260197,0.38581395002349894,0.9914034874723475,MNAR,brms,187
