missingprop_autocor,parameter,mean,sd,2.5%,50%,97.5%,missingness,type,run_no
y_noMiss,b_Intercept,0.25461542630990275,0.11329978074451993,0.03143701897052467,0.2551957870194267,0.47797431804289997,MNAR,brms,189
y_noMiss,b_light,-0.5770273547276885,0.05343850158148815,-0.6816808611633842,-0.5770656652197047,-0.47109855647394566,MNAR,brms,189
y_noMiss,b_discharge,-0.7611091603054444,0.05902214337259427,-0.8766838286819034,-0.7615414560564124,-0.6457626622465292,MNAR,brms,189
y_noMiss,phi,0.44761826441664887,0.05368855959576308,0.34369946761862386,0.4466038774771427,0.5537216798004553,MNAR,brms,189
y_noMiss,sigma,1.0414497013899706,0.04384571346307485,0.9603598204971052,1.039727544253752,1.132254273680704,MNAR,brms,189
y_noMiss,Intercept,0.29135354395989566,0.11319086454715681,0.06793960393879106,0.2915678960866286,0.5146962278354622,MNAR,brms,189
