missingprop_autocor,parameter,mean,sd,2.5%,50%,97.5%,missingness,type,run_no
y_noMiss,b_Intercept,0.012391719845875988,0.15519454797262847,-0.28972173808140655,0.011649644936980771,0.3170711923112225,MNAR,brms,18
y_noMiss,b_light,0.5734637198428416,0.05682543701622085,0.46317316722533897,0.5731427140598326,0.6856337970349498,MNAR,brms,18
y_noMiss,b_discharge,-0.17982477381319434,0.04931243375846135,-0.2753851905529625,-0.18014939415478243,-0.08365664092049692,MNAR,brms,18
y_noMiss,phi,0.6068379929124617,0.047378967626879084,0.515153025703768,0.6064209330497852,0.7001304568591866,MNAR,brms,18
y_noMiss,sigma,1.041245449099832,0.04376967495119295,0.961862879819241,1.0394066514407432,1.1326756575397225,MNAR,brms,18
y_noMiss,Intercept,0.06484085138689799,0.15512820744675115,-0.23656624582454253,0.06422693785175482,0.36856767844122446,MNAR,brms,18
