missingprop_autocor,parameter,mean,sd,2.5%,50%,97.5%,missingness,type,run_no
y_noMiss,b_Intercept,0.862079481492542,0.08336160228812636,0.6968946409574927,0.8625530923435627,1.0269492669032523,MNAR,brms,190
y_noMiss,b_light,-1.7149910054983915,0.06014573645822936,-1.8314990213313673,-1.7158496424508145,-1.5944937612238372,MNAR,brms,190
y_noMiss,b_discharge,-0.48762046038385903,0.05790996599721376,-0.6003818738664539,-0.4868787810169107,-0.37554174002894986,MNAR,brms,190
y_noMiss,phi,0.26885916156465206,0.05799650465434802,0.15617709593178103,0.2683109870995581,0.38193877494230283,MNAR,brms,190
y_noMiss,sigma,1.0251512767589754,0.04295865524835919,0.9463323582213288,1.024027068743208,1.1128209428756584,MNAR,brms,190
y_noMiss,Intercept,0.9389367247132516,0.0832728543647463,0.773534587087644,0.9395314215155486,1.1026890425252662,MNAR,brms,190
