missingprop_autocor,parameter,mean,sd,2.5%,50%,97.5%,missingness,type,run_no
y_noMiss,b_Intercept,0.20176123304311086,0.07365096390685943,0.057193417219728086,0.2009501899500874,0.3469432122693612,MNAR,brms,191
y_noMiss,b_light,1.7833917749907426,0.06359633138187709,1.657623932085402,1.7828886744015056,1.9082950075251275,MNAR,brms,191
y_noMiss,b_discharge,0.09229149927726009,0.05987701151891248,-0.024072141463064394,0.09297499215634024,0.21137840482686088,MNAR,brms,191
y_noMiss,phi,0.18786264540408062,0.05787477798645237,0.07631915279576101,0.18776171710642245,0.30260245740810543,MNAR,brms,191
y_noMiss,sigma,1.0062692645670472,0.04209314782739435,0.9286960356021394,1.0046644197695347,1.0928417007246733,MNAR,brms,191
y_noMiss,Intercept,0.13781619060163353,0.07292364530787825,-0.005293504419362815,0.13721593057763842,0.2808464065124961,MNAR,brms,191
