missingprop_autocor,parameter,mean,sd,2.5%,50%,97.5%,missingness,type,run_no
y_noMiss,b_Intercept,0.5284318887090713,0.07817866447464983,0.37581762687295983,0.5289831485516387,0.681956944236346,MNAR,brms,192
y_noMiss,b_light,0.8073483302807698,0.056780928374492126,0.6978605151498438,0.807009233803914,0.9205747026755866,MNAR,brms,192
y_noMiss,b_discharge,1.4023942661656164,0.054094084254162476,1.297352451959402,1.4027354155585718,1.5085085722629121,MNAR,brms,192
y_noMiss,phi,0.2472535430625255,0.05685347081480698,0.13496866795316181,0.24735494929805418,0.3581937200364103,MNAR,brms,192
y_noMiss,sigma,0.9898479790856969,0.041443137897171786,0.9132843648285661,0.9884412092083177,1.0735325174093615,MNAR,brms,192
y_noMiss,Intercept,0.6168210886558646,0.0779108472796221,0.4640561747890104,0.6170828705389513,0.77014307287415,MNAR,brms,192
