missingprop_autocor,parameter,mean,sd,2.5%,50%,97.5%,missingness,type,run_no
y_noMiss,b_Intercept,-2.0274449467568054,0.1507982475664871,-2.322534989645388,-2.0271187218853735,-1.726288391896937,MNAR,brms,193
y_noMiss,b_light,-0.5177589186320812,0.049797479880116874,-0.6172616940984115,-0.5164802527691716,-0.4203443809196211,MNAR,brms,193
y_noMiss,b_discharge,0.5970408240111101,0.045552605741376526,0.5085878363412222,0.596854427304724,0.685857406950697,MNAR,brms,193
y_noMiss,phi,0.6342531473613542,0.046679278703645084,0.5428061050286759,0.6347044271718683,0.7252675921880772,MNAR,brms,193
y_noMiss,sigma,0.9168982499536898,0.03830469737042205,0.8460473633921844,0.915655921671053,0.9949361704986813,MNAR,brms,193
y_noMiss,Intercept,-2.0084154493367983,0.1507958642253055,-2.3034739083660134,-2.0079574788186414,-1.7069174735122674,MNAR,brms,193
