missingprop_autocor,parameter,mean,sd,2.5%,50%,97.5%,missingness,type,run_no
y_noMiss,b_Intercept,0.4673777639791464,0.18417264626392893,0.10148510692761752,0.4675728032236363,0.8271560495957948,MNAR,brms,194
y_noMiss,b_light,-0.23258350766339678,0.045754504701361984,-0.3239128330635197,-0.23304068025136435,-0.14180582334785227,MNAR,brms,194
y_noMiss,b_discharge,-1.348243568066292,0.04764015831812843,-1.4400602226674266,-1.3474903060393575,-1.255725065211968,MNAR,brms,194
y_noMiss,phi,0.6877560890002625,0.04301470282886811,0.6030752541940365,0.6880282045767885,0.7733395031731416,MNAR,brms,194
y_noMiss,sigma,0.9580636369288468,0.03991008724701371,0.8820465934855815,0.9567020369453705,1.0416426058382207,MNAR,brms,194
y_noMiss,Intercept,0.4628771527073763,0.18423505074649238,0.0940373813730456,0.46375015836000316,0.8221301809692403,MNAR,brms,194
