missingprop_autocor,parameter,mean,sd,2.5%,50%,97.5%,missingness,type,run_no
y_noMiss,b_Intercept,-0.2599827705634911,0.10889163477608207,-0.4708304343446279,-0.2592563266387405,-0.043106122357917005,MNAR,brms,195
y_noMiss,b_light,-0.4116216868203296,0.052680949901609216,-0.5143647139392382,-0.41232639489223355,-0.30692620282127975,MNAR,brms,195
y_noMiss,b_discharge,-0.025281482011109625,0.05292359105784566,-0.12766868143946788,-0.025506061310925317,0.07887184538471285,MNAR,brms,195
y_noMiss,phi,0.45642687681116717,0.05312769893033137,0.3493419168415331,0.4564653461502933,0.5588816484281462,MNAR,brms,195
y_noMiss,sigma,0.9952391525132268,0.04183108026217346,0.9176356114426489,0.993286276960731,1.0829478459525896,MNAR,brms,195
y_noMiss,Intercept,-0.265926412064997,0.10887052729861751,-0.47730497555525475,-0.2647604729822593,-0.049553514594326005,MNAR,brms,195
