missingprop_autocor,parameter,mean,sd,2.5%,50%,97.5%,missingness,type,run_no
y_noMiss,b_Intercept,1.4650209815656128,0.18656536812602767,1.0982769973836901,1.4634437994702467,1.8362011017729054,MNAR,brms,196
y_noMiss,b_light,-1.245947704430291,0.05130973532235602,-1.3448404891462116,-1.2469557282236394,-1.1449678341850427,MNAR,brms,196
y_noMiss,b_discharge,-0.5486346565365492,0.049707462166726904,-0.6440210553603373,-0.54907715819082,-0.45091745297805463,MNAR,brms,196
y_noMiss,phi,0.6717985461288747,0.044741554734825315,0.5849376922036358,0.6709755612058013,0.7615627867329795,MNAR,brms,196
y_noMiss,sigma,1.0234816717116104,0.04253658010587146,0.9442883689239162,1.0221710196916283,1.1100929370339887,MNAR,brms,196
y_noMiss,Intercept,1.4634470137434674,0.18651651482167036,1.0958880329398692,1.461464932011935,1.833548438370811,MNAR,brms,196
