missingprop_autocor,parameter,mean,sd,2.5%,50%,97.5%,missingness,type,run_no
y_noMiss,b_Intercept,-0.7557467706926243,0.11969787277695235,-0.98973563159724,-0.7548448631857054,-0.52103535959827,MNAR,brms,197
y_noMiss,b_light,-1.2295889084745102,0.05708947724661198,-1.340221495462326,-1.2309849147192793,-1.1161522089781293,MNAR,brms,197
y_noMiss,b_discharge,0.4188094353884531,0.05020919495007723,0.32024930284985814,0.418478143486214,0.5166159515389704,MNAR,brms,197
y_noMiss,phi,0.5045609386247467,0.05141666501209412,0.4026439214641968,0.5041950874847778,0.6092445963923292,MNAR,brms,197
y_noMiss,sigma,1.013784631097282,0.04218536282135414,0.9359265611232995,1.012251602214821,1.1026903596989062,MNAR,brms,197
y_noMiss,Intercept,-0.7877135509551395,0.11968913375958301,-1.0222531349249304,-0.7871629588938523,-0.5526820870860042,MNAR,brms,197
