missingprop_autocor,parameter,mean,sd,2.5%,50%,97.5%,missingness,type,run_no
y_noMiss,b_Intercept,-0.35394397299293656,0.08055868462325834,-0.512982140825965,-0.3543857921420417,-0.19364574628072623,MNAR,brms,198
y_noMiss,b_light,0.18229941864515953,0.055882547379842495,0.07455554917808467,0.18180096278147745,0.29208617072112253,MNAR,brms,198
y_noMiss,b_discharge,-0.3308000791138431,0.056100440594459094,-0.4431491217008185,-0.33019840242684395,-0.2218641017248426,MNAR,brms,198
y_noMiss,phi,0.3014721476301776,0.0558980768250523,0.19058063809309417,0.30123429645062993,0.41142014674896016,MNAR,brms,198
y_noMiss,sigma,0.9656469547635247,0.040371738284429075,0.8916192531891373,0.9634458972576317,1.0493044716542117,MNAR,brms,198
y_noMiss,Intercept,-0.34322064773848554,0.08051964872563976,-0.5013269647017758,-0.3433806101483199,-0.18268544095799613,MNAR,brms,198
