missingprop_autocor,parameter,mean,sd,2.5%,50%,97.5%,missingness,type,run_no
y_noMiss,b_Intercept,0.3451356706441825,0.06377617537736266,0.21699482258453612,0.3448597632087958,0.47120021835302384,MNAR,brms,199
y_noMiss,b_light,-0.6649172874552933,0.051992758885827016,-0.7665477219034947,-0.665066207244158,-0.5630093245466316,MNAR,brms,199
y_noMiss,b_discharge,-1.097439164386613,0.04775114147871111,-1.191523921513155,-1.0975507830841913,-1.0040881266478365,MNAR,brms,199
y_noMiss,phi,0.20450385829314272,0.059575698174889294,0.0885620701341521,0.20441808976345033,0.31896255515840494,MNAR,brms,199
y_noMiss,sigma,0.8846190813814254,0.036774172251403094,0.8160684816771617,0.883472745214715,0.961756457345994,MNAR,brms,199
y_noMiss,Intercept,0.258950552791744,0.06377102567621828,0.13048216064782206,0.2583476600813398,0.3851312358315484,MNAR,brms,199
