missingprop_autocor,parameter,mean,sd,2.5%,50%,97.5%,missingness,type,run_no
y_noMiss,b_Intercept,-0.4721249641437801,0.09411413209212414,-0.6571207017689245,-0.47172780610604836,-0.28457103182088933,MNAR,brms,19
y_noMiss,b_light,-0.005901595971072411,0.047758232317955285,-0.09748069291492788,-0.005585321502473093,0.08894327233020921,MNAR,brms,19
y_noMiss,b_discharge,0.4402101012724155,0.047894442092747645,0.3487650778087819,0.44040313487714766,0.5355692541963928,MNAR,brms,19
y_noMiss,phi,0.42918298278561784,0.054089567941256064,0.3230778656099117,0.4292962431265849,0.5362172975485769,MNAR,brms,19
y_noMiss,sigma,0.9036042692924893,0.03765649937523466,0.832301582009502,0.9026082008995794,0.9815757052296111,MNAR,brms,19
y_noMiss,Intercept,-0.4121343717312394,0.09387668804074445,-0.5969376780454448,-0.4115835079935032,-0.2260752846141323,MNAR,brms,19
