missingprop_autocor,parameter,mean,sd,2.5%,50%,97.5%,missingness,type,run_no
y_noMiss,b_Intercept,0.8408318114891168,0.26309423070896626,0.3201593060169246,0.8395774720071227,1.3645469919439632,MNAR,brms,1
y_noMiss,b_light,-1.1321980168415589,0.04537117970369275,-1.2238703440321266,-1.1317812591497791,-1.042039036323197,MNAR,brms,1
y_noMiss,b_discharge,0.10502712287523872,0.04710146259433045,0.010773220861460469,0.10507240969622966,0.1968387271812909,MNAR,brms,1
y_noMiss,phi,0.7832454788743245,0.0380698614363481,0.7077775724781025,0.7835110492095518,0.8581021008221121,MNAR,brms,1
y_noMiss,sigma,0.9742712933576618,0.04060024705151611,0.897988362960018,0.9731178111561724,1.0582455813971896,MNAR,brms,1
y_noMiss,Intercept,0.9055789533773169,0.2630313260736035,0.3837785306802673,0.9045442367836878,1.4282820976824684,MNAR,brms,1
