missingprop_autocor,parameter,mean,sd,2.5%,50%,97.5%,missingness,type,run_no
y_noMiss,b_Intercept,0.7922311915680607,0.2169650225600225,0.3752646918781066,0.786772472887015,1.231135902831953,MNAR,brms,200
y_noMiss,b_light,-1.8693484840000607,0.04879040877688512,-1.966350925380899,-1.8693335347483406,-1.772657706182227,MNAR,brms,200
y_noMiss,b_discharge,-0.36230155928426117,0.04942798123343616,-0.4606945531167336,-0.3618284052375773,-0.2665428537635566,MNAR,brms,200
y_noMiss,phi,0.7228113977498898,0.0409889384095837,0.6443231376438372,0.7229183830631614,0.8047477177894813,MNAR,brms,200
y_noMiss,sigma,1.019808177886617,0.043102658530144417,0.9406795791103375,1.0177420042396843,1.108683165805486,MNAR,brms,200
y_noMiss,Intercept,0.8237972267820168,0.2169188285546479,0.4077094773818472,0.8179916965152346,1.2648395790224105,MNAR,brms,200
