missingprop_autocor,parameter,mean,sd,2.5%,50%,97.5%,missingness,type,run_no
y_noMiss,b_Intercept,1.3923813645082113,0.06394059611793276,1.2651035970252194,1.3911909078235234,1.5188602707824432,MNAR,brms,201
y_noMiss,b_light,1.762598299683484,0.06156019803482342,1.6409926653469535,1.7635179080870511,1.8807677745478477,MNAR,brms,201
y_noMiss,b_discharge,0.21418875878522897,0.05814798160296988,0.09901309930953113,0.21411684071084586,0.3281780058861803,MNAR,brms,201
y_noMiss,phi,0.05018946113004714,0.05953821923629521,-0.06631607061279414,0.05064757653022128,0.1666270261219911,MNAR,brms,201
y_noMiss,sigma,1.0226781914834895,0.04229791953498378,0.9438623526857689,1.0214415812779687,1.107856315213145,MNAR,brms,201
y_noMiss,Intercept,1.4027667533136876,0.06382204308304808,1.275776479549951,1.4014996147400356,1.5292055466506518,MNAR,brms,201
