missingprop_autocor,parameter,mean,sd,2.5%,50%,97.5%,missingness,type,run_no
y_noMiss,b_Intercept,-1.393912481352273,0.05199145417833062,-1.4950056417041135,-1.3941536851347234,-1.289625120468014,MNAR,brms,202
y_noMiss,b_light,-1.567841176252567,0.05507247820507538,-1.6792284834010156,-1.5679555559286449,-1.459852864849621,MNAR,brms,202
y_noMiss,b_discharge,-1.3010024408261691,0.057076614452989165,-1.4129400628560371,-1.300810873670136,-1.1894809104057114,MNAR,brms,202
y_noMiss,phi,-0.10327359487442589,0.06004337069802801,-0.22197273393745562,-0.10278795151042883,0.014133834858741135,MNAR,brms,202
y_noMiss,sigma,0.9796873832828152,0.04118175729308312,0.9039463682929723,0.9780860279914607,1.0666122838856058,MNAR,brms,202
y_noMiss,Intercept,-1.2078355702434702,0.05166833916456619,-1.3081710748759385,-1.2078952251018849,-1.1035010485510943,MNAR,brms,202
