missingprop_autocor,parameter,mean,sd,2.5%,50%,97.5%,missingness,type,run_no
y_noMiss,b_Intercept,-0.8786664983028308,0.11841190313159826,-1.1051887857975071,-0.8788405735359106,-0.6422517937665057,MNAR,brms,203
y_noMiss,b_light,-0.7531360413422865,0.05213605013101415,-0.8556491886788986,-0.7528515435504273,-0.6504853171449052,MNAR,brms,203
y_noMiss,b_discharge,-0.7542347810305504,0.05089547507283106,-0.8518679729879234,-0.7548167584414167,-0.6536480646943607,MNAR,brms,203
y_noMiss,phi,0.5206534055143366,0.05094999774918153,0.42141887857305577,0.5199024790127704,0.6206537532020986,MNAR,brms,203
y_noMiss,sigma,0.9486399235963066,0.040075437449348196,0.8736992980594083,0.9471054752437449,1.0298260401230965,MNAR,brms,203
y_noMiss,Intercept,-1.0275034341126428,0.1180129305559095,-1.2527480857519944,-1.0279055089098248,-0.7916143399885948,MNAR,brms,203
