missingprop_autocor,parameter,mean,sd,2.5%,50%,97.5%,missingness,type,run_no
y_noMiss,b_Intercept,0.654611981035024,0.11980938121258893,0.4176911929223717,0.6542026728416004,0.8907834061868587,MNAR,brms,204
y_noMiss,b_light,-0.6681613448543654,0.05473862082967575,-0.77683395532997,-0.6682001883558237,-0.5585846973917314,MNAR,brms,204
y_noMiss,b_discharge,-1.985470670976454,0.05606833221242915,-2.095120201444811,-1.986009546466827,-1.8726022180218036,MNAR,brms,204
y_noMiss,phi,0.5191684271246889,0.04959465852379455,0.42470125454934016,0.5185965418534861,0.6181929870023847,MNAR,brms,204
y_noMiss,sigma,1.0010156186227541,0.041559807705181105,0.9251760291830127,0.9993901551966784,1.0866375945548918,MNAR,brms,204
y_noMiss,Intercept,0.6695277358295533,0.11969345914536293,0.433742249300128,0.6687239404915861,0.9057307292544662,MNAR,brms,204
