missingprop_autocor,parameter,mean,sd,2.5%,50%,97.5%,missingness,type,run_no
y_noMiss,b_Intercept,-0.3500773856846639,0.07320403650114353,-0.49266228687043345,-0.34940703757452474,-0.20732618146603898,MNAR,brms,205
y_noMiss,b_light,0.4309254039844911,0.060559534095157797,0.3128329121101338,0.43062788477376046,0.548506370192879,MNAR,brms,205
y_noMiss,b_discharge,1.0966186047453135,0.06300832108190126,0.9735089711047683,1.0966543713720673,1.2199011170498453,MNAR,brms,205
y_noMiss,phi,0.18559824137383246,0.058486638296921356,0.07030212792942687,0.18487786065056688,0.2998240482240846,MNAR,brms,205
y_noMiss,sigma,1.0296131581271224,0.04344888591375416,0.946400555858809,1.028426644996304,1.1188374292642262,MNAR,brms,205
y_noMiss,Intercept,-0.3352069420026624,0.07310915821124624,-0.4788777136068898,-0.3344560100277987,-0.19294680719629456,MNAR,brms,205
