missingprop_autocor,parameter,mean,sd,2.5%,50%,97.5%,missingness,type,run_no
y_noMiss,b_Intercept,-0.41634855784763036,0.0701968212628037,-0.5523419385019757,-0.4160001423854547,-0.2796444353014957,MNAR,brms,206
y_noMiss,b_light,-0.07842014684015108,0.06573733201960345,-0.20769555608491871,-0.07882123352499812,0.05000276039819815,MNAR,brms,206
y_noMiss,b_discharge,0.14678118465071752,0.06382146801037022,0.021578511458398987,0.14588261334305813,0.2722542436905336,MNAR,brms,206
y_noMiss,phi,0.11628779307571536,0.05913213443628867,0.0031431853331892142,0.11584865925762422,0.2330605828462039,MNAR,brms,206
y_noMiss,sigma,1.0569959606741461,0.04461029580863269,0.9740900831697527,1.055777233414375,1.1459304705569566,MNAR,brms,206
y_noMiss,Intercept,-0.41343342565327856,0.07009862405711176,-0.548841862839948,-0.4131532481403537,-0.2771692848334391,MNAR,brms,206
