missingprop_autocor,parameter,mean,sd,2.5%,50%,97.5%,missingness,type,run_no
y_noMiss,b_Intercept,-0.09450894073894611,0.24428885670807043,-0.5789736994390863,-0.09558564849691084,0.3959975507264449,MNAR,brms,207
y_noMiss,b_light,0.16243541172693937,0.04271783848374197,0.07858894124711147,0.1628590148198541,0.2468127576172273,MNAR,brms,207
y_noMiss,b_discharge,0.3380771751300125,0.04220871476774247,0.25569352212849794,0.33822218544917193,0.42020271154580474,MNAR,brms,207
y_noMiss,phi,0.774092299452497,0.03842546634618001,0.6989711782252921,0.774130859173009,0.8504509367276731,MNAR,brms,207
y_noMiss,sigma,0.9227806283212973,0.039311848666553774,0.8501611058426188,0.9215411746811111,1.0066428757958437,MNAR,brms,207
y_noMiss,Intercept,-0.12153028775044912,0.24420977558821186,-0.6049334995835463,-0.12239586967031307,0.36376220304884166,MNAR,brms,207
