missingprop_autocor,parameter,mean,sd,2.5%,50%,97.5%,missingness,type,run_no
y_noMiss,b_Intercept,0.02705587555602059,0.12172508651795316,-0.21165741105238875,0.027533396257140318,0.26414657438051087,MNAR,brms,208
y_noMiss,b_light,-0.8266978353403279,0.05563569360233743,-0.9365753062524166,-0.8267702198977007,-0.7184367775173939,MNAR,brms,208
y_noMiss,b_discharge,0.8079913945558189,0.05106281111603003,0.7057863383259919,0.8081445541748229,0.9076946969388018,MNAR,brms,208
y_noMiss,phi,0.4912156094973146,0.05232571090615448,0.38951730325209083,0.4917849688030382,0.593854223770863,MNAR,brms,208
y_noMiss,sigma,1.0314455455892093,0.044000974230601515,0.9495432541880168,1.0297738602947648,1.1237629576881503,MNAR,brms,208
y_noMiss,Intercept,0.09938533922088928,0.1215125745582365,-0.13885996451623062,0.1001713607886661,0.3377334061095773,MNAR,brms,208
