missingprop_autocor,parameter,mean,sd,2.5%,50%,97.5%,missingness,type,run_no
y_noMiss,b_Intercept,0.32119584578686067,0.12231396799453864,0.08151948841939471,0.3212876711145861,0.5638020566141523,MNAR,brms,209
y_noMiss,b_light,1.1581574375119545,0.05548785607855475,1.0505439963097885,1.1583436057459702,1.2667108747224833,MNAR,brms,209
y_noMiss,b_discharge,-1.1725365076707515,0.05476377422661561,-1.2799245018776044,-1.1729809576580568,-1.063865754013758,MNAR,brms,209
y_noMiss,phi,0.5169021211410717,0.051608479438563386,0.416445097868485,0.5169168217437716,0.6187550643763098,MNAR,brms,209
y_noMiss,sigma,1.0022700667364017,0.04190535149710948,0.923867348738315,1.0006528379428237,1.0897415936408517,MNAR,brms,209
y_noMiss,Intercept,0.3825600800662038,0.12198240059721319,0.14241841280886705,0.3820989290175687,0.6245868048986557,MNAR,brms,209
