missingprop_autocor,parameter,mean,sd,2.5%,50%,97.5%,missingness,type,run_no
y_noMiss,b_Intercept,-0.22078604196369145,0.1553372992685626,-0.5389143026652631,-0.2179532124592181,0.07557669714629278,MNAR,brms,20
y_noMiss,b_light,1.1266811483245522,0.053157155645294545,1.0229433782582307,1.1259647141541405,1.2313219904329058,MNAR,brms,20
y_noMiss,b_discharge,-1.4716326005035187,0.051376542652692286,-1.5712031177783334,-1.4719106088701353,-1.3694323478991515,MNAR,brms,20
y_noMiss,phi,0.5994599410309259,0.04834356859081304,0.5048761098094857,0.5995177900482023,0.6946787760437023,MNAR,brms,20
y_noMiss,sigma,1.0288027114317668,0.04254451045309885,0.9493941217438314,1.0276150281241754,1.1153100346814668,MNAR,brms,20
y_noMiss,Intercept,-0.10253933313220674,0.15523022534589434,-0.4201734430611867,-0.09877845247796932,0.19445285075201887,MNAR,brms,20
