missingprop_autocor,parameter,mean,sd,2.5%,50%,97.5%,missingness,type,run_no
y_noMiss,b_Intercept,-0.6731547526198183,0.2776605463565424,-1.1932631551162125,-0.6845158248780507,-0.09964443161553606,MNAR,brms,210
y_noMiss,b_light,0.4693832298169825,0.05008795090515426,0.37110753829431053,0.46962441376515185,0.5671556080391076,MNAR,brms,210
y_noMiss,b_discharge,1.4239905566522302,0.049023068046657826,1.3258822650750521,1.4243141082550237,1.5193581183050968,MNAR,brms,210
y_noMiss,phi,0.7751176531195665,0.03852091642389415,0.7018479332894216,0.7743556341726652,0.8512215234364886,MNAR,brms,210
y_noMiss,sigma,1.0319700872103823,0.04350968589828689,0.9504812142931534,1.0304036128177325,1.1224471326471936,MNAR,brms,210
y_noMiss,Intercept,-0.6411541961134969,0.27770442723133193,-1.1612139200291776,-0.6528579678795063,-0.06760846383748634,MNAR,brms,210
