missingprop_autocor,parameter,mean,sd,2.5%,50%,97.5%,missingness,type,run_no
y_noMiss,b_Intercept,-0.9315572954780053,0.16468809696614242,-1.2698637005446056,-0.9284104268927499,-0.6070249773547594,MNAR,brms,211
y_noMiss,b_light,-0.3784857748720065,0.054575244467271855,-0.4859051663761476,-0.37859993433443007,-0.26985385523756167,MNAR,brms,211
y_noMiss,b_discharge,1.3101121108141325,0.05089785087114387,1.2103794628165265,1.3097776587467684,1.411275526380064,MNAR,brms,211
y_noMiss,phi,0.6294365471646192,0.046939669287904114,0.5370727258154028,0.6289926029910079,0.7226305727331492,MNAR,brms,211
y_noMiss,sigma,1.031876330944204,0.0445082049637465,0.9491473377420875,1.0305541477276003,1.1250462033561919,MNAR,brms,211
y_noMiss,Intercept,-0.957941800780504,0.16471894460262643,-1.2961422006394376,-0.9546908129687913,-0.633971997196212,MNAR,brms,211
