missingprop_autocor,parameter,mean,sd,2.5%,50%,97.5%,missingness,type,run_no
y_noMiss,b_Intercept,1.6105241255915306,0.3112789932824566,0.956610337264304,1.6174515214755303,2.2012671204580667,MNAR,brms,212
y_noMiss,b_light,-0.9757117842769462,0.049147381267488834,-1.0729935837737297,-0.9752763020821962,-0.8776804489407585,MNAR,brms,212
y_noMiss,b_discharge,-1.7152596204885846,0.04368198873642159,-1.7991938065434476,-1.7155754249545598,-1.6306556568725628,MNAR,brms,212
y_noMiss,phi,0.8073466171874782,0.0366099081611556,0.7360492426053918,0.807341068047628,0.8814172127167482,MNAR,brms,212
y_noMiss,sigma,1.00350910970003,0.04252060299925625,0.9243379664218206,1.0025683899557736,1.0898876216107318,MNAR,brms,212
y_noMiss,Intercept,1.6527836986448126,0.31137076008633774,0.9997666185768177,1.659491509724897,2.2475623551570205,MNAR,brms,212
