missingprop_autocor,parameter,mean,sd,2.5%,50%,97.5%,missingness,type,run_no
y_noMiss,b_Intercept,-0.9159858188282812,0.14229417462323377,-1.1967407297473733,-0.9153341273001853,-0.6389104346637935,MNAR,brms,213
y_noMiss,b_light,0.8344676363716813,0.05131428217596759,0.7329570626507295,0.8346152952735602,0.9336279432024491,MNAR,brms,213
y_noMiss,b_discharge,0.47556227415167657,0.046852540845075216,0.38272936044393197,0.4755533946842685,0.566427822513196,MNAR,brms,213
y_noMiss,phi,0.5831212399679611,0.04812124824198804,0.48868702358632155,0.582739338089764,0.6782815824329538,MNAR,brms,213
y_noMiss,sigma,0.9901336723675032,0.04143891616683061,0.9130731568607057,0.9887815051618827,1.0738017398918573,MNAR,brms,213
y_noMiss,Intercept,-0.9265361424894492,0.14223327349502055,-1.2054734835635956,-0.9258322170232455,-0.6482487110337282,MNAR,brms,213
