missingprop_autocor,parameter,mean,sd,2.5%,50%,97.5%,missingness,type,run_no
y_noMiss,b_Intercept,0.36478564249975015,0.11030019837992348,0.14932478992034567,0.3629153707213489,0.5821717721083046,MNAR,brms,214
y_noMiss,b_light,2.356964910237903,0.055695038065792735,2.245104070036319,2.356700388800057,2.4659610340997515,MNAR,brms,214
y_noMiss,b_discharge,-1.0586940155360773,0.057225192286207406,-1.1715437420238801,-1.058459935241749,-0.9465017855594839,MNAR,brms,214
y_noMiss,phi,0.4464437722868372,0.053781621466174385,0.3410038323954736,0.4457299408050668,0.5509908597429366,MNAR,brms,214
y_noMiss,sigma,1.0328956456843152,0.043338333694644,0.9517243332608529,1.0318229196480702,1.1234071440571947,MNAR,brms,214
y_noMiss,Intercept,0.2556820070062067,0.11019193749207057,0.04335562607239066,0.25377704019919767,0.47455943413957324,MNAR,brms,214
