missingprop_autocor,parameter,mean,sd,2.5%,50%,97.5%,missingness,type,run_no
y_noMiss,b_Intercept,-1.4410623798285367,0.08055740558906034,-1.5977717588503997,-1.441351841609395,-1.282857462119955,MNAR,brms,215
y_noMiss,b_light,0.35989277808338543,0.0551078896486076,0.25092654356689803,0.359955302006183,0.46804013605457845,MNAR,brms,215
y_noMiss,b_discharge,0.4302849829864333,0.05679289578106084,0.31937002026757766,0.4297172412879289,0.5445024655890107,MNAR,brms,215
y_noMiss,phi,0.2704764379458981,0.05736289342072977,0.15881204356121612,0.270744379635963,0.38170903071958623,MNAR,brms,215
y_noMiss,sigma,0.9913207523492112,0.04077024764652339,0.916735438493565,0.9899418604114701,1.0753748821756353,MNAR,brms,215
y_noMiss,Intercept,-1.4695059585435306,0.08040141926398135,-1.6266695043384647,-1.4697164465652823,-1.3117383914370184,MNAR,brms,215
