missingprop_autocor,parameter,mean,sd,2.5%,50%,97.5%,missingness,type,run_no
y_noMiss,b_Intercept,1.1358653271403392,0.105998026050233,0.9275163380766991,1.136003168191246,1.346239246169937,MNAR,brms,216
y_noMiss,b_light,0.13342496647763283,0.05094835590529958,0.035842546661835346,0.1328416038669437,0.23451505248431095,MNAR,brms,216
y_noMiss,b_discharge,0.26644011553985164,0.05572178890288891,0.15836081874744654,0.26751190967399996,0.3744683655696492,MNAR,brms,216
y_noMiss,phi,0.4612460184457632,0.053128816091962516,0.35713952475890415,0.4615428154814163,0.5658927014807069,MNAR,brms,216
y_noMiss,sigma,0.9488343510942358,0.039568543777928594,0.8751643480478254,0.9472472362950453,1.032095327060425,MNAR,brms,216
y_noMiss,Intercept,1.138905230218447,0.10597833944437271,0.9298009182543963,1.138586590787796,1.3499730642902026,MNAR,brms,216
