missingprop_autocor,parameter,mean,sd,2.5%,50%,97.5%,missingness,type,run_no
y_noMiss,b_Intercept,-0.4771468828287682,0.2040637386667807,-0.8749093370727917,-0.4775163371634782,-0.059424443471475435,MNAR,brms,217
y_noMiss,b_light,0.34316607305350283,0.04462206560640565,0.25391100048821785,0.3435386520295104,0.43042595014320106,MNAR,brms,217
y_noMiss,b_discharge,-0.6603626738166182,0.04949266131917533,-0.7570492956056437,-0.6598935378551123,-0.5630672038410564,MNAR,brms,217
y_noMiss,phi,0.7051167052505206,0.04354849534530159,0.6199719985983275,0.7056817741899895,0.791464922179588,MNAR,brms,217
y_noMiss,sigma,1.0075460793431545,0.043127733485520105,0.927493026332374,1.0056194894819708,1.0976523648942613,MNAR,brms,217
y_noMiss,Intercept,-0.4741141802905711,0.20406330006453172,-0.8720940079113302,-0.47453039474817316,-0.05639346223471295,MNAR,brms,217
