missingprop_autocor,parameter,mean,sd,2.5%,50%,97.5%,missingness,type,run_no
y_noMiss,b_Intercept,-0.34194604173017806,0.06886883106369529,-0.47791301073105596,-0.34230982647452013,-0.2048352167892361,MNAR,brms,218
y_noMiss,b_light,-1.2410072834201722,0.054467070061277954,-1.3502426163292756,-1.2408815504697641,-1.1339994178280626,MNAR,brms,218
y_noMiss,b_discharge,0.8835275036926169,0.059930647607693725,0.7664703819973552,0.8830128413744447,1.0022894374066516,MNAR,brms,218
y_noMiss,phi,0.1708613677818469,0.058879381996262026,0.056208299059349716,0.17044096344992754,0.28891556531443185,MNAR,brms,218
y_noMiss,sigma,0.9743339163345968,0.04074902928996612,0.8997952754817762,0.9731633431057277,1.058629395179325,MNAR,brms,218
y_noMiss,Intercept,-0.14614988789406266,0.06861423319849543,-0.28142633338512607,-0.14703152987253426,-0.011250816161863146,MNAR,brms,218
