missingprop_autocor,parameter,mean,sd,2.5%,50%,97.5%,missingness,type,run_no
y_noMiss,b_Intercept,0.3234334708235652,0.13205126957232996,0.05814202000248063,0.32454706487024143,0.5840576978639843,MNAR,brms,219
y_noMiss,b_light,-3.0354691273650056,0.04909561152187001,-3.1299904121961144,-3.035537293027894,-2.9385270450136987,MNAR,brms,219
y_noMiss,b_discharge,-0.29363196544470094,0.05254994111147041,-0.39549282623722004,-0.2936843586050088,-0.19116803436183955,MNAR,brms,219
y_noMiss,phi,0.5434755785489023,0.04967084550753778,0.4460277325538812,0.5434118087051443,0.6408798508708127,MNAR,brms,219
y_noMiss,sigma,1.0079107578801854,0.04192143587858081,0.9293673373971358,1.0068473540383378,1.0923628830319323,MNAR,brms,219
y_noMiss,Intercept,0.32861662151708626,0.13169258069286702,0.06533467174652552,0.33005201495693215,0.5873172778344691,MNAR,brms,219
