missingprop_autocor,parameter,mean,sd,2.5%,50%,97.5%,missingness,type,run_no
y_noMiss,b_Intercept,-0.8189266208924456,0.0937446495016024,-1.005504415422324,-0.8182096829763131,-0.6365678009691252,MNAR,brms,21
y_noMiss,b_light,-1.9532045296863039,0.05521441215272767,-2.062224553098868,-1.9528799876518455,-1.845757339624959,MNAR,brms,21
y_noMiss,b_discharge,0.17355379720846512,0.049804335987494626,0.07542712797021664,0.17355083976294594,0.2711265511513692,MNAR,brms,21
y_noMiss,phi,0.3959327216899725,0.0556626640613972,0.28819312148047843,0.39633205190117293,0.5055420852243137,MNAR,brms,21
y_noMiss,sigma,0.9646103661503064,0.039720233146536894,0.890667258499642,0.9630902217795663,1.045653712269472,MNAR,brms,21
y_noMiss,Intercept,-0.8650208781221176,0.09373182006442929,-1.0522334238442208,-0.8642897197367505,-0.682070023620351,MNAR,brms,21
