missingprop_autocor,parameter,mean,sd,2.5%,50%,97.5%,missingness,type,run_no
y_noMiss,b_Intercept,0.19954009644152237,0.06300846369766176,0.07644952335754962,0.19957129805502716,0.3236904513264285,MNAR,brms,220
y_noMiss,b_light,-0.1634793156502744,0.05891665888422389,-0.2801211932445897,-0.16288431753476404,-0.046410097521576696,MNAR,brms,220
y_noMiss,b_discharge,-1.9861673084507467,0.054180314876384056,-2.0909465154884956,-1.9867608925505862,-1.8790718743727222,MNAR,brms,220
y_noMiss,phi,0.08125967801676369,0.05826674002256065,-0.03145151331315121,0.08117988149185261,0.19431998966973715,MNAR,brms,220
y_noMiss,sigma,0.9663941486502912,0.04036972092752401,0.8909572177385067,0.9652753362366472,1.049555017509904,MNAR,brms,220
y_noMiss,Intercept,0.12776903367475947,0.062208339488749376,0.005543360078245652,0.12796942120569135,0.24981498200782232,MNAR,brms,220
