missingprop_autocor,parameter,mean,sd,2.5%,50%,97.5%,missingness,type,run_no
y_noMiss,b_Intercept,0.29976773996024986,0.0801812494117215,0.14256023570284512,0.3013440946207322,0.4571466628136551,MNAR,brms,221
y_noMiss,b_light,1.816516145993342,0.060646899956042485,1.6961715427539938,1.816672156912217,1.936798367541643,MNAR,brms,221
y_noMiss,b_discharge,0.46779202712349116,0.06448216193826414,0.3375158018624159,0.4682985562867168,0.5952847438956902,MNAR,brms,221
y_noMiss,phi,0.2169129876136102,0.05752531170364791,0.10111681351728802,0.21704737794208417,0.32742765406932794,MNAR,brms,221
y_noMiss,sigma,1.0612626602832789,0.04416025295872293,0.979631418375931,1.0602853485573855,1.1525285248275394,MNAR,brms,221
y_noMiss,Intercept,0.3918469344017878,0.08016705154242097,0.23449619308151456,0.39323080298648616,0.5502082494217879,MNAR,brms,221
