missingprop_autocor,parameter,mean,sd,2.5%,50%,97.5%,missingness,type,run_no
y_noMiss,b_Intercept,2.0607646473896146,0.2275196381856504,1.602630182408544,2.064846401212118,2.490730343663383,MNAR,brms,222
y_noMiss,b_light,1.7103801451047276,0.05177395348986209,1.607715812868165,1.7109958072939955,1.8099753634029525,MNAR,brms,222
y_noMiss,b_discharge,0.8367331637281084,0.047769327196195394,0.7447247445674053,0.836552771204208,0.9283301623914997,MNAR,brms,222
y_noMiss,phi,0.742801672973032,0.039821893581009675,0.666442508406678,0.7426342442913587,0.8212783680207406,MNAR,brms,222
y_noMiss,sigma,1.0032758502451105,0.04248076912691718,0.9251573151239038,1.001549148229499,1.090986502804476,MNAR,brms,222
y_noMiss,Intercept,2.01688630965215,0.22734854008137625,1.5571931311022607,2.020605188451199,2.446619523202223,MNAR,brms,222
