missingprop_autocor,parameter,mean,sd,2.5%,50%,97.5%,missingness,type,run_no
y_noMiss,b_Intercept,-0.7280145830606105,0.20776940668299754,-1.135243923433287,-0.7289895807240754,-0.3137964814559445,MNAR,brms,223
y_noMiss,b_light,-1.2115411166658017,0.04914022418346511,-1.3061161881807375,-1.2114961782262235,-1.1157544935624701,MNAR,brms,223
y_noMiss,b_discharge,1.6148463945956268,0.05035359106431083,1.516502145137785,1.6147660597722044,1.7132273359078456,MNAR,brms,223
y_noMiss,phi,0.7014649454451358,0.04258483572393221,0.6183730539709632,0.701903397649011,0.7858246109278815,MNAR,brms,223
y_noMiss,sigma,1.0471345393629596,0.04443554249796988,0.9658365677283904,1.0450892751980705,1.139321125162303,MNAR,brms,223
y_noMiss,Intercept,-0.7619300644910538,0.20761353682065495,-1.1675216254739635,-0.7632758160417512,-0.3482755983622458,MNAR,brms,223
