missingprop_autocor,parameter,mean,sd,2.5%,50%,97.5%,missingness,type,run_no
y_noMiss,b_Intercept,1.2252720359751879,0.1360356247337354,0.9585472008906855,1.22594112154981,1.4944639833557947,MNAR,brms,224
y_noMiss,b_light,-1.0021425790041052,0.049281143775683406,-1.0982076297364685,-1.0025789543422645,-0.9053608295575134,MNAR,brms,224
y_noMiss,b_discharge,1.8712453012593806,0.057420390964780944,1.7598570229505035,1.8707340890618407,1.9828628606447065,MNAR,brms,224
y_noMiss,phi,0.547295242521851,0.05167970750415268,0.4445037430784846,0.5474285338415994,0.6492505791649968,MNAR,brms,224
y_noMiss,sigma,1.0310691028045298,0.04348965928730336,0.9500762404109285,1.0295232493964077,1.1183863731322399,MNAR,brms,224
y_noMiss,Intercept,1.0540711995766427,0.13593781422984053,0.7842240174423455,1.0555670749716888,1.3210742689857795,MNAR,brms,224
