missingprop_autocor,parameter,mean,sd,2.5%,50%,97.5%,missingness,type,run_no
y_noMiss,b_Intercept,0.8914606449455096,0.07471656998986562,0.7428529153850247,0.8915589854962601,1.040467226726468,MNAR,brms,225
y_noMiss,b_light,1.0553653510353813,0.057316238548089316,0.9448177540458573,1.0550365592309576,1.168502438406745,MNAR,brms,225
y_noMiss,b_discharge,-0.2007318525347389,0.05260742335498593,-0.3043040930265518,-0.20113467631731938,-0.09538614213270394,MNAR,brms,225
y_noMiss,phi,0.24690553521324698,0.05684065245324178,0.1357852669143599,0.2478954170070496,0.3560545012124327,MNAR,brms,225
y_noMiss,sigma,0.9602604422468463,0.04073959084167071,0.8837633141720087,0.9589144098613771,1.044393460470004,MNAR,brms,225
y_noMiss,Intercept,0.9871917658515396,0.07451780915730603,0.8390320031967649,0.9873527642981685,1.1350704755500376,MNAR,brms,225
