missingprop_autocor,parameter,mean,sd,2.5%,50%,97.5%,missingness,type,run_no
y_noMiss,b_Intercept,-1.1893450972732509,0.07229610308960638,-1.3280406728538434,-1.1895965727309878,-1.0473625885740632,MNAR,brms,226
y_noMiss,b_light,2.4223383534287617,0.06201303111060274,2.301149051672629,2.4224109245574756,2.543430799195853,MNAR,brms,226
y_noMiss,b_discharge,-0.9431434816255274,0.05707542424103876,-1.0540514538176302,-0.9436944458060383,-0.8296045025506237,MNAR,brms,226
y_noMiss,phi,0.15402638573913474,0.05797051854855548,0.04047417323102734,0.1535644059340241,0.2688330322308204,MNAR,brms,226
y_noMiss,sigma,1.0248309515867726,0.04324659395994077,0.9447472847923178,1.0228994463834353,1.1141213373194445,MNAR,brms,226
y_noMiss,Intercept,-1.3730190371520972,0.07210598633860887,-1.5105687800867005,-1.3734893976116456,-1.231842420948133,MNAR,brms,226
