missingprop_autocor,parameter,mean,sd,2.5%,50%,97.5%,missingness,type,run_no
y_noMiss,b_Intercept,-0.9335179710811078,0.1194824694528311,-1.169207674431675,-0.9341401100976533,-0.6937117675914017,MNAR,brms,227
y_noMiss,b_light,0.1174442767278935,0.050790813699397475,0.019196792624261137,0.11736024562122549,0.21760054720727706,MNAR,brms,227
y_noMiss,b_discharge,-1.2825826293183982,0.050704588564402665,-1.3821753046366418,-1.282594729505918,-1.1828171378592771,MNAR,brms,227
y_noMiss,phi,0.5176020275446259,0.05089596794022843,0.41619454170699477,0.5179431482019943,0.6142590739516837,MNAR,brms,227
y_noMiss,sigma,0.978622556775946,0.0416576432506549,0.9002022970327241,0.9765257267090812,1.064382241092194,MNAR,brms,227
y_noMiss,Intercept,-0.9247536571931607,0.11948121060362607,-1.1606008434321482,-0.9253455678733277,-0.6848117238049646,MNAR,brms,227
