missingprop_autocor,parameter,mean,sd,2.5%,50%,97.5%,missingness,type,run_no
y_noMiss,b_Intercept,-0.9306101375917961,0.1744286893817944,-1.2704474338665883,-0.9304442220329768,-0.5886085402227706,MNAR,brms,228
y_noMiss,b_light,-1.2317548538586427,0.050002729583227795,-1.3313318171087918,-1.232399242541316,-1.133118305110445,MNAR,brms,228
y_noMiss,b_discharge,0.05522568098782968,0.04136619252188651,-0.026665977370067963,0.05531130547635199,0.13665897766099744,MNAR,brms,228
y_noMiss,phi,0.6675039721336736,0.043911154027144135,0.5800757587826568,0.6668924724331402,0.7541766715135216,MNAR,brms,228
y_noMiss,sigma,0.9714149405791602,0.040788271333403896,0.895401619173104,0.9699407979520291,1.0548903495359492,MNAR,brms,228
y_noMiss,Intercept,-0.923396074709737,0.17443099846948035,-1.2632914074705899,-0.9230947677442183,-0.5816387219759704,MNAR,brms,228
