missingprop_autocor,parameter,mean,sd,2.5%,50%,97.5%,missingness,type,run_no
y_noMiss,b_Intercept,0.4849483468837846,0.12447741767038119,0.2435179725375106,0.48530967509897593,0.7239634901305194,MNAR,brms,229
y_noMiss,b_light,0.692919433551973,0.04800595268233884,0.5982733468375002,0.6925616431660346,0.7849095642214279,MNAR,brms,229
y_noMiss,b_discharge,0.5652806537845061,0.04938491963100147,0.46828902436041037,0.5656429028946384,0.6620480008757823,MNAR,brms,229
y_noMiss,phi,0.5211527312815079,0.05145832266495995,0.4183083085526146,0.5216308121390254,0.623481818965558,MNAR,brms,229
y_noMiss,sigma,1.010909856782944,0.04316958263990224,0.9304179229859129,1.009365185680604,1.0991157289931321,MNAR,brms,229
y_noMiss,Intercept,0.4723218385584955,0.12439401594189942,0.23202708725612475,0.47283105227100464,0.7118889160820158,MNAR,brms,229
