missingprop_autocor,parameter,mean,sd,2.5%,50%,97.5%,missingness,type,run_no
y_noMiss,b_Intercept,0.0516217592550793,0.07776470837653833,-0.10224748936690163,0.05217908463760278,0.2023716606847668,MNAR,brms,22
y_noMiss,b_light,-0.49719694417649685,0.05736174088771228,-0.6108048458596884,-0.49660654751272826,-0.3855023254696008,MNAR,brms,22
y_noMiss,b_discharge,1.0341748507899955,0.05571855254672996,0.9259725911309599,1.0343083053183553,1.1429318942398379,MNAR,brms,22
y_noMiss,phi,0.282372658566752,0.05596131750839108,0.17248848436712996,0.2827941307232833,0.39298390452144166,MNAR,brms,22
y_noMiss,sigma,0.9616586682772837,0.040446643922129134,0.8865701719786176,0.9604063968143318,1.0465112495578883,MNAR,brms,22
y_noMiss,Intercept,-0.038497499594382145,0.07768853491721643,-0.19169709297681795,-0.037521663313553555,0.11339419097255736,MNAR,brms,22
