missingprop_autocor,parameter,mean,sd,2.5%,50%,97.5%,missingness,type,run_no
y_noMiss,b_Intercept,0.0662328079747183,0.10696972675013507,-0.14231011639884578,0.06457427743383867,0.2795226337394103,MNAR,brms,230
y_noMiss,b_light,-0.10921212407012047,0.052558508782159084,-0.21297924739455387,-0.10991250794682753,-0.00721527688375914,MNAR,brms,230
y_noMiss,b_discharge,-0.1613422991240201,0.04950364936289996,-0.25903069369081483,-0.16132432991580803,-0.06424278641607911,MNAR,brms,230
y_noMiss,phi,0.47303653865830614,0.051991130026528554,0.3710730840013655,0.4726944582258238,0.5764059473154834,MNAR,brms,230
y_noMiss,sigma,0.9467759265249273,0.03966334574360317,0.8722608456036506,0.9455131574957196,1.0280679053806072,MNAR,brms,230
y_noMiss,Intercept,0.05809878289135851,0.10679244569138258,-0.15110376864456893,0.05649210031328686,0.2721919233408322,MNAR,brms,230
