missingprop_autocor,parameter,mean,sd,2.5%,50%,97.5%,missingness,type,run_no
y_noMiss,b_Intercept,-0.8150430431330408,0.09875111117763097,-1.011678975224183,-0.8149199841125669,-0.6216062683319659,MNAR,brms,231
y_noMiss,b_light,1.5651250851576188,0.06181423290166746,1.4411996508508802,1.5645098513573588,1.6889380473381903,MNAR,brms,231
y_noMiss,b_discharge,-0.7752991597776678,0.06506561829635855,-0.9025182920305018,-0.7747142747688331,-0.6457240301118932,MNAR,brms,231
y_noMiss,phi,0.343398113028111,0.05652902797878505,0.2325855002475863,0.34306448217561436,0.4535491588415506,MNAR,brms,231
y_noMiss,sigma,1.0954463923109696,0.04496648547258602,1.0125497639455698,1.0941930819254853,1.186678960700837,MNAR,brms,231
y_noMiss,Intercept,-0.9174309442145434,0.09860518239793616,-1.1141862021297293,-0.9171510864374623,-0.7252789798218984,MNAR,brms,231
