missingprop_autocor,parameter,mean,sd,2.5%,50%,97.5%,missingness,type,run_no
y_noMiss,b_Intercept,-0.10273092952604823,0.05721598108316439,-0.21638938023161183,-0.10265043123150547,0.011112018019443835,MNAR,brms,232
y_noMiss,b_light,1.283146651030944,0.059576969523082765,1.169569657077881,1.2827649350597086,1.3980742848594014,MNAR,brms,232
y_noMiss,b_discharge,-0.9740064349805763,0.05625223407462232,-1.085762512022654,-0.9735195335966007,-0.8641028185453166,MNAR,brms,232
y_noMiss,phi,-0.011411044716703646,0.06002839562533768,-0.1294396471243142,-0.011203526903874765,0.10638645775097448,MNAR,brms,232
y_noMiss,sigma,0.9775933009857485,0.041067857235961576,0.900368585478711,0.9763359609566682,1.0625052479474435,MNAR,brms,232
y_noMiss,Intercept,-0.2043144580275723,0.05692219004824758,-0.3175158400304889,-0.20448179919622844,-0.09265566092998462,MNAR,brms,232
