missingprop_autocor,parameter,mean,sd,2.5%,50%,97.5%,missingness,type,run_no
y_noMiss,b_Intercept,0.49236376977381935,0.2633547614143634,-0.04447659626385659,0.4956404518575099,1.0054380882260805,MNAR,brms,233
y_noMiss,b_light,-0.003378067583395269,0.04445330658508123,-0.090092499125619,-0.0030776651017371693,0.08346788685712761,MNAR,brms,233
y_noMiss,b_discharge,1.4851034327749022,0.047787146115913365,1.3915237249608259,1.484875048971534,1.5786950482701176,MNAR,brms,233
y_noMiss,phi,0.7658125468202742,0.03884887098718488,0.6900438068659344,0.7658033066578098,0.8423555471088058,MNAR,brms,233
y_noMiss,sigma,1.03199370270473,0.043530001899520845,0.9524818640272197,1.0304189826266916,1.122401430183389,MNAR,brms,233
y_noMiss,Intercept,0.41500871752629337,0.26330270816297524,-0.11998345153495807,0.4193136710011751,0.9279845864265248,MNAR,brms,233
