missingprop_autocor,parameter,mean,sd,2.5%,50%,97.5%,missingness,type,run_no
y_noMiss,b_Intercept,0.11219062255622324,0.07810817807034277,-0.04455311428904713,0.11304713799977234,0.26435377817728994,MNAR,brms,234
y_noMiss,b_light,-0.5333989655282393,0.056740015262810126,-0.6429873078736418,-0.5336504089083248,-0.41951950618992107,MNAR,brms,234
y_noMiss,b_discharge,-1.432608913198795,0.05618472504803604,-1.5428041945029367,-1.4327215908422961,-1.3217834698910609,MNAR,brms,234
y_noMiss,phi,0.2601438646294156,0.057223098368336424,0.1486238718371074,0.2607217711378371,0.3724568724901326,MNAR,brms,234
y_noMiss,sigma,0.9799235693008866,0.040225082146683855,0.905786682621471,0.9779663822133278,1.0630235238294017,MNAR,brms,234
y_noMiss,Intercept,0.18641154312558747,0.07806570132074883,0.030620027176278004,0.18722689767486064,0.33688596181150626,MNAR,brms,234
