missingprop_autocor,parameter,mean,sd,2.5%,50%,97.5%,missingness,type,run_no
y_noMiss,b_Intercept,-0.9796542100681284,0.12278150613132612,-1.2184425864904553,-0.9803800428077862,-0.7353492279424021,MNAR,brms,235
y_noMiss,b_light,0.479233483524826,0.04648266473385326,0.38870570992876635,0.4793263284683221,0.5695898524963935,MNAR,brms,235
y_noMiss,b_discharge,2.4218050090223944,0.051717448019328247,2.3195451889299186,2.4224059991873457,2.522590212461702,MNAR,brms,235
y_noMiss,phi,0.5332086770619902,0.05129401986087505,0.4331948893839434,0.533323122874532,0.6355980122737932,MNAR,brms,235
y_noMiss,sigma,0.9706770437807133,0.04107464384090645,0.8941738115550578,0.9691408534340351,1.0575003579579856,MNAR,brms,235
y_noMiss,Intercept,-0.7523328726801519,0.1227517864003469,-0.990613651779857,-0.7534220456523673,-0.5092692257147238,MNAR,brms,235
