missingprop_autocor,parameter,mean,sd,2.5%,50%,97.5%,missingness,type,run_no
y_noMiss,b_Intercept,-0.7405965306746075,0.06691262923542966,-0.8735698448427193,-0.7402737970100515,-0.6106774029154579,MNAR,brms,236
y_noMiss,b_light,0.3240779039505858,0.061990942812035696,0.20477428548698498,0.32417362057260646,0.44565245915533214,MNAR,brms,236
y_noMiss,b_discharge,1.2086384604440168,0.06025803715584902,1.0909067260643412,1.208597344320066,1.3254771129666796,MNAR,brms,236
y_noMiss,phi,0.060067380132988596,0.059988786447963585,-0.059167193703205306,0.059639417520942435,0.17778778486523494,MNAR,brms,236
y_noMiss,sigma,1.058071741953187,0.04460501736495498,0.9740725429283822,1.056466631087634,1.149751555344042,MNAR,brms,236
y_noMiss,Intercept,-0.694119998705675,0.0668569813409258,-0.8272531041719571,-0.6936200792459972,-0.5638290299315357,MNAR,brms,236
