missingprop_autocor,parameter,mean,sd,2.5%,50%,97.5%,missingness,type,run_no
y_noMiss,b_Intercept,-0.7853855073406948,0.08555731084118441,-0.9530185247373841,-0.7844642526258196,-0.6201235241329063,MNAR,brms,237
y_noMiss,b_light,1.2580801256019072,0.05494443682061117,1.1489438990624121,1.258314014335236,1.3661376211139402,MNAR,brms,237
y_noMiss,b_discharge,-2.6885149006123905,0.05921703331778533,-2.804148071802909,-2.6887259015572287,-2.5720004303565362,MNAR,brms,237
y_noMiss,phi,0.31803072186399645,0.05657263955828175,0.2075643591223302,0.3182001567131916,0.4291798636810539,MNAR,brms,237
y_noMiss,sigma,0.9799010143908835,0.04094135798991474,0.9030881189539376,0.9779392245423408,1.0635808314532913,MNAR,brms,237
y_noMiss,Intercept,-0.7350894061597789,0.08553544017937317,-0.9021031820339421,-0.7341333767974292,-0.5695295523170034,MNAR,brms,237
