missingprop_autocor,parameter,mean,sd,2.5%,50%,97.5%,missingness,type,run_no
y_noMiss,b_Intercept,-0.3045128223146744,0.18311027592874587,-0.6572623776834259,-0.3067894405686089,0.05564502840735576,MNAR,brms,238
y_noMiss,b_light,-1.626390587771328,0.05066135036373834,-1.7240419051106306,-1.6265814344769995,-1.5271949504726958,MNAR,brms,238
y_noMiss,b_discharge,0.2983558205283043,0.0489353759095444,0.20331263857130322,0.2984021651877614,0.3951301949188583,MNAR,brms,238
y_noMiss,phi,0.6695876583373677,0.04432417001911423,0.5817212180145865,0.6698519965530996,0.756610074950801,MNAR,brms,238
y_noMiss,sigma,1.0188587433078644,0.042257310244158526,0.9401205619253818,1.0174417731014997,1.1049974004593912,MNAR,brms,238
y_noMiss,Intercept,-0.15278777669957957,0.18290887384572072,-0.506301208372503,-0.15540338021102806,0.2070633196235753,MNAR,brms,238
