missingprop_autocor,parameter,mean,sd,2.5%,50%,97.5%,missingness,type,run_no
y_noMiss,b_Intercept,0.09747622010129811,0.09763420156849553,-0.09441251401714362,0.09746786244364197,0.2918694245766151,MNAR,brms,239
y_noMiss,b_light,1.2018351878031688,0.05515332720724124,1.0947315820568666,1.2014597746316753,1.3103668420935075,MNAR,brms,239
y_noMiss,b_discharge,-1.418676776609706,0.05758719389244286,-1.5327770568891428,-1.4187404418700975,-1.3053672835851096,MNAR,brms,239
y_noMiss,phi,0.38122432638410203,0.055805960252989464,0.27206322864278343,0.38153361662750473,0.4892444610546364,MNAR,brms,239
y_noMiss,sigma,1.02897496192933,0.043473598443085265,0.9477464951194496,1.0271601468371545,1.1193057213279591,MNAR,brms,239
y_noMiss,Intercept,0.2742017364835761,0.09731503202375125,0.0835584576776597,0.2741817050743197,0.4673575772019792,MNAR,brms,239
