missingprop_autocor,parameter,mean,sd,2.5%,50%,97.5%,missingness,type,run_no
y_noMiss,b_Intercept,0.3692555614990092,0.12924403895155853,0.10954079126791288,0.36964952643887417,0.6209449641399096,MNAR,brms,23
y_noMiss,b_light,-0.5449619921477141,0.052308072798430034,-0.6447618088177,-0.5450042407724474,-0.44195277982846226,MNAR,brms,23
y_noMiss,b_discharge,0.5850957475828561,0.0512344307341128,0.48091748695091946,0.5854221115146174,0.6844492835651576,MNAR,brms,23
y_noMiss,phi,0.5419137920462785,0.050657947381974704,0.4423728836656192,0.5422060872086734,0.6401521519720479,MNAR,brms,23
y_noMiss,sigma,0.9899069518964648,0.0414701366150934,0.9132682106816046,0.9889210942778817,1.0750964335595354,MNAR,brms,23
y_noMiss,Intercept,0.4057601414746249,0.12913984579103782,0.14604097241082775,0.405958144749364,0.6571599600184216,MNAR,brms,23
