missingprop_autocor,parameter,mean,sd,2.5%,50%,97.5%,missingness,type,run_no
y_noMiss,b_Intercept,-0.533973203756724,0.07183722745717289,-0.6758090838423457,-0.5331499213701199,-0.3922810967095638,MNAR,brms,240
y_noMiss,b_light,-0.6050079473725586,0.05669998113432201,-0.7172839655873292,-0.6046139692957622,-0.4925072755078713,MNAR,brms,240
y_noMiss,b_discharge,0.3344591295653004,0.06045984806310801,0.21495151982948119,0.33488156001102387,0.45188151399985305,MNAR,brms,240
y_noMiss,phi,0.19290257794451138,0.05761267357865995,0.0804024301927455,0.1921352349494277,0.3067410160922768,MNAR,brms,240
y_noMiss,sigma,0.9991595075325242,0.04198984578597761,0.9217843170170341,0.9975651233544275,1.0861979791884138,MNAR,brms,240
y_noMiss,Intercept,-0.5789610032115332,0.07161155741181333,-0.7214792430865987,-0.5783798748784852,-0.43768894012338816,MNAR,brms,240
