missingprop_autocor,parameter,mean,sd,2.5%,50%,97.5%,missingness,type,run_no
y_noMiss,b_Intercept,-1.4655957377514492,0.19492084713077396,-1.849531606418408,-1.46548555180043,-1.0810905189510458,MNAR,brms,241
y_noMiss,b_light,0.3856119632841969,0.04503887930564977,0.29580992753736907,0.38646929283268194,0.4715243639146089,MNAR,brms,241
y_noMiss,b_discharge,-1.056744804529475,0.04926569421914846,-1.1537545651254244,-1.0569635229667755,-0.9603164565191447,MNAR,brms,241
y_noMiss,phi,0.7102105630637683,0.042879189939776824,0.6276121501455127,0.7105969946054913,0.7948507703372112,MNAR,brms,241
y_noMiss,sigma,0.9600242172911587,0.040471584138941794,0.8857756638418399,0.9587721252069679,1.0439142294465362,MNAR,brms,241
y_noMiss,Intercept,-1.4291955716175662,0.19494751720408252,-1.8114815309378458,-1.4292662567979968,-1.0432713549699197,MNAR,brms,241
