missingprop_autocor,parameter,mean,sd,2.5%,50%,97.5%,missingness,type,run_no
y_noMiss,b_Intercept,0.7755101029455859,0.07972086584417457,0.6204416177414869,0.7755706001321792,0.9332592935984516,MNAR,brms,242
y_noMiss,b_light,1.3845443764846472,0.057324994734603583,1.271667068481794,1.384328377732667,1.497760085919466,MNAR,brms,242
y_noMiss,b_discharge,0.16554950054056486,0.05399573738329978,0.06007614268649278,0.16590242907823238,0.2705712139175959,MNAR,brms,242
y_noMiss,phi,0.29201948302492886,0.05711115829770203,0.17844206187362763,0.2927763297687524,0.40073129631579807,MNAR,brms,242
y_noMiss,sigma,0.9503091651913439,0.039898862969770695,0.8759225539612631,0.9486683511383462,1.031134109953435,MNAR,brms,242
y_noMiss,Intercept,0.7301704711509288,0.0797399803333039,0.5755192357196353,0.7305369312186236,0.8880164708914046,MNAR,brms,242
