missingprop_autocor,parameter,mean,sd,2.5%,50%,97.5%,missingness,type,run_no
y_noMiss,b_Intercept,-2.398915779076512,0.2396440975956328,-2.859437780264436,-2.4059616169039293,-1.910725671823587,MNAR,brms,243
y_noMiss,b_light,0.8450236931695567,0.03816685574479683,0.7699721043797063,0.8450356175993414,0.9194735517800763,MNAR,brms,243
y_noMiss,b_discharge,-1.3537076477026189,0.04273078563006166,-1.4373806767120452,-1.3534141690027988,-1.2713706919289283,MNAR,brms,243
y_noMiss,phi,0.7682989666875689,0.04026839985457627,0.6900534017918827,0.7682483442608546,0.8472939136483982,MNAR,brms,243
y_noMiss,sigma,0.9181742342799063,0.03834672880108116,0.846806163266468,0.9165082755050513,0.995456249538519,MNAR,brms,243
y_noMiss,Intercept,-2.210257266669754,0.23955918491593317,-2.667528469142238,-2.2175420593022244,-1.725100631766575,MNAR,brms,243
