missingprop_autocor,parameter,mean,sd,2.5%,50%,97.5%,missingness,type,run_no
y_noMiss,b_Intercept,1.7488698492310435,0.07072627486264653,1.615055456169101,1.7492203369436454,1.8867874754735858,MNAR,brms,244
y_noMiss,b_light,-1.5909166281476987,0.06659718570926955,-1.71971276859125,-1.5908372034904277,-1.4598129647608813,MNAR,brms,244
y_noMiss,b_discharge,-0.6816670148984558,0.06152687540284921,-0.8028528593169781,-0.6817377895685218,-0.5603502393895445,MNAR,brms,244
y_noMiss,phi,0.09834579430352128,0.059253165309548154,-0.019007143751110768,0.09893588275400306,0.2158038985511335,MNAR,brms,244
y_noMiss,sigma,1.0611584983696498,0.04529403731436078,0.9788829514286839,1.0594027838744753,1.1558912802853425,MNAR,brms,244
y_noMiss,Intercept,1.9019430614671675,0.07039311347285372,1.7675078347311302,1.902339686485059,2.0401827877972796,MNAR,brms,244
