missingprop_autocor,parameter,mean,sd,2.5%,50%,97.5%,missingness,type,run_no
y_noMiss,b_Intercept,-0.09595921119379291,0.10666356982184554,-0.30629182187981363,-0.0963233090393582,0.11290857774027314,MNAR,brms,245
y_noMiss,b_light,-0.39463660692528024,0.052252526678238265,-0.49776568453390296,-0.39506230873349724,-0.29101417398466745,MNAR,brms,245
y_noMiss,b_discharge,0.11857203586663427,0.05360478987608018,0.012252448854780404,0.11888534675392087,0.2238317504458515,MNAR,brms,245
y_noMiss,phi,0.4384672058533839,0.05421455469384785,0.3322299708427734,0.43889677320375603,0.5451157610691296,MNAR,brms,245
y_noMiss,sigma,1.0073559189990895,0.04225045750586494,0.9295523892961215,1.0055767192752025,1.0924512445320178,MNAR,brms,245
y_noMiss,Intercept,-0.07008823706557347,0.10643810704650149,-0.2802640738343071,-0.06984513818679469,0.1378771664695413,MNAR,brms,245
