missingprop_autocor,parameter,mean,sd,2.5%,50%,97.5%,missingness,type,run_no
y_noMiss,b_Intercept,0.512581001425545,0.09959582914890718,0.3154405012624874,0.5130778656687821,0.7050182968384,MNAR,brms,246
y_noMiss,b_light,-0.4726418930812978,0.06152120227223712,-0.5934226530968806,-0.47262729273398857,-0.3537031105347293,MNAR,brms,246
y_noMiss,b_discharge,-0.49225232187099066,0.057491888187762026,-0.6038971145065587,-0.49151318749236994,-0.3787837885152312,MNAR,brms,246
y_noMiss,phi,0.3768829326972925,0.055840757514265545,0.26655042840817766,0.3762738078989243,0.4847770333786244,MNAR,brms,246
y_noMiss,sigma,1.0463195934019187,0.04416076221947848,0.9655738354282317,1.0447747301265493,1.1356788631442376,MNAR,brms,246
y_noMiss,Intercept,0.5255122270408394,0.09952843798310962,0.33038202703025216,0.5255505192951552,0.7167854502851151,MNAR,brms,246
