missingprop_autocor,parameter,mean,sd,2.5%,50%,97.5%,missingness,type,run_no
y_noMiss,b_Intercept,-1.533592968572116,0.06838967167896191,-1.6697473760690056,-1.5332674368410344,-1.3977733809612682,MNAR,brms,247
y_noMiss,b_light,0.10470573884077389,0.0533168878581866,-2.2845211952984772e-4,0.10473537571311765,0.2091500773452576,MNAR,brms,247
y_noMiss,b_discharge,-2.0803341196555802,0.05362513428832537,-2.1877413950159674,-2.0795389421208457,-1.974449386856433,MNAR,brms,247
y_noMiss,phi,0.1556641647672404,0.05926429581060224,0.03946269357839031,0.1557707583602223,0.2706021131497791,MNAR,brms,247
y_noMiss,sigma,0.9632500500712194,0.03975349920994229,0.8888072049677335,0.9619073663903934,1.0453720847122983,MNAR,brms,247
y_noMiss,Intercept,-1.5067258064228144,0.0683790532434688,-1.6427745706860812,-1.506421820943843,-1.371309633893665,MNAR,brms,247
