missingprop_autocor,parameter,mean,sd,2.5%,50%,97.5%,missingness,type,run_no
y_noMiss,b_Intercept,1.4146899135243298,0.07976594371009676,1.2570187099306303,1.4149866463454972,1.5710574331464249,MNAR,brms,248
y_noMiss,b_light,0.4772483941561004,0.06408400110434619,0.35197017009220094,0.47768586368566895,0.6030133245961165,MNAR,brms,248
y_noMiss,b_discharge,0.8567432845531212,0.05913318546869056,0.7397865254339192,0.8578660350600245,0.97188829865554,MNAR,brms,248
y_noMiss,phi,0.2391208939190411,0.056941693597005,0.12834719324620636,0.23896963874605248,0.3501174256295308,MNAR,brms,248
y_noMiss,sigma,1.0235005872919327,0.042988070469473984,0.9440520492876024,1.0223064736899343,1.113049007254834,MNAR,brms,248
y_noMiss,Intercept,1.3832168126720694,0.07969507610765174,1.2246869005646577,1.383616049655732,1.5395243653955197,MNAR,brms,248
