missingprop_autocor,parameter,mean,sd,2.5%,50%,97.5%,missingness,type,run_no
y_noMiss,b_Intercept,-2.0184760141835745,0.060567872991403794,-2.135247126864626,-2.0179566191479474,-1.9003319195073651,MNAR,brms,249
y_noMiss,b_light,1.448201111529487,0.06050344022517576,1.3290552414345675,1.4488735319122577,1.5645655831368015,MNAR,brms,249
y_noMiss,b_discharge,-1.9198508476019418,0.05715639517034385,-2.0319175992050567,-1.9197191189411211,-1.8073212670037693,MNAR,brms,249
y_noMiss,phi,0.053737011102190854,0.0600953367895416,-0.0647210216544518,0.053163354452055556,0.17213654105982656,MNAR,brms,249
y_noMiss,sigma,0.9805657573045623,0.04167193620716334,0.9020739326615383,0.9791091176369151,1.065771681098123,MNAR,brms,249
y_noMiss,Intercept,-1.986580617201506,0.06056609344164286,-2.1037596706710446,-1.9859866910623145,-1.8687125025822071,MNAR,brms,249
