missingprop_autocor,parameter,mean,sd,2.5%,50%,97.5%,missingness,type,run_no
y_noMiss,b_Intercept,1.2770899379318068,0.1956928110676812,0.8921333240681252,1.2783418714731787,1.6694410580830328,MNAR,brms,24
y_noMiss,b_light,-0.021958205893814926,0.04691102977026276,-0.11386807938459101,-0.02181275217813931,0.07006809546597774,MNAR,brms,24
y_noMiss,b_discharge,-1.1862261555644924,0.045972794405019286,-1.276490437881383,-1.18678365015104,-1.095921289281826,MNAR,brms,24
y_noMiss,phi,0.7096691659761906,0.04192825534302561,0.6281218829504017,0.7095808101185577,0.7922658157232888,MNAR,brms,24
y_noMiss,sigma,0.9545016067238611,0.03989480993850454,0.879100980439388,0.9533582228004864,1.0350098249845994,MNAR,brms,24
y_noMiss,Intercept,1.22403808910037,0.19571100658158172,0.8439987992527385,1.2254681527362248,1.6149919468653755,MNAR,brms,24
