missingprop_autocor,parameter,mean,sd,2.5%,50%,97.5%,missingness,type,run_no
y_noMiss,b_Intercept,0.27432397849219,0.07308081532217559,0.13128000244204813,0.2734959024404605,0.4169588939428326,MNAR,brms,250
y_noMiss,b_light,0.494089712576763,0.06448109871489052,0.3657364543333239,0.4948805267474261,0.6199721711580568,MNAR,brms,250
y_noMiss,b_discharge,0.1981215895956973,0.06127384774111862,0.07638530091783469,0.19912024352541075,0.3178445820428701,MNAR,brms,250
y_noMiss,phi,0.13276528126524265,0.05920593307257339,0.016308982993089065,0.13222654576966186,0.2469901925814023,MNAR,brms,250
y_noMiss,sigma,1.0786890463577485,0.04494761364918602,0.9944197198494088,1.0774477644078424,1.1695423861966276,MNAR,brms,250
y_noMiss,Intercept,0.2703940079035533,0.07307684462327782,0.1275775040310681,0.26967860635885943,0.4130270107492823,MNAR,brms,250
