missingprop_autocor,parameter,mean,sd,2.5%,50%,97.5%,missingness,type,run_no
y_noMiss,b_Intercept,0.6317204393901105,0.3114573224166044,0.03094934684761904,0.6244703060866141,1.2690590710852847,MNAR,brms,251
y_noMiss,b_light,0.7365692419529276,0.04775757122194758,0.6410636170935036,0.7361496600603923,0.8302476852704737,MNAR,brms,251
y_noMiss,b_discharge,-0.42305729746354864,0.0489393543944272,-0.5182632719294018,-0.423261138856567,-0.32635829321159493,MNAR,brms,251
y_noMiss,phi,0.8081723611493337,0.036182660313676424,0.7389208216042288,0.8082388877659509,0.8802369559637275,MNAR,brms,251
y_noMiss,sigma,1.0193812626592764,0.0432966477977337,0.939298112316044,1.0179710477221853,1.1096863890628654,MNAR,brms,251
y_noMiss,Intercept,0.6256612816851855,0.3114585548081627,0.025320180797887726,0.6184316436636088,1.2640225437485149,MNAR,brms,251
