missingprop_autocor,parameter,mean,sd,2.5%,50%,97.5%,missingness,type,run_no
y_noMiss,b_Intercept,1.150816381302844,0.1641490104520799,0.8247842726573436,1.1519900130519871,1.4781342151682166,MNAR,brms,252
y_noMiss,b_light,-1.0066819347769789,0.050170752632002644,-1.1031865165066184,-1.0070311202723459,-0.9076602778461699,MNAR,brms,252
y_noMiss,b_discharge,0.7967318304249708,0.050537266142800706,0.6992023123507142,0.7967498605682604,0.8964096183852334,MNAR,brms,252
y_noMiss,phi,0.664911921957706,0.04453784072839112,0.5792226569122185,0.6634688784491198,0.7513629527573764,MNAR,brms,252
y_noMiss,sigma,0.9409976266402144,0.03962194348655428,0.8666841779287103,0.939731576595598,1.0232208612586968,MNAR,brms,252
y_noMiss,Intercept,1.1160573363601918,0.16415955310428437,0.7888786066338775,1.11733888308502,1.4431685707392106,MNAR,brms,252
