missingprop_autocor,parameter,mean,sd,2.5%,50%,97.5%,missingness,type,run_no
y_noMiss,b_Intercept,-0.14518837975761356,0.12082169214216043,-0.385847864351519,-0.14523718524727652,0.0881008221885643,MNAR,brms,253
y_noMiss,b_light,0.8259536408825457,0.05258366741258342,0.7242871420656275,0.8253632679479286,0.9298213537411181,MNAR,brms,253
y_noMiss,b_discharge,-0.8675851415917835,0.05881796592234718,-0.9833521973112652,-0.8680089832124536,-0.7499433189396293,MNAR,brms,253
y_noMiss,phi,0.5001834583265404,0.05138040145520671,0.40199079675133637,0.501018033192457,0.6019401232493851,MNAR,brms,253
y_noMiss,sigma,1.0258032594440385,0.04227192421522141,0.9471268970803433,1.0248395643323642,1.1125743371696748,MNAR,brms,253
y_noMiss,Intercept,-0.13313275587522594,0.12067896110631048,-0.375344562191227,-0.13367072934601176,0.09968780247142855,MNAR,brms,253
