missingprop_autocor,parameter,mean,sd,2.5%,50%,97.5%,missingness,type,run_no
y_noMiss,b_Intercept,-2.054704980756188,0.0813240663946691,-2.2155830429747954,-2.0536161630925163,-1.8956434792877839,MNAR,brms,254
y_noMiss,b_light,-0.5338415807279537,0.061691245957953667,-0.6561948764623908,-0.534212621495833,-0.41388785052959476,MNAR,brms,254
y_noMiss,b_discharge,0.9329267304091228,0.05954639480831632,0.8166187680620723,0.9325800451425885,1.0493765513854139,MNAR,brms,254
y_noMiss,phi,0.24996763737138197,0.057690527104897464,0.13587449361242715,0.2501913367045023,0.3614337476013883,MNAR,brms,254
y_noMiss,sigma,1.047222763960444,0.043294016853257004,0.9661080715512717,1.0462538114577962,1.1345536722925669,MNAR,brms,254
y_noMiss,Intercept,-2.1485710894185672,0.08111574843780332,-2.3086505974792626,-2.1481300859488455,-1.9892533712362566,MNAR,brms,254
