missingprop_autocor,parameter,mean,sd,2.5%,50%,97.5%,missingness,type,run_no
y_noMiss,b_Intercept,-0.5243529052454285,0.19994432933839806,-0.9318893529741572,-0.5237551753261557,-0.11958355072687477,MNAR,brms,255
y_noMiss,b_light,0.08945833650404186,0.050916445945829926,-0.01022082771650653,0.08969518979365058,0.18898084609930027,MNAR,brms,255
y_noMiss,b_discharge,-0.5361024769698118,0.04665931995804396,-0.6291628067865014,-0.535936826494134,-0.44712506132406027,MNAR,brms,255
y_noMiss,phi,0.7069099206924093,0.04217012910430359,0.623047360707274,0.7074590623449672,0.7899559688837828,MNAR,brms,255
y_noMiss,sigma,0.985275961164607,0.040397343523335495,0.9090974356263363,0.9839055894007738,1.0675691506814038,MNAR,brms,255
y_noMiss,Intercept,-0.5126927860360782,0.19998356883370225,-0.9202686315127466,-0.5121945837638335,-0.1077661754958651,MNAR,brms,255
