missingprop_autocor,parameter,mean,sd,2.5%,50%,97.5%,missingness,type,run_no
y_noMiss,b_Intercept,0.9186330004963378,0.05677513061371749,0.8060276430873595,0.9192392880493437,1.0306990388049906,MNAR,brms,256
y_noMiss,b_light,-1.371538251247715,0.05172638798268455,-1.4711615864174905,-1.3714539352323452,-1.2702427486268182,MNAR,brms,256
y_noMiss,b_discharge,1.1775963580042978,0.05281397531237122,1.0726785036249464,1.1780913767924477,1.2817675662916725,MNAR,brms,256
y_noMiss,phi,0.07234339729522692,0.059572892221548684,-0.04597199019745321,0.07242995708314558,0.18868248818017208,MNAR,brms,256
y_noMiss,sigma,0.9028958471058558,0.037096896938901204,0.8336084927397697,0.9015083587871462,0.9806508909809085,MNAR,brms,256
y_noMiss,Intercept,1.0568824437909772,0.05639661971500541,0.9465483374362668,1.0567942834753303,1.1674664307913594,MNAR,brms,256
