missingprop_autocor,parameter,mean,sd,2.5%,50%,97.5%,missingness,type,run_no
y_noMiss,b_Intercept,0.021536339177919975,0.11171196848043093,-0.19683948053503444,0.02178956060481496,0.23575150098355568,MNAR,brms,257
y_noMiss,b_light,0.15910337283641193,0.055180374467496546,0.05000396318188949,0.15915863788675433,0.2663431150681479,MNAR,brms,257
y_noMiss,b_discharge,-0.812182099796657,0.05775895993272756,-0.9257239664487055,-0.8118929535080888,-0.6989832733088439,MNAR,brms,257
y_noMiss,phi,0.44985154732542076,0.05366330400156368,0.34358946717201266,0.4499079688566783,0.5565577153181821,MNAR,brms,257
y_noMiss,sigma,1.019972884728377,0.04326691901778185,0.9391773028296296,1.0184026824569559,1.111164945259656,MNAR,brms,257
y_noMiss,Intercept,0.04415571884627553,0.1115492929677528,-0.17344492874677178,0.0444938347996947,0.2586231051983598,MNAR,brms,257
