missingprop_autocor,parameter,mean,sd,2.5%,50%,97.5%,missingness,type,run_no
y_noMiss,b_Intercept,0.6096206724466345,0.4037767764431435,-0.1903669714858729,0.612862983757329,1.3916797586585372,MNAR,brms,258
y_noMiss,b_light,-0.488040581446383,0.05007444943911,-0.5852869565876221,-0.4879683682439122,-0.39016896948316365,MNAR,brms,258
y_noMiss,b_discharge,-0.7528451457707589,0.04726926846821729,-0.8439832309267611,-0.7531102470064139,-0.6622679803564987,MNAR,brms,258
y_noMiss,phi,0.8507467865542417,0.0327474582311053,0.7863937298302928,0.8509620940582527,0.9157592484314396,MNAR,brms,258
y_noMiss,sigma,1.0763947886056868,0.04532721207878448,0.9929807689671553,1.0752139831870848,1.1689383639919446,MNAR,brms,258
y_noMiss,Intercept,0.5880985088061963,0.403814210650454,-0.21248223353633827,0.5910002787377371,1.3712550813983186,MNAR,brms,258
