missingprop_autocor,parameter,mean,sd,2.5%,50%,97.5%,missingness,type,run_no
y_noMiss,b_Intercept,2.869683981979769,0.06428004798053555,2.74354096910302,2.8697455793612203,2.9956955862603247,MNAR,brms,259
y_noMiss,b_light,1.1051450489732897,0.05923023143031002,0.988850717659991,1.1051002675896497,1.2205842733455792,MNAR,brms,259
y_noMiss,b_discharge,1.7648022997765134,0.06341154257472947,1.6403372731217742,1.7646491913216154,1.8920256878399928,MNAR,brms,259
y_noMiss,phi,0.08138449572019031,0.05944893394461815,-0.03546499221505912,0.08121621234574018,0.1969151741528084,MNAR,brms,259
y_noMiss,sigma,1.0140653582032457,0.0419551258458113,0.9364678675565006,1.0122073653145538,1.1026427005485346,MNAR,brms,259
y_noMiss,Intercept,2.9672021287893884,0.06419588397381207,2.8419536238953635,2.967191942986171,3.0931909742611063,MNAR,brms,259
