missingprop_autocor,parameter,mean,sd,2.5%,50%,97.5%,missingness,type,run_no
y_noMiss,b_Intercept,0.07324032991342318,0.09909500055866158,-0.125554599607508,0.07328957049474297,0.27019878129264446,MNAR,brms,25
y_noMiss,b_light,0.4646233775711741,0.053673896835164554,0.35691080959062876,0.4642162059600339,0.5691150952975762,MNAR,brms,25
y_noMiss,b_discharge,-0.5620968655408631,0.05287990543664563,-0.6668965959092527,-0.5621996194824834,-0.4573537583945339,MNAR,brms,25
y_noMiss,phi,0.3948668059126709,0.055306566320810664,0.2865808513907374,0.39516363480553984,0.5022280088156966,MNAR,brms,25
y_noMiss,sigma,1.0170446703263607,0.042344672036491754,0.9376784918050806,1.015426949812728,1.10392334852129,MNAR,brms,25
y_noMiss,Intercept,0.07837298506031475,0.09909619546018145,-0.1211199008235604,0.07878205590476506,0.27583412001777907,MNAR,brms,25
