missingprop_autocor,parameter,mean,sd,2.5%,50%,97.5%,missingness,type,run_no
y_noMiss,b_Intercept,0.8970000579246635,0.06633056067561378,0.7628835308283266,0.8968585577731816,1.0258405792838463,MNAR,brms,260
y_noMiss,b_light,-0.15978394390804845,0.0632045699773913,-0.2835524223217047,-0.16042012086513205,-0.0341129206148087,MNAR,brms,260
y_noMiss,b_discharge,0.7879365653014262,0.058834243839744775,0.6745149675404714,0.7872978862471389,0.9044776356159351,MNAR,brms,260
y_noMiss,phi,0.08971320935404149,0.05945628150295424,-0.02606150111746239,0.0901665313022771,0.20596143409423087,MNAR,brms,260
y_noMiss,sigma,1.0206996425339494,0.04344818968330588,0.9387551564103921,1.0186528608914496,1.110076438475434,MNAR,brms,260
y_noMiss,Intercept,0.9603452939428917,0.06611421691594764,0.8262164202257456,0.9598102088498468,1.0898205269902579,MNAR,brms,260
