missingprop_autocor,parameter,mean,sd,2.5%,50%,97.5%,missingness,type,run_no
y_noMiss,b_Intercept,1.3474305301524863,0.0651227526189235,1.2211268969589524,1.3476126615929447,1.4754174670011997,MNAR,brms,261
y_noMiss,b_light,0.7225789415410048,0.052108463805824824,0.6215281787243406,0.7229976247907015,0.8250528213161311,MNAR,brms,261
y_noMiss,b_discharge,0.5586648033068702,0.05498908972855552,0.4510144961899104,0.5589043497651451,0.665934693449573,MNAR,brms,261
y_noMiss,phi,0.1267834847091721,0.058473400869189125,0.0123417159298355,0.12725053887244192,0.24063387789847013,MNAR,brms,261
y_noMiss,sigma,0.9557380823350622,0.040188059089395926,0.8811919327171024,0.9546841840846532,1.0386116549116888,MNAR,brms,261
y_noMiss,Intercept,1.308961841844553,0.06512020696654652,1.1832088997246406,1.3091109407789066,1.4366850061356224,MNAR,brms,261
