missingprop_autocor,parameter,mean,sd,2.5%,50%,97.5%,missingness,type,run_no
y_noMiss,b_Intercept,1.2832633866636078,0.0646628077311142,1.1582698627758647,1.2831736539672183,1.4112886781864626,MNAR,brms,262
y_noMiss,b_light,-0.54410206643885,0.06435801557826502,-0.6705446531684612,-0.5453297977786867,-0.41628176398106165,MNAR,brms,262
y_noMiss,b_discharge,-1.0431145252139544,0.06323907083634875,-1.1680724496095625,-1.0426493452177439,-0.9201759890161163,MNAR,brms,262
y_noMiss,phi,0.03367684266228056,0.05945459954887081,-0.08427509153134327,0.03363599130456885,0.15022215106938058,MNAR,brms,262
y_noMiss,sigma,1.0459594649420474,0.043236939622943865,0.9658836281837752,1.044776056253692,1.135474966276136,MNAR,brms,262
y_noMiss,Intercept,1.2454595475527135,0.06465754192582414,1.1202285069666997,1.245352671587199,1.3738732203081547,MNAR,brms,262
