missingprop_autocor,parameter,mean,sd,2.5%,50%,97.5%,missingness,type,run_no
y_noMiss,b_Intercept,1.0424544614661324,0.10740359785257171,0.8358031956783583,1.041933093989504,1.2560698652961717,MNAR,brms,263
y_noMiss,b_light,-1.7778501977269348,0.05263769307998559,-1.8810381617866738,-1.7776418672590988,-1.676803770835669,MNAR,brms,263
y_noMiss,b_discharge,-2.9496711899846977,0.05161185726268196,-3.05144797040783,-2.9500208442538502,-2.8491623845130096,MNAR,brms,263
y_noMiss,phi,0.47628306369025236,0.052603939574240435,0.3717334857415487,0.4764017439744693,0.5796856617446011,MNAR,brms,263
y_noMiss,sigma,0.9648575155264857,0.040325433828441885,0.8902874506916165,0.9639288589851527,1.0464446125756217,MNAR,brms,263
y_noMiss,Intercept,0.8435209570576838,0.10729563560310355,0.6368967411390112,0.84284990638239,1.053972921251718,MNAR,brms,263
