missingprop_autocor,parameter,mean,sd,2.5%,50%,97.5%,missingness,type,run_no
y_noMiss,b_Intercept,0.10578632600303939,0.08772464005654863,-0.06675491186690767,0.10533692900749173,0.2781429368295217,MNAR,brms,264
y_noMiss,b_light,0.8364811886737136,0.06193176484768207,0.7157996162722629,0.8357145351358722,0.9597421432492248,MNAR,brms,264
y_noMiss,b_discharge,-1.8983862575879802,0.059696367370397435,-2.015744507025603,-1.8980201139864779,-1.782799136609465,MNAR,brms,264
y_noMiss,phi,0.27825656512327246,0.05685340733946065,0.16500453173966798,0.278463838709548,0.38978850667463716,MNAR,brms,264
y_noMiss,sigma,1.0603037719969906,0.04424862650400541,0.9785364737307392,1.059140729665604,1.1502226507785878,MNAR,brms,264
y_noMiss,Intercept,0.003420390625784138,0.08770047648071709,-0.168476902919854,0.003047075797142281,0.17576866754899478,MNAR,brms,264
