missingprop_autocor,parameter,mean,sd,2.5%,50%,97.5%,missingness,type,run_no
y_noMiss,b_Intercept,0.24636801195006044,0.2175127507265307,-0.18568605563134283,0.24518389151508002,0.6656578774954268,MNAR,brms,265
y_noMiss,b_light,1.453887318147172,0.05114067953529731,1.3539452367925195,1.4536497017134202,1.5556156627658428,MNAR,brms,265
y_noMiss,b_discharge,-1.7811636427552662,0.04958759978910929,-1.8778006701980057,-1.7809721160583298,-1.6837351454523393,MNAR,brms,265
y_noMiss,phi,0.7147600912096218,0.04172135555833666,0.6325593065996228,0.7147130970261825,0.7956067171603488,MNAR,brms,265
y_noMiss,sigma,1.0503821089698653,0.04330419098234343,0.9690813282642388,1.0489260832477676,1.1394003457659605,MNAR,brms,265
y_noMiss,Intercept,0.2611269094419054,0.2175023777738732,-0.17033630779403758,0.25975405725854683,0.6803414202680319,MNAR,brms,265
