missingprop_autocor,parameter,mean,sd,2.5%,50%,97.5%,missingness,type,run_no
y_noMiss,b_Intercept,0.12184243257577007,0.26111522037887885,-0.4024751275671553,0.12393251573516335,0.6327948451928711,MNAR,brms,266
y_noMiss,b_light,-0.7709711638268699,0.0465009942597746,-0.8606096119117921,-0.771025355506586,-0.6799925614989878,MNAR,brms,266
y_noMiss,b_discharge,0.3148971353273444,0.04731138170522293,0.2220043399660742,0.31476028398049627,0.40884673927481313,MNAR,brms,266
y_noMiss,phi,0.7779412772687924,0.03784772505948298,0.7038707536783,0.7776333854170902,0.8527195704127997,MNAR,brms,266
y_noMiss,sigma,0.9856758745020295,0.04184640696036573,0.9085410580758123,0.9845880396268095,1.0713609125296837,MNAR,brms,266
y_noMiss,Intercept,0.09775299191053374,0.26103924422524016,-0.4275203825999903,0.10015015188557938,0.6078866819904356,MNAR,brms,266
