missingprop_autocor,parameter,mean,sd,2.5%,50%,97.5%,missingness,type,run_no
y_noMiss,b_Intercept,0.6695300294866392,0.1569192956333184,0.3577217057842511,0.6697564685113488,0.9865435573278337,MNAR,brms,267
y_noMiss,b_light,-0.4060035637934487,0.0509371477225017,-0.5055373208616358,-0.40514036401133197,-0.3078915910068448,MNAR,brms,267
y_noMiss,b_discharge,0.24776415844546898,0.05565247097534834,0.1389422037695767,0.24765463756539474,0.3587606859910548,MNAR,brms,267
y_noMiss,phi,0.6150892465971289,0.04709370238904005,0.5216430412023113,0.6158446621638802,0.7064064445048227,MNAR,brms,267
y_noMiss,sigma,1.0194509322785335,0.04263374572856035,0.9386896727697094,1.0181350726663214,1.107350601417799,MNAR,brms,267
y_noMiss,Intercept,0.6146140562975222,0.15692199586507896,0.3019330724956314,0.6150687796955419,0.9310866772327989,MNAR,brms,267
