missingprop_autocor,parameter,mean,sd,2.5%,50%,97.5%,missingness,type,run_no
y_noMiss,b_Intercept,-0.2914209438245334,0.21345693394467458,-0.6981589710785117,-0.29447398004873854,0.1413646950421959,MNAR,brms,268
y_noMiss,b_light,-1.624467272789325,0.04767732690119986,-1.7185457332932907,-1.624299274965245,-1.532097968316705,MNAR,brms,268
y_noMiss,b_discharge,1.8074574558921679,0.050922900820859394,1.7056487798880386,1.8079295637859167,1.9084617877051213,MNAR,brms,268
y_noMiss,phi,0.7237626386406822,0.04204861757254556,0.6405920460836202,0.7237234601438156,0.8057586017755787,MNAR,brms,268
y_noMiss,sigma,0.9901347588563045,0.041206775295122025,0.9136639401334005,0.9885035330819092,1.0762700277651234,MNAR,brms,268
y_noMiss,Intercept,-0.3181034769946877,0.21342378173720644,-0.7244644332898618,-0.32082012067979004,0.114864293168999,MNAR,brms,268
