missingprop_autocor,parameter,mean,sd,2.5%,50%,97.5%,missingness,type,run_no
y_noMiss,b_Intercept,2.461078081224417,0.05996154465875645,2.342810221384921,2.4610016455599624,2.5783804359432008,MNAR,brms,269
y_noMiss,b_light,1.421241722674377,0.05278530151437531,1.321268953274649,1.4207613091194098,1.525636877747365,MNAR,brms,269
y_noMiss,b_discharge,-0.31693612696932266,0.05545801136006104,-0.4271998593889657,-0.3169054498457665,-0.21050228773487029,MNAR,brms,269
y_noMiss,phi,0.043525263400006245,0.05935754128286578,-0.07352035985474138,0.044129187409475676,0.15998183424121049,MNAR,brms,269
y_noMiss,sigma,0.97644698067143,0.04116827755639147,0.8996530214037646,0.9755003039836924,1.0609987859190881,MNAR,brms,269
y_noMiss,Intercept,2.461322246156067,0.05996558588415576,2.3436646120513536,2.4614067146551344,2.578770740429402,MNAR,brms,269
