missingprop_autocor,parameter,mean,sd,2.5%,50%,97.5%,missingness,type,run_no
y_noMiss,b_Intercept,-0.7427559779811401,0.07254841480307146,-0.8862339485262937,-0.7426848905866673,-0.6010597054906175,MNAR,brms,26
y_noMiss,b_light,-0.7650300843948642,0.05647466002292338,-0.8739848639795189,-0.7649682259759224,-0.65399024438396,MNAR,brms,26
y_noMiss,b_discharge,-0.8725611938617298,0.06207481688035554,-0.994906010075912,-0.8731047722772682,-0.7489821438453905,MNAR,brms,26
y_noMiss,phi,0.18508318534851997,0.05745016429178401,0.0733991191463534,0.18562679363556023,0.2986616112525596,MNAR,brms,26
y_noMiss,sigma,0.9983315321113089,0.04256910829615707,0.9178727997355722,0.996582053803682,1.0852510885309774,MNAR,brms,26
y_noMiss,Intercept,-0.8898013848624883,0.07212014721742468,-1.0322936193087187,-0.8896387793447094,-0.7484883906407848,MNAR,brms,26
