missingprop_autocor,parameter,mean,sd,2.5%,50%,97.5%,missingness,type,run_no
y_noMiss,b_Intercept,1.6842320842756688,0.2235820395991754,1.214043344580771,1.6937738671837617,2.1037957208400404,MNAR,brms,270
y_noMiss,b_light,-1.4035099159666091,0.050588433992841096,-1.5003021683343352,-1.4037837381343095,-1.3030579806772782,MNAR,brms,270
y_noMiss,b_discharge,-0.9246984193668564,0.04909505860992484,-1.0203703577853174,-0.9239461394859925,-0.8274402574133864,MNAR,brms,270
y_noMiss,phi,0.7207419569501352,0.04262931194043646,0.6384013449796138,0.7200759656053817,0.8035363420924705,MNAR,brms,270
y_noMiss,sigma,1.0175395743847,0.04264828841013637,0.9383130829535642,1.0158885327948142,1.1049665393306987,MNAR,brms,270
y_noMiss,Intercept,1.7839810089201926,0.2234958822102734,1.3135052184040341,1.793681266128707,2.204781567651322,MNAR,brms,270
