missingprop_autocor,parameter,mean,sd,2.5%,50%,97.5%,missingness,type,run_no
y_noMiss,b_Intercept,-0.19523203473282272,0.06104675693245566,-0.31703383316861306,-0.19555950836177538,-0.0759652295551042,MNAR,brms,271
y_noMiss,b_light,0.1980035859384816,0.05709051122978546,0.08515077113075395,0.1977293846874843,0.3103619383281801,MNAR,brms,271
y_noMiss,b_discharge,1.5766289018680117,0.057332208364684424,1.4662050162592433,1.576919014441211,1.6894456536849791,MNAR,brms,271
y_noMiss,phi,0.06426449533295345,0.05807790833762583,-0.04962280561076687,0.06468053476544075,0.1765040378543592,MNAR,brms,271
y_noMiss,sigma,0.9879889694690028,0.041756315653875595,0.9097997697038562,0.9871037668791689,1.0735479776575987,MNAR,brms,271
y_noMiss,Intercept,-0.2921652352268931,0.06084515960821024,-0.4124604333773312,-0.2922614544864652,-0.17327076945625303,MNAR,brms,271
