missingprop_autocor,parameter,mean,sd,2.5%,50%,97.5%,missingness,type,run_no
y_noMiss,b_Intercept,-1.400215811459987,0.0734252077614596,-1.544901454578021,-1.3998356822709934,-1.257795623851934,MNAR,brms,272
y_noMiss,b_light,-0.026704022447513055,0.06342601388916208,-0.15358218407845053,-0.02664546911839917,0.09940616878870095,MNAR,brms,272
y_noMiss,b_discharge,-0.26994305409399755,0.058179612715717796,-0.3813302829680028,-0.27020904218442887,-0.15185143665386522,MNAR,brms,272
y_noMiss,phi,0.169969956819261,0.059291980840061154,0.05449420261729573,0.1701946369693953,0.2867319621650287,MNAR,brms,272
y_noMiss,sigma,1.0270624040179037,0.042856762793399276,0.9468086163627241,1.0255328431097024,1.1159545124731223,MNAR,brms,272
y_noMiss,Intercept,-1.3957848592352216,0.07320609456446188,-1.540013424687968,-1.395549038966494,-1.2523774788903284,MNAR,brms,272
