missingprop_autocor,parameter,mean,sd,2.5%,50%,97.5%,missingness,type,run_no
y_noMiss,b_Intercept,0.27714537623828855,0.1178133202837062,0.04479831876640375,0.2793349375075262,0.5065318990209917,MNAR,brms,273
y_noMiss,b_light,0.9741069031971592,0.04738703378717867,0.8792804936512008,0.9744522288712651,1.0669783217916229,MNAR,brms,273
y_noMiss,b_discharge,0.9961806364426935,0.05446187660850178,0.8903718439111665,0.996579091807392,1.1029499095479718,MNAR,brms,273
y_noMiss,phi,0.4660646361921115,0.05239850867393457,0.36311048328620044,0.4661728017908251,0.5688344126074287,MNAR,brms,273
y_noMiss,sigma,1.060907130915945,0.04366340595700146,0.9808900392830767,1.0593425373095098,1.151423421916162,MNAR,brms,273
y_noMiss,Intercept,0.21881154739121625,0.1177690695664444,-0.013290009494656509,0.22075638171719147,0.44812398598449366,MNAR,brms,273
