missingprop_autocor,parameter,mean,sd,2.5%,50%,97.5%,missingness,type,run_no
y_noMiss,b_Intercept,-0.14576533524790372,0.08032322616507802,-0.3039065667659745,-0.14503272203534692,0.01471509609480589,MNAR,brms,274
y_noMiss,b_light,0.2507223800196111,0.05807104762010006,0.1371312453915829,0.2509980976515518,0.36396260326665786,MNAR,brms,274
y_noMiss,b_discharge,1.3175620147012597,0.059914248667035416,1.2010222508059811,1.3174869114825407,1.438569080632672,MNAR,brms,274
y_noMiss,phi,0.2162899894610278,0.057472091030674674,0.10254714918731789,0.21626913056461558,0.3278834890665927,MNAR,brms,274
y_noMiss,sigma,1.0437773008625473,0.04362495553278591,0.9629226380616305,1.0426467246171884,1.1342200624573922,MNAR,brms,274
y_noMiss,Intercept,-0.24870418599378913,0.08004121989023548,-0.40542519081171513,-0.24753537712685808,-0.08830991167912404,MNAR,brms,274
