missingprop_autocor,parameter,mean,sd,2.5%,50%,97.5%,missingness,type,run_no
y_noMiss,b_Intercept,-1.337521661447568,0.08218658529172562,-1.4989183962982673,-1.336651412465698,-1.1762632583490606,MNAR,brms,275
y_noMiss,b_light,-2.1028443134498325,0.05670703692012441,-2.2149640438945366,-2.102732763483158,-1.9896569638878387,MNAR,brms,275
y_noMiss,b_discharge,1.315110975573673,0.05627516338687778,1.2058822848905646,1.3142413131001338,1.4236685128481767,MNAR,brms,275
y_noMiss,phi,0.25751102668957304,0.05829380496772565,0.14529495642916423,0.25775444664968095,0.37201156484403575,MNAR,brms,275
y_noMiss,sigma,1.0195974389736433,0.04296061074952053,0.9384224249980299,1.018196105369661,1.1067309907019793,MNAR,brms,275
y_noMiss,Intercept,-1.4464706719153022,0.08208684477441704,-1.6077381314547552,-1.446090574992879,-1.2855506604896922,MNAR,brms,275
