missingprop_autocor,parameter,mean,sd,2.5%,50%,97.5%,missingness,type,run_no
y_noMiss,b_Intercept,-1.1016595213634957,0.12189990105254746,-1.336448845706472,-1.1019136681750294,-0.8619609908594603,MNAR,brms,276
y_noMiss,b_light,1.4259640822295025,0.050661049577428924,1.3256366112028013,1.4264630301600785,1.5241534042646259,MNAR,brms,276
y_noMiss,b_discharge,0.1050719085979515,0.05213905373713906,0.006689658395604489,0.10485539689716183,0.2077903750140487,MNAR,brms,276
y_noMiss,phi,0.5105634376620038,0.05120038690040254,0.4091995992243559,0.5108625006773969,0.6106560636385174,MNAR,brms,276
y_noMiss,sigma,1.005898671015078,0.042108101733705196,0.9283398414466945,1.004545643066173,1.093469017097927,MNAR,brms,276
y_noMiss,Intercept,-1.0302261341440018,0.12178766585899314,-1.2651474219096104,-1.0300538886808568,-0.7897456600580266,MNAR,brms,276
