missingprop_autocor,parameter,mean,sd,2.5%,50%,97.5%,missingness,type,run_no
y_noMiss,b_Intercept,-0.9743489741641386,0.08771650571749233,-1.148237751997523,-0.9740710943644522,-0.8041946354748247,MNAR,brms,277
y_noMiss,b_light,0.31412583296800844,0.056740798799264885,0.20483099568843172,0.3136618564888749,0.42691832381849387,MNAR,brms,277
y_noMiss,b_discharge,-2.1266133334373034,0.05835674375793366,-2.2421682706994974,-2.1263023036240254,-2.0119287991341377,MNAR,brms,277
y_noMiss,phi,0.3138182649311898,0.05779503252105153,0.2002675990902282,0.3139564900937278,0.4256736648007229,MNAR,brms,277
y_noMiss,sigma,1.0125315934957184,0.043223410825790294,0.9305346949592121,1.0110290183916968,1.1001619972358936,MNAR,brms,277
y_noMiss,Intercept,-0.8362121960720821,0.0873813392631235,-1.011429753263816,-0.8359089218052158,-0.6661890545869531,MNAR,brms,277
