missingprop_autocor,parameter,mean,sd,2.5%,50%,97.5%,missingness,type,run_no
y_noMiss,b_Intercept,0.2772105091293309,0.1775072819465402,-0.06405349017268828,0.27489372439284243,0.6319078679523363,MNAR,brms,278
y_noMiss,b_light,-0.397488794290077,0.05156370365789988,-0.49967847220609446,-0.3964442642525845,-0.29677549414360105,MNAR,brms,278
y_noMiss,b_discharge,0.11175461619521365,0.04828844231730731,0.016553367833467267,0.11126188164595449,0.206836499747668,MNAR,brms,278
y_noMiss,phi,0.6587292396220773,0.04457321702589407,0.5715443252269948,0.6589639213358408,0.746309401807051,MNAR,brms,278
y_noMiss,sigma,1.0349325617018306,0.043327940416051064,0.9543036937360037,1.0333443238028885,1.123731244673121,MNAR,brms,278
y_noMiss,Intercept,0.28722455885804793,0.17747100676654018,-0.0539148992833487,0.28478254437203077,0.6405151849734435,MNAR,brms,278
