missingprop_autocor,parameter,mean,sd,2.5%,50%,97.5%,missingness,type,run_no
y_noMiss,b_Intercept,-0.3319035174292363,0.07848863505883456,-0.48285479174531026,-0.3326935461199241,-0.1764647719537527,MNAR,brms,279
y_noMiss,b_light,0.48670231062986435,0.048784066769127665,0.3896528138527293,0.48719803359057207,0.5806450200193464,MNAR,brms,279
y_noMiss,b_discharge,0.45100267461432003,0.050559579620042296,0.35145570944125043,0.45095166232266215,0.5497670042766818,MNAR,brms,279
y_noMiss,phi,0.3003212095128009,0.056879668524593904,0.1888274920459325,0.29999862167749924,0.4125159681069114,MNAR,brms,279
y_noMiss,sigma,0.9375992283651334,0.0398299965407496,0.8641908572444137,0.9365537659233394,1.0194199715779328,MNAR,brms,279
y_noMiss,Intercept,-0.4224321975794268,0.07822903551565122,-0.5740017159121127,-0.423016656609882,-0.26783472342650716,MNAR,brms,279
