missingprop_autocor,parameter,mean,sd,2.5%,50%,97.5%,missingness,type,run_no
y_noMiss,b_Intercept,-0.9710190198474467,0.12697711514764312,-1.222396610377397,-0.9687185635889739,-0.7201836512582658,MNAR,brms,27
y_noMiss,b_light,-0.7481206745999032,0.055275626032981445,-0.8565532479047391,-0.748850934427185,-0.6379369745644818,MNAR,brms,27
y_noMiss,b_discharge,-0.7384938310444494,0.050327732747608996,-0.8386856010554217,-0.7385936138104352,-0.6416905657485202,MNAR,brms,27
y_noMiss,phi,0.5300062314128419,0.05031742268870046,0.4307186015876499,0.5301481156700727,0.6291656837297078,MNAR,brms,27
y_noMiss,sigma,1.0067117048448806,0.04229341475217442,0.928884213678635,1.0050389201445968,1.0954954086666167,MNAR,brms,27
y_noMiss,Intercept,-0.9592252690097236,0.1268893860710975,-1.2108205306992814,-0.9574821528003219,-0.7094728021864924,MNAR,brms,27
