missingprop_autocor,parameter,mean,sd,2.5%,50%,97.5%,missingness,type,run_no
y_noMiss,b_Intercept,-0.12143965899434928,0.07515488170777514,-0.2689477394387355,-0.11997145654924934,0.023478385907675002,MNAR,brms,280
y_noMiss,b_light,-0.8346524155778487,0.06002608482924617,-0.951530972739578,-0.8343778543856573,-0.719610777142288,MNAR,brms,280
y_noMiss,b_discharge,1.142027603894127,0.05765271377831644,1.02969095750261,1.142934367365562,1.2526996891307052,MNAR,brms,280
y_noMiss,phi,0.19642026232423485,0.057891971825709224,0.08159484924949041,0.19629593036617637,0.3110398565336539,MNAR,brms,280
y_noMiss,sigma,1.0143591506877827,0.04236073182545884,0.9357747931824812,1.0128312916722604,1.1008449020378526,MNAR,brms,280
y_noMiss,Intercept,-0.1344198069873726,0.07514423716881259,-0.28149524592973457,-0.1330211212958209,0.010511756553255648,MNAR,brms,280
