missingprop_autocor,parameter,mean,sd,2.5%,50%,97.5%,missingness,type,run_no
y_noMiss,b_Intercept,0.5959026962021642,0.06611099177278539,0.46852210390389365,0.5951416806515104,0.7285829855640867,MNAR,brms,281
y_noMiss,b_light,0.3103487357824643,0.05538875070855632,0.2016053067414689,0.3106325932148919,0.418262058802845,MNAR,brms,281
y_noMiss,b_discharge,-1.225730720294698,0.05965454644402679,-1.3441862893981757,-1.2259215661603564,-1.110028772696467,MNAR,brms,281
y_noMiss,phi,0.11334080909244175,0.05821443857490395,-0.001989572574282765,0.11358383061179937,0.2268921517672664,MNAR,brms,281
y_noMiss,sigma,1.000021859960223,0.041646238716684346,0.9218517225735877,0.9987629219928882,1.0862662754401624,MNAR,brms,281
y_noMiss,Intercept,0.5942036030972825,0.06608825700319111,0.4664250114909507,0.5934090101289631,0.7267390672040965,MNAR,brms,281
