missingprop_autocor,parameter,mean,sd,2.5%,50%,97.5%,missingness,type,run_no
y_noMiss,b_Intercept,0.959839181620518,0.08512253244166179,0.7875944861053598,0.9599807313214992,1.1252409707006095,MNAR,brms,282
y_noMiss,b_light,0.5497678414018026,0.05490588475758777,0.44350088991294,0.5490338691510042,0.6583192708279548,MNAR,brms,282
y_noMiss,b_discharge,-0.3348943105992265,0.05790525511779357,-0.4459031498794871,-0.33485959130665155,-0.21877531326361438,MNAR,brms,282
y_noMiss,phi,0.32139400387101635,0.05640454102522814,0.21287483721003303,0.3199625761339948,0.43319730850615185,MNAR,brms,282
y_noMiss,sigma,0.9936796227721694,0.04109044075002992,0.918340320380891,0.9922233904084812,1.0784337009852398,MNAR,brms,282
y_noMiss,Intercept,0.9425500531404406,0.08495844283886234,0.7718967030780709,0.9427990155752315,1.107533421582013,MNAR,brms,282
