missingprop_autocor,parameter,mean,sd,2.5%,50%,97.5%,missingness,type,run_no
y_noMiss,b_Intercept,1.666088016121018,0.10658264193517492,1.4541584124025144,1.6663649483053127,1.871975724512575,MNAR,brms,283
y_noMiss,b_light,0.2893620677605887,0.04808671555844822,0.19545720374293282,0.289576978968749,0.38440918566927307,MNAR,brms,283
y_noMiss,b_discharge,-1.3178613145065758,0.049325259490482096,-1.4156448254736824,-1.3175536059960415,-1.2200801100317873,MNAR,brms,283
y_noMiss,phi,0.47196965614316516,0.05290335284998299,0.36772908438009955,0.47156781177853246,0.5763026589981489,MNAR,brms,283
y_noMiss,sigma,0.9539237379892357,0.04037992143611825,0.8794194935965757,0.9521730949384877,1.0349564018889235,MNAR,brms,283
y_noMiss,Intercept,1.628993975287622,0.10653039553397904,1.4166618787838827,1.629213307100571,1.8349361177556074,MNAR,brms,283
