missingprop_autocor,parameter,mean,sd,2.5%,50%,97.5%,missingness,type,run_no
y_noMiss,b_Intercept,-0.05053814724500148,0.0772575597032959,-0.2024246272528658,-0.050106469039628954,0.09954730896190897,MNAR,brms,284
y_noMiss,b_light,0.16172204990236716,0.059065593691453665,0.04534445819671017,0.1615971958590014,0.27766478731976396,MNAR,brms,284
y_noMiss,b_discharge,-1.0471533792895762,0.059242136349147635,-1.162605913394962,-1.0475968811941927,-0.9306774870063319,MNAR,brms,284
y_noMiss,phi,0.20400262086120982,0.05968518485587265,0.08548610134486269,0.20390006427475277,0.3179753662551632,MNAR,brms,284
y_noMiss,sigma,1.02838944358792,0.0434560459910785,0.9469912391396479,1.0270231650813995,1.1174478691310026,MNAR,brms,284
y_noMiss,Intercept,-0.19697994783206113,0.07618205271119137,-0.34787632269873603,-0.1977847253085887,-0.049137071553298176,MNAR,brms,284
