missingprop_autocor,parameter,mean,sd,2.5%,50%,97.5%,missingness,type,run_no
y_noMiss,b_Intercept,0.6885538421668872,0.20616976039625556,0.27621974039467956,0.6886996395754668,1.0860309438747489,MNAR,brms,285
y_noMiss,b_light,0.1747553692701766,0.047670224500364775,0.08160830933389357,0.17440893315500025,0.26810768889571773,MNAR,brms,285
y_noMiss,b_discharge,-0.9961803552287173,0.050405074158118526,-1.0952785538028396,-0.996447454087158,-0.8990473881029405,MNAR,brms,285
y_noMiss,phi,0.724114534431669,0.04162870804315245,0.6440885869164658,0.7240435482810716,0.806187064528475,MNAR,brms,285
y_noMiss,sigma,0.9648391327396328,0.040798549576117164,0.8895260011835836,0.9634583744600829,1.0478630099949056,MNAR,brms,285
y_noMiss,Intercept,0.8434868161678941,0.20599442829894196,0.43540808815928095,0.8436891301875924,1.2427778069984103,MNAR,brms,285
