missingprop_autocor,parameter,mean,sd,2.5%,50%,97.5%,missingness,type,run_no
y_noMiss,b_Intercept,-1.7722691654484284,0.07402233932706881,-1.9203810512096813,-1.771045811842065,-1.6281912495791213,MNAR,brms,286
y_noMiss,b_light,0.745948579513003,0.05891285773329184,0.6335247325265793,0.7458468599008423,0.8636388015486038,MNAR,brms,286
y_noMiss,b_discharge,0.6987337229716928,0.06226517451356642,0.5755278899240265,0.699411253549215,0.8198121230513271,MNAR,brms,286
y_noMiss,phi,0.17997597223767936,0.05880223482178694,0.06378504230236408,0.18036302674387716,0.29495067067520003,MNAR,brms,286
y_noMiss,sigma,1.0147934304065431,0.04272523098438091,0.9352642236078478,1.0136127596338425,1.10323003942395,MNAR,brms,286
y_noMiss,Intercept,-1.8043857352346648,0.07383391825107137,-1.9529641777616373,-1.8036427148069087,-1.6605864559497299,MNAR,brms,286
