missingprop_autocor,parameter,mean,sd,2.5%,50%,97.5%,missingness,type,run_no
y_noMiss,b_Intercept,-2.008273098051408,0.08917361923967519,-2.185395344151821,-2.0064371005016737,-1.8348820696875783,MNAR,brms,287
y_noMiss,b_light,0.1506072614333046,0.059702787637221484,0.0361248500711746,0.14997558335331362,0.26759011122304,MNAR,brms,287
y_noMiss,b_discharge,-0.2411355630452355,0.05846724515100176,-0.3525211729351544,-0.24153269798881763,-0.12599875815470107,MNAR,brms,287
y_noMiss,phi,0.3092053073271162,0.05705382233017031,0.1978934554487846,0.3095904232198605,0.4218611214559036,MNAR,brms,287
y_noMiss,sigma,1.0564015263171476,0.04464750359733092,0.9744169297511909,1.0546421893567497,1.1465778816015808,MNAR,brms,287
y_noMiss,Intercept,-2.0010344368466857,0.08909951004145576,-2.178298491212183,-1.9988728720725257,-1.8265170518426004,MNAR,brms,287
