missingprop_autocor,parameter,mean,sd,2.5%,50%,97.5%,missingness,type,run_no
y_noMiss,b_Intercept,-0.7594957471065431,0.11660309680464614,-0.9813604514363976,-0.7608769744341248,-0.5282529942464118,MNAR,brms,288
y_noMiss,b_light,0.32206529861251953,0.04982871165298183,0.22205308400193402,0.3217287788628712,0.42126845482139175,MNAR,brms,288
y_noMiss,b_discharge,-0.2881856677501793,0.05293787217223788,-0.39195455124320017,-0.2885208794897463,-0.1823921608752129,MNAR,brms,288
y_noMiss,phi,0.4933581233628892,0.05204915359374129,0.3914155107130069,0.49321234205443093,0.59668176409901,MNAR,brms,288
y_noMiss,sigma,1.0048542400437792,0.041223638245999235,0.9278311285066198,1.003536575450214,1.0896283040565748,MNAR,brms,288
y_noMiss,Intercept,-0.7800757259601078,0.11659342953196676,-1.0022301347662836,-0.7811563184641039,-0.5497181217836111,MNAR,brms,288
