missingprop_autocor,parameter,mean,sd,2.5%,50%,97.5%,missingness,type,run_no
y_noMiss,b_Intercept,0.9086203546101119,0.07760338488530132,0.7566306399404397,0.9089343197817066,1.0627223586956358,MNAR,brms,289
y_noMiss,b_light,0.7439223279313462,0.060793830574202484,0.6238677995802144,0.7441043107571443,0.8634859360593476,MNAR,brms,289
y_noMiss,b_discharge,-1.0788788570196481,0.060297761558208686,-1.198976018821046,-1.0778656683906227,-0.9600961594287489,MNAR,brms,289
y_noMiss,phi,0.2112601340039293,0.05794742548709011,0.096650378010378,0.21139459037809805,0.3240561123541478,MNAR,brms,289
y_noMiss,sigma,1.0285089851697773,0.04418756171644672,0.9468466090374065,1.026964236684066,1.1206361695399476,MNAR,brms,289
y_noMiss,Intercept,1.0596979002272426,0.07706511618162412,0.9097127821985788,1.060098035733796,1.2127262711696405,MNAR,brms,289
