missingprop_autocor,parameter,mean,sd,2.5%,50%,97.5%,missingness,type,run_no
y_noMiss,b_Intercept,1.0569791606888828,0.11527299771711025,0.8312533363899334,1.0571799470483703,1.2866554375960984,MNAR,brms,28
y_noMiss,b_light,-0.45758675088088663,0.05249344534525504,-0.5602068486559141,-0.45766339145021107,-0.35546584547491056,MNAR,brms,28
y_noMiss,b_discharge,-0.30208891943871424,0.05532731046857789,-0.4099878543958729,-0.3025361019789433,-0.19459251962931812,MNAR,brms,28
y_noMiss,phi,0.49982365916686267,0.052160323840563766,0.39701489591929495,0.4999044350828914,0.6030263512225309,MNAR,brms,28
y_noMiss,sigma,0.978510234139231,0.040793268378090844,0.9038268628030777,0.976955554559618,1.0618888439698866,MNAR,brms,28
y_noMiss,Intercept,1.0261155383278622,0.11508738492098199,0.7992646705408232,1.0261007908810735,1.2562940443435062,MNAR,brms,28
