missingprop_autocor,parameter,mean,sd,2.5%,50%,97.5%,missingness,type,run_no
y_noMiss,b_Intercept,1.4652086683010055,0.08847678216270054,1.290535325083711,1.465966594979647,1.6384883397426644,MNAR,brms,290
y_noMiss,b_light,0.13647959252697456,0.05456097687305424,0.028397405723925486,0.1365129034304673,0.24506696887317972,MNAR,brms,290
y_noMiss,b_discharge,0.5317566415025993,0.0562311870822787,0.42038563883138425,0.5324176335436013,0.641137189743805,MNAR,brms,290
y_noMiss,phi,0.3278155430909401,0.05668103207259997,0.21636687385710388,0.3272836024302178,0.4380091899712347,MNAR,brms,290
y_noMiss,sigma,1.0119086651014153,0.04238229969673248,0.9322513218350582,1.0103603918586386,1.100954935818573,MNAR,brms,290
y_noMiss,Intercept,1.4538555783910516,0.0883731927798752,1.2785236533798447,1.4546980418502853,1.6257607023613996,MNAR,brms,290
