missingprop_autocor,parameter,mean,sd,2.5%,50%,97.5%,missingness,type,run_no
y_noMiss,b_Intercept,-0.6492722186884328,0.09767911857067747,-0.8413765899801237,-0.649037657116817,-0.4557143349914863,MNAR,brms,291
y_noMiss,b_light,1.1332341589845651,0.05668237449012955,1.0219162081462254,1.1324986443231289,1.2445495408492817,MNAR,brms,291
y_noMiss,b_discharge,0.07697858340384937,0.052472915087747825,-0.025666074213618103,0.07697316849617264,0.17786548390773804,MNAR,brms,291
y_noMiss,phi,0.3515377916027784,0.055742420203510785,0.24124905359984072,0.3509813040065499,0.46197801238433683,MNAR,brms,291
y_noMiss,sigma,1.0606331331376546,0.04436928181455298,0.9793507556341816,1.0587937185359717,1.1509999460081275,MNAR,brms,291
y_noMiss,Intercept,-0.6541083339424468,0.09770293482038679,-0.8463567404016837,-0.6538581707340543,-0.4598087622614814,MNAR,brms,291
