missingprop_autocor,parameter,mean,sd,2.5%,50%,97.5%,missingness,type,run_no
y_noMiss,b_Intercept,-0.14605676609194196,0.15117119073813323,-0.43866564476659803,-0.14738803002227047,0.1546210724543494,MNAR,brms,292
y_noMiss,b_light,-0.6564004898780121,0.052263005776445916,-0.7581902827663809,-0.6574690936173863,-0.5538908415475792,MNAR,brms,292
y_noMiss,b_discharge,1.9076621720602753,0.05402840689739909,1.802700748956949,1.9081846806087182,2.012500440446564,MNAR,brms,292
y_noMiss,phi,0.5985702247576394,0.04809583072685348,0.5023751539043224,0.5982334919764534,0.6944172189653051,MNAR,brms,292
y_noMiss,sigma,1.0255973515908166,0.042725051073422636,0.9461777600005615,1.0239938798575632,1.112966504638399,MNAR,brms,292
y_noMiss,Intercept,-0.16071393116043817,0.15118127053347133,-0.4537816145537811,-0.16191698736357785,0.140213099662019,MNAR,brms,292
