missingprop_autocor,parameter,mean,sd,2.5%,50%,97.5%,missingness,type,run_no
y_noMiss,b_Intercept,-2.1306823731721534,0.10040758372616283,-2.3240861291098462,-2.130057440855205,-1.9348335392507392,MNAR,brms,293
y_noMiss,b_light,1.0388777428228781,0.05204398092452649,0.9339415044391703,1.0388026535063277,1.1397675351022576,MNAR,brms,293
y_noMiss,b_discharge,0.43313171401419215,0.0625343030594522,0.31104599107570785,0.4323095106807944,0.5551077389381944,MNAR,brms,293
y_noMiss,phi,0.408905967483827,0.05550991697504953,0.3000256298052201,0.4078855407313119,0.5173408518178356,MNAR,brms,293
y_noMiss,sigma,1.0103119397053655,0.04256742729734836,0.9315899453552308,1.0095016406880748,1.0988762930937506,MNAR,brms,293
y_noMiss,Intercept,-2.169249037524995,0.10029982708903172,-2.3634620956317907,-2.1690644290020744,-1.9742955337608281,MNAR,brms,293
