missingprop_autocor,parameter,mean,sd,2.5%,50%,97.5%,missingness,type,run_no
y_noMiss,b_Intercept,0.36110607400730277,0.08724783029588952,0.18590505796518875,0.3611496536177456,0.5353855548070592,MNAR,brms,294
y_noMiss,b_light,1.359590531817149,0.05833014208127761,1.2405265141730195,1.3600579766212562,1.473846986327174,MNAR,brms,294
y_noMiss,b_discharge,0.9172834059483074,0.055255481539621135,0.8085986407509301,0.9168051580724623,1.0264379984675391,MNAR,brms,294
y_noMiss,phi,0.307169641312634,0.05648654972169379,0.19492372831397003,0.3073936383376231,0.4196805692872542,MNAR,brms,294
y_noMiss,sigma,1.0257439771889603,0.04352635865103605,0.9445466798017688,1.024169995644886,1.1139968195394605,MNAR,brms,294
y_noMiss,Intercept,0.35292073411267516,0.0872512147939756,0.17756503098839715,0.35281238558275674,0.5272279890878677,MNAR,brms,294
