missingprop_autocor,parameter,mean,sd,2.5%,50%,97.5%,missingness,type,run_no
y_noMiss,b_Intercept,-0.0022140419046785807,0.16046913795352896,-0.33120320139871506,-8.170279795822188e-4,0.30744126474741656,MNAR,brms,295
y_noMiss,b_light,0.07147893876550807,0.046272493288482666,-0.018886133602037673,0.07144600937385548,0.16288305671246656,MNAR,brms,295
y_noMiss,b_discharge,1.0375998095093253,0.04633686174178382,0.9475515312312344,1.0379037524968715,1.128351407813107,MNAR,brms,295
y_noMiss,phi,0.6380733158309396,0.04698847793569459,0.5449370206079105,0.638391102639349,0.7288808116223436,MNAR,brms,295
y_noMiss,sigma,0.9830548439101651,0.04067723668150728,0.9059072529339043,0.9818139681119942,1.0657349295494272,MNAR,brms,295
y_noMiss,Intercept,0.13751936236736326,0.16026839851561597,-0.1899702103172698,0.13959296889588912,0.44699888728884984,MNAR,brms,295
