missingprop_autocor,parameter,mean,sd,2.5%,50%,97.5%,missingness,type,run_no
y_noMiss,b_Intercept,-0.3457370188212953,0.07499683687859267,-0.4956258789452554,-0.34499750671497853,-0.19785261397644638,MNAR,brms,296
y_noMiss,b_light,0.0858088255374017,0.0579866635399877,-0.027339405124908327,0.08580731076891782,0.20004584458731853,MNAR,brms,296
y_noMiss,b_discharge,-0.860555032980472,0.05527990969986534,-0.9703933689502964,-0.8598571236274042,-0.7520841213999575,MNAR,brms,296
y_noMiss,phi,0.18793071516993864,0.057743184665330474,0.07627911338678059,0.18709781044857443,0.3016723482435824,MNAR,brms,296
y_noMiss,sigma,1.03301851909377,0.04326364480806759,0.9529716849665018,1.0319932958566036,1.1222735685888718,MNAR,brms,296
y_noMiss,Intercept,-0.41561621186010755,0.0747220355891437,-0.5647504148362265,-0.4153280694229683,-0.2696953882655824,MNAR,brms,296
