missingprop_autocor,parameter,mean,sd,2.5%,50%,97.5%,missingness,type,run_no
y_noMiss,b_Intercept,0.575249163576813,0.12206918003686122,0.3406381449061259,0.5734902817373515,0.8206720655645903,MNAR,brms,297
y_noMiss,b_light,0.8809286413557438,0.051504165723559966,0.7796841403038697,0.8813878250028795,0.9829347358028949,MNAR,brms,297
y_noMiss,b_discharge,-1.7328134442892629,0.055141562161042185,-1.840038274384605,-1.7334262048281093,-1.6243343159360637,MNAR,brms,297
y_noMiss,phi,0.5141493399419653,0.05236442939540985,0.41214364947429494,0.513380392375782,0.6179966334467418,MNAR,brms,297
y_noMiss,sigma,1.0046075551929272,0.04155209947996013,0.927377722964657,1.0037329821830276,1.0882473099637393,MNAR,brms,297
y_noMiss,Intercept,0.5353383754176515,0.12206109562023912,0.29976389700342493,0.5331008883985102,0.7810554342498487,MNAR,brms,297
