missingprop_autocor,parameter,mean,sd,2.5%,50%,97.5%,missingness,type,run_no
y_noMiss,b_Intercept,0.1750297503896944,0.08235435142774161,0.015510851805305011,0.17519586759370462,0.3352154190673467,MNAR,brms,298
y_noMiss,b_light,-1.390260948459603,0.06183396067063688,-1.5128417190049663,-1.3901877694700215,-1.2657215443176117,MNAR,brms,298
y_noMiss,b_discharge,-0.3437266938266738,0.06174534072798584,-0.4652820179927155,-0.3442251325147141,-0.22193873497791172,MNAR,brms,298
y_noMiss,phi,0.24695106038956363,0.05822827978267257,0.13181655978493984,0.2470760451673117,0.36015650522939036,MNAR,brms,298
y_noMiss,sigma,1.0492401702339953,0.043622942337169776,0.9676520623452104,1.0481292211987219,1.1378502866322586,MNAR,brms,298
y_noMiss,Intercept,0.1720775732454264,0.08221580366790404,0.012625077510622041,0.17255810067045727,0.3325911565855335,MNAR,brms,298
