missingprop_autocor,parameter,mean,sd,2.5%,50%,97.5%,missingness,type,run_no
y_noMiss,b_Intercept,1.0400098390507553,0.08370896279189732,0.8782720518931112,1.0399922702615454,1.2070925077558998,MNAR,brms,299
y_noMiss,b_light,-1.1701027131249455,0.0599843261838908,-1.2894292879691063,-1.170038950717136,-1.0523480486991112,MNAR,brms,299
y_noMiss,b_discharge,-0.03731586454177988,0.05762273546758702,-0.14911354437707233,-0.037226930354248094,0.07391546716082475,MNAR,brms,299
y_noMiss,phi,0.2775035196368641,0.05794079163378652,0.16382763242351653,0.27763424625417893,0.39120401641137353,MNAR,brms,299
y_noMiss,sigma,1.0330495462826692,0.042571201426368305,0.9543090099706796,1.0319137410462178,1.1205928538191465,MNAR,brms,299
y_noMiss,Intercept,1.0940421765666386,0.08357864568520909,0.9323150311994867,1.0939697411478435,1.2611125716908995,MNAR,brms,299
