missingprop_autocor,parameter,mean,sd,2.5%,50%,97.5%,missingness,type,run_no
y_noMiss,b_Intercept,-1.025161872728267,0.0634745721427403,-1.1489908817870733,-1.025073303733747,-0.9013064936316376,MNAR,brms,29
y_noMiss,b_light,-0.07640025367032134,0.06144147546518738,-0.19876853137262396,-0.07655821310325853,0.04466853434677564,MNAR,brms,29
y_noMiss,b_discharge,-0.48670517276999714,0.0592926073130026,-0.6053409495299084,-0.4859263485737283,-0.37009960031659367,MNAR,brms,29
y_noMiss,phi,0.04397041393939457,0.05836349893808944,-0.07019764396506499,0.04420631956447007,0.15852490357480617,MNAR,brms,29
y_noMiss,sigma,1.0163529216930907,0.04302802252145736,0.9355496904846805,1.0148451101529599,1.1055298711665906,MNAR,brms,29
y_noMiss,Intercept,-1.0331374722955005,0.06339752707650824,-1.156657270411441,-1.0328289819019423,-0.9090651271481991,MNAR,brms,29
