missingprop_autocor,parameter,mean,sd,2.5%,50%,97.5%,missingness,type,run_no
y_noMiss,b_Intercept,0.4423436145587246,0.06053848783095443,0.3240328654429525,0.44192528505025785,0.5601677904483484,MNAR,brms,2
y_noMiss,b_light,-2.3355250535230834,0.05643808428026038,-2.446136273672801,-2.335857276473728,-2.225432958564255,MNAR,brms,2
y_noMiss,b_discharge,-1.1567403035771504,0.06313033631763144,-1.2815898636700787,-1.1560237338078867,-1.032043661837307,MNAR,brms,2
y_noMiss,phi,0.05771006745074768,0.05815297245244525,-0.055649291631736236,0.05731226836256775,0.17205388159862778,MNAR,brms,2
y_noMiss,sigma,0.9763255593063648,0.041313655379014984,0.8996115485635899,0.9748148923168011,1.0608274380706566,MNAR,brms,2
y_noMiss,Intercept,0.2534314277214479,0.0601994138387726,0.1367039671474132,0.25344807895729016,0.37088885218933804,MNAR,brms,2
