missingprop_autocor,parameter,mean,sd,2.5%,50%,97.5%,missingness,type,run_no
y_noMiss,b_Intercept,-0.2780549595460022,0.10302243730464537,-0.47697022600479466,-0.2788305761605108,-0.07668169682721654,MNAR,brms,300
y_noMiss,b_light,-0.010631764604166948,0.05665821662516768,-0.12229933653381893,-0.010171597023020836,0.09971004989337354,MNAR,brms,300
y_noMiss,b_discharge,-2.039383644519174,0.06105209437915584,-2.1583898526049436,-2.0398097940593236,-1.9203196734365917,MNAR,brms,300
y_noMiss,phi,0.4090607739951621,0.05460794155130127,0.3004209308793785,0.4091497069777726,0.5164862465735891,MNAR,brms,300
y_noMiss,sigma,1.0376088394681338,0.04343354161823899,0.95590270208776,1.0359263484199972,1.1260594573957887,MNAR,brms,300
y_noMiss,Intercept,-0.2054635413412779,0.10294277781730996,-0.40408520771987155,-0.20645353881354364,-0.0025392523705355125,MNAR,brms,300
