missingprop_autocor,parameter,mean,sd,2.5%,50%,97.5%,missingness,type,run_no
y_noMiss,b_Intercept,-1.7850221007949103,0.06135760067170971,-1.9070182189379212,-1.7852663206070303,-1.6652588854016868,MNAR,brms,301
y_noMiss,b_light,1.1823073517617884,0.06122039333981591,1.0629968379975685,1.1821100961956628,1.3002278296589613,MNAR,brms,301
y_noMiss,b_discharge,1.0266768988797674,0.06027195016941674,0.9071251702624965,1.0272232314629348,1.146113910772533,MNAR,brms,301
y_noMiss,phi,0.009132741457715154,0.05971719875568397,-0.10668246601502504,0.009175757580113542,0.12549188568086547,MNAR,brms,301
y_noMiss,sigma,1.0386025055160208,0.04382477154902675,0.9596534089548561,1.0367548191720335,1.1286596750413944,MNAR,brms,301
y_noMiss,Intercept,-1.826963771836456,0.06127805435213424,-1.9494178626177843,-1.827351129387373,-1.7067445274456767,MNAR,brms,301
