missingprop_autocor,parameter,mean,sd,2.5%,50%,97.5%,missingness,type,run_no
y_noMiss,b_Intercept,-0.46345217533488836,0.06777639681353596,-0.5968223853847819,-0.4632076507300638,-0.33261167700826844,MNAR,brms,302
y_noMiss,b_light,0.408135817159818,0.05540178883399658,0.2982780885045225,0.4084108083993941,0.5168585864467355,MNAR,brms,302
y_noMiss,b_discharge,-0.6349270806207857,0.054511949802390804,-0.7400873647962235,-0.6349775939338695,-0.5263078358388015,MNAR,brms,302
y_noMiss,phi,0.13096843012665793,0.05957044257093267,0.015502041116366326,0.1311663883474452,0.24616496273234448,MNAR,brms,302
y_noMiss,sigma,0.9682436312682036,0.04097775256919465,0.8916072324470975,0.966707851291867,1.0525290061092258,MNAR,brms,302
y_noMiss,Intercept,-0.5448609218457483,0.06765368200998735,-0.6771020131750894,-0.5448923038899648,-0.4135244162376451,MNAR,brms,302
