missingprop_autocor,parameter,mean,sd,2.5%,50%,97.5%,missingness,type,run_no
y_noMiss,b_Intercept,-1.1378927741241815,0.05927380598290362,-1.2554049675596621,-1.1384414039846682,-1.0217302096643848,MNAR,brms,303
y_noMiss,b_light,-0.030276209839262158,0.066373773056194,-0.16108703162816787,-0.030103387206789692,0.09886703271044599,MNAR,brms,303
y_noMiss,b_discharge,-0.5915455975722118,0.05963685087107836,-0.7093236249817673,-0.5920966191991368,-0.4717730207088387,MNAR,brms,303
y_noMiss,phi,-0.020052596380009786,0.05880415501865977,-0.13654499521592978,-0.02018425285974146,0.09329588190051963,MNAR,brms,303
y_noMiss,sigma,1.0155140804808487,0.04261888880757743,0.9370283388214292,1.0145157342378188,1.1032009849850732,MNAR,brms,303
y_noMiss,Intercept,-1.1131227407942776,0.05906018704210059,-1.23037085773281,-1.1134381809052556,-0.9972106545278904,MNAR,brms,303
