missingprop_autocor,parameter,mean,sd,2.5%,50%,97.5%,missingness,type,run_no
y_noMiss,b_Intercept,0.4224691352513919,0.06984150735522142,0.2856976558129809,0.42230565688201305,0.5576013069772174,MNAR,brms,304
y_noMiss,b_light,0.25921653519774,0.06403129495727075,0.13277024800770004,0.25888321174173345,0.3848884845519629,MNAR,brms,304
y_noMiss,b_discharge,0.6661465136771038,0.06092901268866354,0.5447188475533891,0.6651765269536085,0.7874256669917078,MNAR,brms,304
y_noMiss,phi,0.10919206772399047,0.059626266936107966,-0.00869990458096581,0.10918218936010499,0.22755801557881147,MNAR,brms,304
y_noMiss,sigma,1.061630821817866,0.04443517936559719,0.9790784715243487,1.0600010136954836,1.1520529999366527,MNAR,brms,304
y_noMiss,Intercept,0.4468943791085656,0.06989131864482313,0.3099242666905321,0.4468453553141346,0.5823444636148776,MNAR,brms,304
