missingprop_autocor,parameter,mean,sd,2.5%,50%,97.5%,missingness,type,run_no
y_noMiss,b_Intercept,0.6795493486527742,0.08201227385798128,0.5213116253840873,0.6792770285089269,0.8387149195299652,MNAR,brms,305
y_noMiss,b_light,-0.3329768411565271,0.05203353424695599,-0.4356399710625536,-0.33247155141831186,-0.2319708476251601,MNAR,brms,305
y_noMiss,b_discharge,-2.198189145012654,0.05475273953558056,-2.3069781428752454,-2.198229867595545,-2.0924374306482125,MNAR,brms,305
y_noMiss,phi,0.2905651804687447,0.057687809182927985,0.17548938594832825,0.2908599231172745,0.40315017447390933,MNAR,brms,305
y_noMiss,sigma,0.9845533658081921,0.04077073710478597,0.908771383353666,0.9831651375666047,1.06757400055641,MNAR,brms,305
y_noMiss,Intercept,0.6431140949692432,0.08190320212175582,0.48424925203426356,0.6426792491181552,0.802276164372731,MNAR,brms,305
