missingprop_autocor,parameter,mean,sd,2.5%,50%,97.5%,missingness,type,run_no
y_noMiss,b_Intercept,-0.29383397328557975,0.07246837593379558,-0.43381659993433536,-0.2938696718947389,-0.15182822135880278,MNAR,brms,306
y_noMiss,b_light,-1.9919586764247557,0.0580102607547862,-2.106184556898842,-1.9918712913284624,-1.8780337631103927,MNAR,brms,306
y_noMiss,b_discharge,0.05576769743144476,0.062348576220750185,-0.06621597777191326,0.05611187373416068,0.17660938720166316,MNAR,brms,306
y_noMiss,phi,0.14931413142303268,0.05889848806623077,0.03554856812040323,0.14998480290933702,0.26258455613347476,MNAR,brms,306
y_noMiss,sigma,1.0178553312904695,0.04254514100895334,0.9375612463349262,1.0165061444781511,1.1054454536031222,MNAR,brms,306
y_noMiss,Intercept,-0.1991374680831642,0.0723681749518988,-0.3389302381077841,-0.19933860385290308,-0.05762922435905107,MNAR,brms,306
