missingprop_autocor,parameter,mean,sd,2.5%,50%,97.5%,missingness,type,run_no
y_noMiss,b_Intercept,-1.1038037265578788,0.12598410920058709,-1.359260868835943,-1.1034432026466736,-0.8571249535364346,MNAR,brms,307
y_noMiss,b_light,-0.14872721156170499,0.054579649148573814,-0.254036614556603,-0.14865325867209245,-0.04258904379821157,MNAR,brms,307
y_noMiss,b_discharge,0.21137288089924516,0.051194106398445474,0.11109263359960593,0.21112518621340237,0.3115114145516242,MNAR,brms,307
y_noMiss,phi,0.5163924573681089,0.051399294550909885,0.4138815429708157,0.5164062090818048,0.6165503206590378,MNAR,brms,307
y_noMiss,sigma,1.0288162886731458,0.04343623826823973,0.9473517452087246,1.0269031355241482,1.119468403438653,MNAR,brms,307
y_noMiss,Intercept,-1.1060003354102426,0.12592986468335565,-1.3615108667995268,-1.105747048384835,-0.8588941918287853,MNAR,brms,307
