missingprop_autocor,parameter,mean,sd,2.5%,50%,97.5%,missingness,type,run_no
y_noMiss,b_Intercept,-0.2266951924778805,0.07875552469645246,-0.382494567068594,-0.22635053190607568,-0.07137203230504706,MNAR,brms,308
y_noMiss,b_light,-0.3185195012190319,0.05547372319646147,-0.4267382939556121,-0.3184266666144292,-0.20901479692981828,MNAR,brms,308
y_noMiss,b_discharge,0.6795961173549289,0.053478509773604424,0.5763100124707666,0.6789835148041904,0.7853173350239311,MNAR,brms,308
y_noMiss,phi,0.2900232596309383,0.05831063687585027,0.17778536046273732,0.2899702851934267,0.40466802115226125,MNAR,brms,308
y_noMiss,sigma,0.9456144497711997,0.03845326317918948,0.8749186483209918,0.9438880434511872,1.0265005017429565,MNAR,brms,308
y_noMiss,Intercept,-0.17784904601536772,0.07860702849676456,-0.33282595573461954,-0.17711037170247895,-0.023094075203871505,MNAR,brms,308
