missingprop_autocor,parameter,mean,sd,2.5%,50%,97.5%,missingness,type,run_no
y_noMiss,b_Intercept,-0.03087278654765256,0.08903711096763538,-0.20701737472724543,-0.03078313559263793,0.14002890864026724,MNAR,brms,309
y_noMiss,b_light,0.6344394660114011,0.057231107378060385,0.5230846556184877,0.6347846938485939,0.7470792058914216,MNAR,brms,309
y_noMiss,b_discharge,-0.9290144474151917,0.05732254613908394,-1.0377458662779706,-0.9294571157181686,-0.8163526068442876,MNAR,brms,309
y_noMiss,phi,0.356491521344327,0.05664607477226427,0.24716248705014093,0.3560868256732526,0.4680672147279999,MNAR,brms,309
y_noMiss,sigma,0.9668355250324473,0.04045697217408612,0.89151199075988,0.9653414868168926,1.0520612387307642,MNAR,brms,309
y_noMiss,Intercept,-0.03727729720897141,0.08896594635697501,-0.2134331020906484,-0.03724342502356694,0.13334242918848516,MNAR,brms,309
