missingprop_autocor,parameter,mean,sd,2.5%,50%,97.5%,missingness,type,run_no
y_noMiss,b_Intercept,-0.1970679663198449,0.12462150430065687,-0.4453413832431524,-0.1954545436926201,0.044541972955739535,MNAR,brms,30
y_noMiss,b_light,1.0578847842270165,0.05128175177946604,0.9570169888950609,1.0572322158306111,1.157816533023256,MNAR,brms,30
y_noMiss,b_discharge,-0.0024866286706083022,0.0497694551636868,-0.10019709996290524,-0.0023859171401484024,0.09427349713307717,MNAR,brms,30
y_noMiss,phi,0.5308445874619867,0.051400397180634806,0.43028955224492244,0.5311101784125243,0.6317151598013323,MNAR,brms,30
y_noMiss,sigma,0.9879261224802511,0.041129575803151915,0.9099015290915318,0.986579524988748,1.0708208277835745,MNAR,brms,30
y_noMiss,Intercept,-0.30670105233926886,0.12454841733696899,-0.5537465733744845,-0.30490638801577225,-0.06378544078331996,MNAR,brms,30
