missingprop_autocor,parameter,mean,sd,2.5%,50%,97.5%,missingness,type,run_no
y_noMiss,b_Intercept,-0.12441912261685167,0.11264361517242329,-0.34264287256140447,-0.12441136878267345,0.09440065054105969,MNAR,brms,310
y_noMiss,b_light,0.1629850448340299,0.054892606816383374,0.05672761398842325,0.16261890104931384,0.2700736199632593,MNAR,brms,310
y_noMiss,b_discharge,0.3181012454577867,0.0559443702759063,0.2084104293709027,0.3182723820285199,0.4272209887104789,MNAR,brms,310
y_noMiss,phi,0.46721911319669973,0.05123756325510693,0.36693086298092187,0.46770076257798987,0.5677664750302409,MNAR,brms,310
y_noMiss,sigma,1.022183640810401,0.04256056458561846,0.9422808504858696,1.020842468109051,1.109848062529535,MNAR,brms,310
y_noMiss,Intercept,-0.11064598222290012,0.1126040911753946,-0.3288587334353828,-0.11077412886692382,0.10838156092806246,MNAR,brms,310
