missingprop_autocor,parameter,mean,sd,2.5%,50%,97.5%,missingness,type,run_no
y_noMiss,b_Intercept,1.6854465034702544,0.08501120379875231,1.5163509865205507,1.685016909170376,1.8511380208025185,MNAR,brms,311
y_noMiss,b_light,-0.24897222223715484,0.057825203555495176,-0.3624280865127077,-0.25002418958807204,-0.1345868556584496,MNAR,brms,311
y_noMiss,b_discharge,0.8567342412970039,0.06063898247267331,0.7386396121720723,0.857006481190576,0.9759204912512949,MNAR,brms,311
y_noMiss,phi,0.2753898683751549,0.05732044341412177,0.16129435399645786,0.27570480629291916,0.38662354846897046,MNAR,brms,311
y_noMiss,sigma,1.0428696393495627,0.04422193299661449,0.962154382771166,1.0415380691489977,1.1313234758540558,MNAR,brms,311
y_noMiss,Intercept,1.5640934705841683,0.08455911168655256,1.397794391963157,1.5637631230912579,1.7270237921940694,MNAR,brms,311
