missingprop_autocor,parameter,mean,sd,2.5%,50%,97.5%,missingness,type,run_no
y_noMiss,b_Intercept,0.0904231329387154,0.21982834751276123,-0.3462718857099704,0.09133292822637118,0.529172261179094,MNAR,brms,312
y_noMiss,b_light,1.4417293401395928,0.04510838176783797,1.35247708674905,1.4414401899078064,1.5300452000141607,MNAR,brms,312
y_noMiss,b_discharge,-0.5731378246159317,0.04836470300716631,-0.6668620205027449,-0.5733128939063648,-0.4767604786765854,MNAR,brms,312
y_noMiss,phi,0.7232964669600297,0.041453273697837995,0.6429518357974704,0.7227751372081122,0.8062517832175116,MNAR,brms,312
y_noMiss,sigma,1.0309733205649128,0.04271423593232952,0.9519916041644487,1.029588392580803,1.1183793693781203,MNAR,brms,312
y_noMiss,Intercept,0.23681126670967187,0.2197079783924567,-0.19773194729556803,0.23777553956037767,0.6756492674200024,MNAR,brms,312
