missingprop_autocor,parameter,mean,sd,2.5%,50%,97.5%,missingness,type,run_no
y_noMiss,b_Intercept,0.12903326903983114,0.07655199560618023,-0.022381388397717732,0.12870252034965515,0.2795078954356098,MNAR,brms,313
y_noMiss,b_light,-0.537909735309326,0.0594585438022611,-0.6533644471066804,-0.5387569207436202,-0.42057760094057545,MNAR,brms,313
y_noMiss,b_discharge,-0.22216482815515737,0.051548221536472844,-0.32586574349458686,-0.2213125245292891,-0.12392377408752069,MNAR,brms,313
y_noMiss,phi,0.23789843046757478,0.05907517507651759,0.12062799700873023,0.23832735855631648,0.3523300994408916,MNAR,brms,313
y_noMiss,sigma,0.9807295811460933,0.04061460105460279,0.9036226551443046,0.979258793058454,1.0646069166211776,MNAR,brms,313
y_noMiss,Intercept,0.12877474329845953,0.0762526194212109,-0.02258643049741564,0.12857360808225124,0.27851335486006606,MNAR,brms,313
