missingprop_autocor,parameter,mean,sd,2.5%,50%,97.5%,missingness,type,run_no
y_noMiss,b_Intercept,0.8946884734300913,0.11366969177795809,0.674963592317704,0.8930287047388623,1.11750940266944,MNAR,brms,314
y_noMiss,b_light,0.2518878342914082,0.05497802329035298,0.14517224777681753,0.25198746637702063,0.35891859982661206,MNAR,brms,314
y_noMiss,b_discharge,-0.3019843767820517,0.059464653854035245,-0.41877796204921774,-0.3021389311065453,-0.18518954436049173,MNAR,brms,314
y_noMiss,phi,0.4511514047182098,0.05225081006314492,0.34843381044060306,0.45164410621514073,0.5534083779234705,MNAR,brms,314
y_noMiss,sigma,1.0343552056729444,0.04370034810084403,0.9539099418629876,1.0327520779454327,1.1233648936877554,MNAR,brms,314
y_noMiss,Intercept,0.9296192439061604,0.1136200337213926,0.7108628138397437,0.9280888423633501,1.1522305196671447,MNAR,brms,314
