missingprop_autocor,parameter,mean,sd,2.5%,50%,97.5%,missingness,type,run_no
y_noMiss,b_Intercept,-0.41726657953179813,0.0904055264549001,-0.5963613458017005,-0.41726885461964053,-0.23969209308045344,MNAR,brms,315
y_noMiss,b_light,1.7335834530265117,0.04861165750305228,1.6392994833657875,1.7336872329023432,1.8288811668217704,MNAR,brms,315
y_noMiss,b_discharge,1.0467090194901678,0.04374505009871789,0.9611255460121414,1.0473943615284442,1.1321445760123339,MNAR,brms,315
y_noMiss,phi,0.41009704085442555,0.05522938497767376,0.3013650898590842,0.40960068492101787,0.5186948208595952,MNAR,brms,315
y_noMiss,sigma,0.910125610185517,0.03711274297991367,0.8405523999146242,0.9093660051782768,0.9870242840469785,MNAR,brms,315
y_noMiss,Intercept,-0.11850792645905615,0.08997393980631473,-0.2975001827173862,-0.1193042927527288,0.05804179682929155,MNAR,brms,315
