missingprop_autocor,parameter,mean,sd,2.5%,50%,97.5%,missingness,type,run_no
y_noMiss,b_Intercept,0.5677526486141372,0.0756982673872838,0.42069298909190145,0.566550925935227,0.7186652102534792,MNAR,brms,316
y_noMiss,b_light,0.18454436418052822,0.05839669329018135,0.07152011283858481,0.1843244057146022,0.29794864188365056,MNAR,brms,316
y_noMiss,b_discharge,-0.9713013388161994,0.05766197460436588,-1.0837996492732545,-0.9710227173945867,-0.8580701088933496,MNAR,brms,316
y_noMiss,phi,0.20957858922011297,0.0589335131655068,0.0922584522143484,0.21031312397903645,0.32468068347353174,MNAR,brms,316
y_noMiss,sigma,0.9973740808930152,0.042115572276696,0.9192355400938145,0.9959228053064023,1.0836760236873757,MNAR,brms,316
y_noMiss,Intercept,0.5517645906431508,0.07543375466692658,0.4048037501270568,0.5504084348011651,0.7017040678427817,MNAR,brms,316
