missingprop_autocor,parameter,mean,sd,2.5%,50%,97.5%,missingness,type,run_no
y_noMiss,b_Intercept,-0.4259405742787485,0.20704679388142577,-0.8263039956074211,-0.43106266474421095,-0.007354394816351793,MNAR,brms,317
y_noMiss,b_light,-0.17858649474561383,0.048579612628266274,-0.2728194563279741,-0.1792539817304809,-0.0830965322471676,MNAR,brms,317
y_noMiss,b_discharge,0.7569178795493278,0.053286994679484105,0.6523058092943891,0.7567823345975615,0.8632223594308223,MNAR,brms,317
y_noMiss,phi,0.6993022366030038,0.043445384989806005,0.6145205414969657,0.6988288960021036,0.7863423972469904,MNAR,brms,317
y_noMiss,sigma,1.0481718064799224,0.04341914604554293,0.9666676692235565,1.0467916668842578,1.1340399596695507,MNAR,brms,317
y_noMiss,Intercept,-0.4471788783023036,0.20709130666282627,-0.8477613140924671,-0.45219854205176024,-0.029206229778846085,MNAR,brms,317
