missingprop_autocor,parameter,mean,sd,2.5%,50%,97.5%,missingness,type,run_no
y_noMiss,b_Intercept,1.0542496223412927,0.1880715408612605,0.6870245804925327,1.0545381678147832,1.4228945627132823,MNAR,brms,318
y_noMiss,b_light,-1.574032439946215,0.04775981433633146,-1.6685651030544122,-1.574137788050659,-1.4799352040985003,MNAR,brms,318
y_noMiss,b_discharge,-1.852220050381119,0.049628918252875305,-1.9497987145484754,-1.8522928313153857,-1.7542915407092408,MNAR,brms,318
y_noMiss,phi,0.6932598105387394,0.04293229855848003,0.6087025117140095,0.6927555439391428,0.776525320651222,MNAR,brms,318
y_noMiss,sigma,0.9807764310405688,0.04179417127380389,0.9018744040317576,0.9789787735858475,1.0682631341010007,MNAR,brms,318
y_noMiss,Intercept,1.1983293347769541,0.18809710604253613,0.8284372024899705,1.1989535635653599,1.56706285500008,MNAR,brms,318
