missingprop_autocor,parameter,mean,sd,2.5%,50%,97.5%,missingness,type,run_no
y_noMiss,b_Intercept,0.735611907749462,0.06158861985424316,0.6150663306968881,0.7349601342701985,0.8582948637449169,MNAR,brms,319
y_noMiss,b_light,-0.4045349282266907,0.06011281568518187,-0.5237388383888419,-0.4042614562925313,-0.28669877567503027,MNAR,brms,319
y_noMiss,b_discharge,0.25791284900013045,0.06081756832083267,0.1350446812632382,0.2586255939122214,0.37429966993818126,MNAR,brms,319
y_noMiss,phi,0.005644732518813958,0.06134607017761746,-0.11439990988611834,0.005749810822815237,0.12646317193984813,MNAR,brms,319
y_noMiss,sigma,1.0414405967296094,0.04344655997554799,0.9602252325020383,1.0401000199838948,1.1298128987433178,MNAR,brms,319
y_noMiss,Intercept,0.6800020092272464,0.06118690362246448,0.5602507985175016,0.6791632107076288,0.8020395736679994,MNAR,brms,319
