missingprop_autocor,parameter,mean,sd,2.5%,50%,97.5%,missingness,type,run_no
y_noMiss,b_Intercept,0.331850112761613,0.19417603633907995,-0.05995780403018864,0.33332566956382614,0.7120816381251978,MNAR,brms,31
y_noMiss,b_light,1.0794388230896599,0.049985322849507186,0.982143336358622,1.0788184031072894,1.1775867609288784,MNAR,brms,31
y_noMiss,b_discharge,-0.8799021716899599,0.04770482166807921,-0.9743690049228385,-0.8801854415314103,-0.7860448246835098,MNAR,brms,31
y_noMiss,phi,0.6880704075620142,0.042949632456120455,0.6056830407609027,0.6878521423657187,0.7735890013715049,MNAR,brms,31
y_noMiss,sigma,1.032015882723093,0.043397107352503156,0.9522555080377438,1.0303347075903366,1.1209719426970408,MNAR,brms,31
y_noMiss,Intercept,0.48552389828787257,0.1939717112051974,0.09207436329836234,0.48723530455033737,0.8640388347836282,MNAR,brms,31
