missingprop_autocor,parameter,mean,sd,2.5%,50%,97.5%,missingness,type,run_no
y_noMiss,b_Intercept,0.2739776872155019,0.06310646125158571,0.15305749491303935,0.2737893543933603,0.3984872040564111,MNAR,brms,320
y_noMiss,b_light,-0.5312290048747004,0.06191548644620338,-0.6535584986742172,-0.5314606031836708,-0.41051473003662925,MNAR,brms,320
y_noMiss,b_discharge,-1.8038913057670076,0.05941864294314877,-1.918313213998457,-1.8037618589997853,-1.6876256155951699,MNAR,brms,320
y_noMiss,phi,0.0636666118210072,0.05996890024565892,-0.05233654459584641,0.06287169489686768,0.1833444677987459,MNAR,brms,320
y_noMiss,sigma,1.0156807473511824,0.04212732030339355,0.9361793121858271,1.0143916684281868,1.1019805313847344,MNAR,brms,320
y_noMiss,Intercept,0.09940345357592918,0.06266836588716734,-0.021440426544306515,0.09941676968552471,0.22325977046538542,MNAR,brms,320
