missingprop_autocor,parameter,mean,sd,2.5%,50%,97.5%,missingness,type,run_no
y_noMiss,b_Intercept,-0.6480029810762762,0.1326585157608427,-0.9101169179935343,-0.647209066639842,-0.3886604583616343,MNAR,brms,321
y_noMiss,b_light,0.6957889966244747,0.04938411257259749,0.6003660458892218,0.6957052766842116,0.7923531768020228,MNAR,brms,321
y_noMiss,b_discharge,0.020770964433673666,0.05137429106455718,-0.07960100208450266,0.020470596779333404,0.11937515537396926,MNAR,brms,321
y_noMiss,phi,0.5494776529190704,0.049714216850973963,0.4554482476582655,0.5493061318136125,0.64616183667106,MNAR,brms,321
y_noMiss,sigma,1.0187161034778198,0.04202064003861381,0.9406314990402529,1.0173522700711422,1.1047189172794525,MNAR,brms,321
y_noMiss,Intercept,-0.6293952340942586,0.1326397420862015,-0.8904341165521774,-0.628637060345815,-0.370104038516078,MNAR,brms,321
