missingprop_autocor,parameter,mean,sd,2.5%,50%,97.5%,missingness,type,run_no
y_noMiss,b_Intercept,1.7667223177514044,0.07658373426024218,1.6132589713678578,1.766914875542398,1.917060895068411,MNAR,brms,322
y_noMiss,b_light,1.08355989582632,0.057175331141656474,0.9723798317003062,1.083963820375239,1.1944245738015562,MNAR,brms,322
y_noMiss,b_discharge,-0.1954109740868007,0.061025950999711046,-0.3137074936497393,-0.19524034847708904,-0.07414336220746819,MNAR,brms,322
y_noMiss,phi,0.2072295850160525,0.05761453299840082,0.09473048090757305,0.2073300922669641,0.323412953528237,MNAR,brms,322
y_noMiss,sigma,1.041889484221234,0.0437987471230268,0.9610487602119828,1.040014924635373,1.1308318104538893,MNAR,brms,322
y_noMiss,Intercept,1.7224953583794314,0.07654495208137287,1.5685207313751548,1.7224806638263184,1.8731895975279735,MNAR,brms,322
