missingprop_autocor,parameter,mean,sd,2.5%,50%,97.5%,missingness,type,run_no
y_noMiss,b_Intercept,-1.1385195553789391,0.1648007731183661,-1.4682615421566798,-1.137631568861775,-0.8116383099412566,MNAR,brms,323
y_noMiss,b_light,-0.38811283153756104,0.05023654675445929,-0.48439376943324136,-0.3882648484032446,-0.28794280846972964,MNAR,brms,323
y_noMiss,b_discharge,0.755826867260383,0.04980055736123259,0.657942959657389,0.7559102007897806,0.8523794354118289,MNAR,brms,323
y_noMiss,phi,0.6294674217937712,0.04677227108365999,0.5387589393140295,0.6288515390305756,0.7211651920770125,MNAR,brms,323
y_noMiss,sigma,1.0179522882732126,0.042287744655424,0.9381903463424951,1.0162310212309107,1.104504919725174,MNAR,brms,323
y_noMiss,Intercept,-1.0885986924467668,0.16471377439467688,-1.4178309694870197,-1.088015356921498,-0.7625157697852576,MNAR,brms,323
