missingprop_autocor,parameter,mean,sd,2.5%,50%,97.5%,missingness,type,run_no
y_noMiss,b_Intercept,0.5698658135359205,0.06261007131014654,0.44569845713153344,0.5693514249712966,0.691975762751346,MNAR,brms,324
y_noMiss,b_light,0.2127093239015196,0.058503533028146454,0.09746733313483567,0.21342574843463524,0.32551596044733866,MNAR,brms,324
y_noMiss,b_discharge,2.064784104804148,0.05637204175556571,1.9549573949659358,2.0640587241407817,2.176199723408697,MNAR,brms,324
y_noMiss,phi,0.04061894454881618,0.05956349429880759,-0.07818000734595164,0.04044416859473147,0.15967244935320365,MNAR,brms,324
y_noMiss,sigma,0.998771164730593,0.04178100834769055,0.9198109245046903,0.9971355222518696,1.0863317724527217,MNAR,brms,324
y_noMiss,Intercept,0.47678944328612427,0.06263019767470386,0.351966445997035,0.4761862301726093,0.5985898249936591,MNAR,brms,324
