missingprop_autocor,parameter,mean,sd,2.5%,50%,97.5%,missingness,type,run_no
y_noMiss,b_Intercept,0.12131581706274532,0.07153511489555964,-0.01695335816270416,0.12083315226845007,0.26371939010334416,MNAR,brms,325
y_noMiss,b_light,0.5595445100352936,0.05889557915596746,0.44328422358529596,0.5599277794782487,0.6740948401564731,MNAR,brms,325
y_noMiss,b_discharge,0.7985804656905408,0.05915634207952359,0.6814036853873446,0.79963501798427306,0.9151160588978852,MNAR,brms,325
y_noMiss,phi,0.16981992980209765,0.057210053619745245,0.06034566560403293,0.16872919441781573,0.2817220478194447,MNAR,brms,325
y_noMiss,sigma,1.0203642548245833,0.04217087945418001,0.9412342138625928,1.0196900425939823,1.1059329082662992,MNAR,brms,325
y_noMiss,Intercept,0.20284871708553198,0.07126987996390251,0.06539038369160527,0.2027484589594958,0.3453674811857748,MNAR,brms,325
