missingprop_autocor,parameter,mean,sd,2.5%,50%,97.5%,missingness,type,run_no
y_noMiss,b_Intercept,-0.5388015118764108,0.0804053872238263,-0.6972040033703264,-0.5385247512201006,-0.376035606954127,MNAR,brms,326
y_noMiss,b_light,1.4418769429651848,0.05522707979182862,1.3341225667707002,1.4414445004072756,1.5525889244267088,MNAR,brms,326
y_noMiss,b_discharge,-0.3987588356187327,0.06108130909585561,-0.5206696897636377,-0.3979415926718429,-0.28040315386473486,MNAR,brms,326
y_noMiss,phi,0.25149955003757146,0.05714100931372167,0.1393737626272,0.2511218108186315,0.3635624036300909,MNAR,brms,326
y_noMiss,sigma,1.0069679095880035,0.042862380774397316,0.9278241929842705,1.0061310926588574,1.0960368531807005,MNAR,brms,326
y_noMiss,Intercept,-0.5301351217428926,0.08039907425346397,-0.6887122953488333,-0.5300077385537612,-0.3675065249917262,MNAR,brms,326
