missingprop_autocor,parameter,mean,sd,2.5%,50%,97.5%,missingness,type,run_no
y_noMiss,b_Intercept,0.21189430321557512,0.0975150926728026,0.023782006761205,0.21198567233925772,0.4019720608439659,MNAR,brms,327
y_noMiss,b_light,-0.1930957201723644,0.05701171406856199,-0.3030045315961649,-0.1936709935680882,-0.07978489459652213,MNAR,brms,327
y_noMiss,b_discharge,0.08163845478701226,0.056728275833079926,-0.030766805238706115,0.08082318401569288,0.1921018649173285,MNAR,brms,327
y_noMiss,phi,0.36893537988667013,0.05569182714362258,0.25846568018083527,0.36876164315681065,0.4775762421901765,MNAR,brms,327
y_noMiss,sigma,1.039703301114633,0.04404672230785682,0.95799502343445,1.0377848103662681,1.131183520522486,MNAR,brms,327
y_noMiss,Intercept,0.19546832137792747,0.09741743341719697,0.008951794957295475,0.19564363206799662,0.38560534100551686,MNAR,brms,327
