missingprop_autocor,parameter,mean,sd,2.5%,50%,97.5%,missingness,type,run_no
y_noMiss,b_Intercept,-0.2244607667932332,0.10824025077103801,-0.4372937134294507,-0.22555354768755775,-0.007849601040996745,MNAR,brms,328
y_noMiss,b_light,-0.9707488240292712,0.05851336170819137,-1.0844176808849384,-0.9709863320742285,-0.8561056524975458,MNAR,brms,328
y_noMiss,b_discharge,0.15372280775918085,0.05399502032338926,0.047824823903164705,0.1536499824651575,0.257922042061966,MNAR,brms,328
y_noMiss,phi,0.45061415987842535,0.053196937652212145,0.3466772584175615,0.45008000878611887,0.5554347368390071,MNAR,brms,328
y_noMiss,sigma,1.0037828635395878,0.042030901984271236,0.9253367844180727,1.0027048630379198,1.0890215440177402,MNAR,brms,328
y_noMiss,Intercept,-0.21967998475695233,0.10822588545570078,-0.43214358536489494,-0.2207178327067595,-0.0026193570051148635,MNAR,brms,328
