missingprop_autocor,parameter,mean,sd,2.5%,50%,97.5%,missingness,type,run_no
y_noMiss,b_Intercept,-0.6162945384258176,0.09888061791679142,-0.8075202979898537,-0.6168322050862802,-0.41828447583578826,MNAR,brms,329
y_noMiss,b_light,0.6227402720517735,0.05140156349421227,0.5234111031213995,0.6222214323101444,0.724607019263197,MNAR,brms,329
y_noMiss,b_discharge,0.3574499589754109,0.05617778575566763,0.24805689867478078,0.3566172536514596,0.46607473255946547,MNAR,brms,329
y_noMiss,phi,0.41991601283346675,0.052958878186830635,0.31748956443093446,0.4195869297304541,0.5235996663952108,MNAR,brms,329
y_noMiss,sigma,0.9756325504738579,0.04117097330303657,0.8987690397134807,0.9745779868769051,1.0584715185049602,MNAR,brms,329
y_noMiss,Intercept,-0.6140896408751378,0.09870307355500248,-0.8065732523890324,-0.6146926003073369,-0.4151777935938518,MNAR,brms,329
