missingprop_autocor,parameter,mean,sd,2.5%,50%,97.5%,missingness,type,run_no
y_noMiss,b_Intercept,0.4091115753553136,0.23348815021671976,-0.04735283880337275,0.41036085829698377,0.8690060830072798,MNAR,brms,32
y_noMiss,b_light,2.3289808291780054,0.042233949188965135,2.245962529256043,2.32899688119182,2.412128866610814,MNAR,brms,32
y_noMiss,b_discharge,-0.9064478322259283,0.04756555844933282,-1.000572948119931,-0.9061400753837143,-0.814624220857462,MNAR,brms,32
y_noMiss,phi,0.7480125230391516,0.04032167455221743,0.6672668023722712,0.748012492902655,0.826250517283919,MNAR,brms,32
y_noMiss,sigma,1.0088265188380712,0.04294494491699363,0.9305685717320161,1.0072878196006254,1.0964278486009404,MNAR,brms,32
y_noMiss,Intercept,0.5060641357736092,0.23348207833822232,0.04936539191383753,0.5079268542463531,0.9662320331417368,MNAR,brms,32
