missingprop_autocor,parameter,mean,sd,2.5%,50%,97.5%,missingness,type,run_no
y_noMiss,b_Intercept,-0.0851231473808273,0.06365741317586178,-0.21119215386248194,-0.08467551199502041,0.04061791832450963,MNAR,brms,330
y_noMiss,b_light,1.1013424296455443,0.057917582156284585,0.9888743869499942,1.1016374581221533,1.2129589492557789,MNAR,brms,330
y_noMiss,b_discharge,-0.5016909873732885,0.057339962163564656,-0.6138547432154253,-0.5017814778671621,-0.3883940394661855,MNAR,brms,330
y_noMiss,phi,0.12394609991268318,0.06054013191371617,0.0070117505102583,0.1237354329198762,0.24405684016174137,MNAR,brms,330
y_noMiss,sigma,0.937800072571309,0.039581732524262336,0.8645642855041804,0.9360963863293469,1.017631734243419,MNAR,brms,330
y_noMiss,Intercept,0.10311285256112233,0.0633621399269121,-0.023757568506664523,0.10358707075839421,0.22717398358031787,MNAR,brms,330
