missingprop_autocor,parameter,mean,sd,2.5%,50%,97.5%,missingness,type,run_no
y_noMiss,b_Intercept,2.0845976090658254,0.1760286754851874,1.73167462418614,2.0880961731785095,2.4264164992302404,MNAR,brms,331
y_noMiss,b_light,-1.136190064681244,0.05287908252067801,-1.240786716935824,-1.135937182304409,-1.03247957618992,MNAR,brms,331
y_noMiss,b_discharge,-0.4960912724247353,0.05539993021246925,-0.6055555405754872,-0.4956580853310709,-0.3895793469272463,MNAR,brms,331
y_noMiss,phi,0.6341418643859407,0.046723530205165335,0.5440949701650032,0.6341494667721339,0.7262460129125242,MNAR,brms,331
y_noMiss,sigma,1.0788894197551826,0.0453505597052768,0.996884001095331,1.077015470900335,1.1721819817405776,MNAR,brms,331
y_noMiss,Intercept,2.2281192305534163,0.17591288211889958,1.874800557071848,2.231483971441305,2.5712778861970498,MNAR,brms,331
