missingprop_autocor,parameter,mean,sd,2.5%,50%,97.5%,missingness,type,run_no
y_noMiss,b_Intercept,-1.4651675489241454,0.1325866010818731,-1.7297663328007853,-1.4633384328564025,-1.2081631828916437,MNAR,brms,332
y_noMiss,b_light,1.3575903623483307,0.04812488683174203,1.2622731946890713,1.3576152167009417,1.4515564367929013,MNAR,brms,332
y_noMiss,b_discharge,1.2973692493520783,0.049031035088925624,1.2016989970837986,1.2973045054183758,1.3937038108307016,MNAR,brms,332
y_noMiss,phi,0.5622870861019829,0.04935553381982294,0.4657897975889411,0.5621062167419913,0.6590321485454541,MNAR,brms,332
y_noMiss,sigma,0.9851930529599402,0.04093912358821127,0.909388958923972,0.9835349182478056,1.0703403591052165,MNAR,brms,332
y_noMiss,Intercept,-1.805510726187555,0.13204871923442416,-2.0670628829684503,-1.803324988401196,-1.5514752732583654,MNAR,brms,332
