missingprop_autocor,parameter,mean,sd,2.5%,50%,97.5%,missingness,type,run_no
y_noMiss,b_Intercept,0.8864109992906953,0.090617784416548,0.7106276223980532,0.8872294197733663,1.06348475419282,MNAR,brms,333
y_noMiss,b_light,-0.42561962167029793,0.05965965478348826,-0.542355547551841,-0.42562325873956003,-0.3095162539955402,MNAR,brms,333
y_noMiss,b_discharge,1.4284696500283676,0.06080257970080047,1.308580298308657,1.4287720657235177,1.546668764554654,MNAR,brms,333
y_noMiss,phi,0.2716041624422513,0.05698339044380833,0.1607692640487868,0.27239744030331403,0.38428707598646755,MNAR,brms,333
y_noMiss,sigma,1.0875182494118745,0.04539180706705108,1.003177892550568,1.0854678214811875,1.1824098478917169,MNAR,brms,333
y_noMiss,Intercept,1.066718253975817,0.09041762713680301,0.8892292123969773,1.0666902338417672,1.2422386708428395,MNAR,brms,333
