missingprop_autocor,parameter,mean,sd,2.5%,50%,97.5%,missingness,type,run_no
y_noMiss,b_Intercept,1.1735217032096543,0.1434944567247698,0.8958330793673216,1.1748471870009989,1.4580397576705866,MNAR,brms,334
y_noMiss,b_light,0.09282351740484687,0.050784009676345644,-0.0052657619290553,0.09318823899959233,0.19267161541804237,MNAR,brms,334
y_noMiss,b_discharge,-0.4345324463848871,0.046575142338725554,-0.527312652449241,-0.43424879133023414,-0.34495577520842485,MNAR,brms,334
y_noMiss,phi,0.5972900526474942,0.04846427927249075,0.5025817977193983,0.5967508928625521,0.6925150162182326,MNAR,brms,334
y_noMiss,sigma,0.9851300254925986,0.0415866918928124,0.9081174193535049,0.983998194597686,1.070030752403453,MNAR,brms,334
y_noMiss,Intercept,1.1794546208509573,0.1435204530958866,0.9017699562144141,1.1807716789898532,1.4640319337172436,MNAR,brms,334
