missingprop_autocor,parameter,mean,sd,2.5%,50%,97.5%,missingness,type,run_no
y_noMiss,b_Intercept,-1.139324052648413,0.058520153187927026,-1.255817706631765,-1.1388472826080895,-1.0247985638850765,MNAR,brms,335
y_noMiss,b_light,1.3126169105288186,0.05418827102069694,1.2061323693346164,1.3124210523399853,1.418362341357783,MNAR,brms,335
y_noMiss,b_discharge,1.373750000747099,0.05625086003539605,1.2626555067518908,1.3733084443599264,1.4838813591358007,MNAR,brms,335
y_noMiss,phi,0.05729110033484581,0.05915666603612289,-0.057772860122161644,0.05673718485398825,0.17221080665814031,MNAR,brms,335
y_noMiss,sigma,0.9286804908914856,0.03832823254663344,0.8565935263311134,0.9274277884938333,1.0059449811920338,MNAR,brms,335
y_noMiss,Intercept,-1.1693108026489858,0.05826429755324287,-1.284694717305091,-1.1685566726165397,-1.0555666717830952,MNAR,brms,335
