missingprop_autocor,parameter,mean,sd,2.5%,50%,97.5%,missingness,type,run_no
y_noMiss,b_Intercept,-0.35420922577333314,0.20364070938098153,-0.7535734928254941,-0.35470565247990704,0.04659911582122193,MNAR,brms,336
y_noMiss,b_light,1.2905290704238195,0.0485161734615168,1.1944169167357135,1.2904570769290173,1.3858614401565312,MNAR,brms,336
y_noMiss,b_discharge,-0.8225066383234013,0.046939322181888427,-0.9146384543348669,-0.8216694293636155,-0.7311844800163735,MNAR,brms,336
y_noMiss,phi,0.7036079505829042,0.043040655739172776,0.6187323834705969,0.7035475646801173,0.7893567361333984,MNAR,brms,336
y_noMiss,sigma,1.0062428466849673,0.041538925168218055,0.9282163631753148,1.005039029634481,1.0923414580942419,MNAR,brms,336
y_noMiss,Intercept,-0.34928078454882616,0.20363147994125105,-0.7491897767535007,-0.35006082054338283,0.05223030693313711,MNAR,brms,336
