missingprop_autocor,parameter,mean,sd,2.5%,50%,97.5%,missingness,type,run_no
y_noMiss,b_Intercept,-0.9971983307395351,0.06304276949719353,-1.1220934079458826,-0.9973744700534093,-0.8733635474981543,MNAR,brms,337
y_noMiss,b_light,-0.3370378204886058,0.05963635217157779,-0.4548196419836993,-0.33642724738720864,-0.22105717663333893,MNAR,brms,337
y_noMiss,b_discharge,0.2202756449432626,0.05882810609032857,0.10496138549217578,0.22035865870960608,0.3353690004692256,MNAR,brms,337
y_noMiss,phi,0.023738338768004283,0.05997392025038414,-0.09338968634572983,0.02411842333785344,0.14205822978239013,MNAR,brms,337
y_noMiss,sigma,1.0646769646950085,0.04479098097950298,0.9829459938322216,1.06264002122519,1.155650691833115,MNAR,brms,337
y_noMiss,Intercept,-1.0111056938733813,0.06303028214596959,-1.135973135871472,-1.0113430422250278,-0.8868315549018035,MNAR,brms,337
