missingprop_autocor,parameter,mean,sd,2.5%,50%,97.5%,missingness,type,run_no
y_noMiss,b_Intercept,-0.41193136935304175,0.08843914921170166,-0.5843983326838481,-0.4121469289443186,-0.234581708998831,MNAR,brms,338
y_noMiss,b_light,0.2579263759503974,0.05793175465687867,0.14363046518220002,0.2578821575205419,0.3709165498600235,MNAR,brms,338
y_noMiss,b_discharge,-1.7527790377849874,0.06091358075292391,-1.8741157668425164,-1.7523344281421842,-1.6317243105110104,MNAR,brms,338
y_noMiss,phi,0.2802327706868358,0.057254076818429374,0.1675702863733091,0.28071812515771766,0.39237606963791005,MNAR,brms,338
y_noMiss,sigma,1.077668490058571,0.04592885069235539,0.9934800926992979,1.0760637207623787,1.1736574015703047,MNAR,brms,338
y_noMiss,Intercept,-0.5014492408048071,0.08829658732143246,-0.6728846251981364,-0.501418248299029,-0.3252276359507684,MNAR,brms,338
