missingprop_autocor,parameter,mean,sd,2.5%,50%,97.5%,missingness,type,run_no
y_noMiss,b_Intercept,0.9560767726151805,0.08833856402994619,0.7817778017495878,0.9549462118971512,1.1303572915842124,MNAR,brms,339
y_noMiss,b_light,-0.04342663425822398,0.05262873590588911,-0.14636645482235122,-0.043888226359114366,0.060404842208506275,MNAR,brms,339
y_noMiss,b_discharge,-0.5700886931139512,0.055806391735600626,-0.6796275188149393,-0.5698098226695493,-0.4627957176750895,MNAR,brms,339
y_noMiss,phi,0.3330786748350869,0.05593633116877461,0.22470731464984858,0.33277956283610954,0.4422876290741596,MNAR,brms,339
y_noMiss,sigma,0.9679467686336006,0.040600753252725046,0.8928286185228698,0.9667767237977896,1.0497808511050384,MNAR,brms,339
y_noMiss,Intercept,1.0409412779020322,0.0878332147655692,0.8671543528996051,1.0402276638061236,1.2141231772543453,MNAR,brms,339
