missingprop_autocor,parameter,mean,sd,2.5%,50%,97.5%,missingness,type,run_no
y_noMiss,b_Intercept,0.5717244013219417,0.18997993058941867,0.18911668778584345,0.572320812980499,0.9369863778954706,MNAR,brms,33
y_noMiss,b_light,0.5513813660979018,0.055321768279507064,0.4430265815394678,0.551218904198441,0.6605547280740169,MNAR,brms,33
y_noMiss,b_discharge,0.11079105140912913,0.051416997679629886,0.008818186137702716,0.11092606928052008,0.21194917904442645,MNAR,brms,33
y_noMiss,phi,0.66639788368067,0.044588029841409915,0.5785153493235333,0.6666151803636391,0.7530665542237227,MNAR,brms,33
y_noMiss,sigma,1.055866776659058,0.04466379236299504,0.9724060476914476,1.0548966088556804,1.1489347423208747,MNAR,brms,33
y_noMiss,Intercept,0.5920760844151912,0.18997986636081876,0.20900133671106022,0.5931533218739703,0.9561937979842455,MNAR,brms,33
