missingprop_autocor,parameter,mean,sd,2.5%,50%,97.5%,missingness,type,run_no
y_noMiss,b_Intercept,0.7763417990159249,0.1191739821695556,0.541806041830829,0.7744062574004533,1.0116240703990977,MNAR,brms,340
y_noMiss,b_light,1.1706423248624258,0.051581414590510515,1.071431775754613,1.1706530301575038,1.2710379230311517,MNAR,brms,340
y_noMiss,b_discharge,-1.5573936651934157,0.057275104773924654,-1.669235749329382,-1.5567723937550788,-1.4464593788303453,MNAR,brms,340
y_noMiss,phi,0.5016722789424801,0.051087764471988366,0.4017096590251901,0.502001565356823,0.6013055757557183,MNAR,brms,340
y_noMiss,sigma,0.9988987526614864,0.04208477042618881,0.9230274296385318,0.9969165867480551,1.0851495517992535,MNAR,brms,340
y_noMiss,Intercept,0.8052245160383855,0.11915549340398096,0.5711201567368511,0.8031376195088097,1.0407961683174076,MNAR,brms,340
