missingprop_autocor,parameter,mean,sd,2.5%,50%,97.5%,missingness,type,run_no
y_noMiss,b_Intercept,-0.684836522164958,0.28436404544003874,-1.2628855824716005,-0.6816259200655614,-0.13678761604367273,MNAR,brms,341
y_noMiss,b_light,0.8415569167416049,0.05008649010130151,0.7425086455121764,0.8420018116143428,0.938990189516157,MNAR,brms,341
y_noMiss,b_discharge,0.343711135641682,0.04659521063321316,0.2517179289920252,0.343487044294595,0.434590276403006,MNAR,brms,341
y_noMiss,phi,0.7885588778478493,0.037281238277784144,0.7157369349767493,0.7880776345376037,0.8616815892819403,MNAR,brms,341
y_noMiss,sigma,1.0181876072124962,0.04279227242654803,0.9407057462418914,1.015981321255453,1.1073576392347972,MNAR,brms,341
y_noMiss,Intercept,-0.6699906736648533,0.2843557540230561,-1.2469860069098515,-0.6670150027219792,-0.12259210932127466,MNAR,brms,341
