missingprop_autocor,parameter,mean,sd,2.5%,50%,97.5%,missingness,type,run_no
y_noMiss,b_Intercept,-0.3213953592348112,0.09600161143662155,-0.5085582219933374,-0.3207304604896091,-0.1327009917604821,MNAR,brms,342
y_noMiss,b_light,-0.08022144091352938,0.056863388101628526,-0.19157381631720005,-0.07999241049524541,0.02975973564154497,MNAR,brms,342
y_noMiss,b_discharge,0.2486815582061973,0.05753946669717859,0.13364116191446299,0.24871306203105034,0.35861759986583186,MNAR,brms,342
y_noMiss,phi,0.36838196818411895,0.055290441794049676,0.2589278821707145,0.3687954645647602,0.47682668855134036,MNAR,brms,342
y_noMiss,sigma,1.0201814221751582,0.04319416283092599,0.93948043346796,1.0188739806930929,1.1104496079997368,MNAR,brms,342
y_noMiss,Intercept,-0.3011363355891486,0.095782189287884,-0.48829977957017506,-0.30124785519591024,-0.11305693286283568,MNAR,brms,342
