missingprop_autocor,parameter,mean,sd,2.5%,50%,97.5%,missingness,type,run_no
y_noMiss,b_Intercept,-1.4040072220465436,0.07960019141662053,-1.5574395564906272,-1.4041104635051371,-1.2462206113295473,MNAR,brms,343
y_noMiss,b_light,1.7313681969757169,0.05435851969970289,1.6253843897066265,1.7308495843238565,1.8372950527309466,MNAR,brms,343
y_noMiss,b_discharge,-1.7493945186665396,0.05584430656985084,-1.859632735333983,-1.7486816926439872,-1.6398781864128065,MNAR,brms,343
y_noMiss,phi,0.24822873011314972,0.057888425526168547,0.1325597717366759,0.24836440106382915,0.3631670078802344,MNAR,brms,343
y_noMiss,sigma,0.9982546593446134,0.043768184643504585,0.9176254228808873,0.9969350445474001,1.0890907625441744,MNAR,brms,343
y_noMiss,Intercept,-1.2889582899311782,0.07954594375649597,-1.4426504498476695,-1.2897733571348176,-1.1305035818256415,MNAR,brms,343
