missingprop_autocor,parameter,mean,sd,2.5%,50%,97.5%,missingness,type,run_no
y_noMiss,b_Intercept,1.0068916766102323,0.1689548499404122,0.6761897610981323,1.003906179249522,1.3458360279732704,MNAR,brms,344
y_noMiss,b_light,1.6114264172601895,0.05231310907390804,1.5068163373281023,1.6117721063442714,1.7110075852236302,MNAR,brms,344
y_noMiss,b_discharge,-0.6404046563819352,0.04782489443133701,-0.7344737892168239,-0.640225067244723,-0.5453279083562058,MNAR,brms,344
y_noMiss,phi,0.6578020595336165,0.0446755256816054,0.5694463556848736,0.6580746276179328,0.7455227895569826,MNAR,brms,344
y_noMiss,sigma,0.9747416767282522,0.04053010457334773,0.8998904431289837,0.972926108623354,1.057196282587624,MNAR,brms,344
y_noMiss,Intercept,1.0366842151632158,0.16896499999189232,0.7072585467990924,1.0335684846903381,1.374997054634742,MNAR,brms,344
