missingprop_autocor,parameter,mean,sd,2.5%,50%,97.5%,missingness,type,run_no
y_noMiss,b_Intercept,0.8649922740342942,0.10275026215828098,0.662907748275266,0.8637267940630242,1.0694469956006845,MNAR,brms,345
y_noMiss,b_light,-1.9139340599240962,0.05299444200524669,-2.0171444121522484,-1.9145761558955052,-1.8101035047318605,MNAR,brms,345
y_noMiss,b_discharge,-2.4952953521469103,0.054795631011422756,-2.602748853526139,-2.4954737933014863,-2.3861244100878487,MNAR,brms,345
y_noMiss,phi,0.4382122974378863,0.05287056328852187,0.33614512192002344,0.43893806373059385,0.5407332036452213,MNAR,brms,345
y_noMiss,sigma,0.9826547838524765,0.041312991470763956,0.9058095208817101,0.9806443616971797,1.0684711069994104,MNAR,brms,345
y_noMiss,Intercept,0.7918186027951187,0.10273355485175492,0.5894491328157561,0.7904828909543486,0.9969176906827169,MNAR,brms,345
