missingprop_autocor,parameter,mean,sd,2.5%,50%,97.5%,missingness,type,run_no
y_noMiss,b_Intercept,0.7669825710512678,0.07879353082613544,0.6107260797646243,0.7659823661281713,0.9195464651306725,MNAR,brms,346
y_noMiss,b_light,-1.4935185274548872,0.05656092980754436,-1.6023471887963026,-1.4936214216531263,-1.3823652637507837,MNAR,brms,346
y_noMiss,b_discharge,-1.7638957182910298,0.06059750137404424,-1.8834027486320768,-1.763618332070673,-1.646001661176599,MNAR,brms,346
y_noMiss,phi,0.24366774481682188,0.057789185359031076,0.1289857018318889,0.24399438478381305,0.3575982415686549,MNAR,brms,346
y_noMiss,sigma,1.0064581612149046,0.042175295612329196,0.9287045239616898,1.004750091469158,1.0944014184549338,MNAR,brms,346
y_noMiss,Intercept,0.6386026749758682,0.07868505292649658,0.4818299216583306,0.637727985525104,0.7901110618431032,MNAR,brms,346
