missingprop_autocor,parameter,mean,sd,2.5%,50%,97.5%,missingness,type,run_no
y_noMiss,b_Intercept,0.3736984092238386,0.07620805837154612,0.22354398354942817,0.3746040567642769,0.524606861453977,MNAR,brms,347
y_noMiss,b_light,-0.9992736922877367,0.05295370567034827,-1.1025380661500195,-0.9992751259775676,-0.8981538244185154,MNAR,brms,347
y_noMiss,b_discharge,1.0959586968077746,0.059425726828342476,0.9809975804779758,1.0958120972717469,1.2131662843215782,MNAR,brms,347
y_noMiss,phi,0.2483941176148108,0.059873085760998625,0.13108209741736027,0.24842267637591536,0.3658937630179486,MNAR,brms,347
y_noMiss,sigma,0.9769605725621011,0.04056035855939427,0.9023198399902307,0.9756117988806648,1.0595760895847615,MNAR,brms,347
y_noMiss,Intercept,0.37892557935747356,0.07617914025683437,0.229053498192649,0.38005147438544884,0.5297532150217769,MNAR,brms,347
