missingprop_autocor,parameter,mean,sd,2.5%,50%,97.5%,missingness,type,run_no
y_noMiss,b_Intercept,-1.6774819939590169,0.06578188716644662,-1.8071426048971804,-1.6771374238299717,-1.5470796953307946,MNAR,brms,348
y_noMiss,b_light,0.5816683031839941,0.0661530442572533,0.4533300461839184,0.5810647715347179,0.7108287138820863,MNAR,brms,348
y_noMiss,b_discharge,-0.15930209873746987,0.06165359323420824,-0.28177505770498107,-0.15910638237578587,-0.03646878107830935,MNAR,brms,348
y_noMiss,phi,0.009556559197647859,0.06034360590787356,-0.10881571137178804,0.009241316583736177,0.1306506360397616,MNAR,brms,348
y_noMiss,sigma,1.1202162241118883,0.0463878187234015,1.035489414179003,1.1186516819270251,1.2165259185488222,MNAR,brms,348
y_noMiss,Intercept,-1.7212610725677289,0.06541158092836794,-1.851130109529325,-1.7207968215117058,-1.5923919375078905,MNAR,brms,348
