missingprop_autocor,parameter,mean,sd,2.5%,50%,97.5%,missingness,type,run_no
y_noMiss,b_Intercept,-1.213231724176159,0.070901031319759375,-1.3517987127832467,-1.2142279741067823,-1.0710265435790622,MNAR,brms,349
y_noMiss,b_light,-0.908319149606273,0.05759953501566054,-1.0206381451079376,-0.9085239458589671,-0.7967797141539998,MNAR,brms,349
y_noMiss,b_discharge,-1.4853659537717758,0.053761132081964924,-1.5880217171458655,-1.4854363576987164,-1.3790352606388017,MNAR,brms,349
y_noMiss,phi,0.17969341986709603,0.05855140879653432,0.06369414015358389,0.17974198724368073,0.29645680917329237,MNAR,brms,349
y_noMiss,sigma,0.9840152216252162,0.041908846678959125,0.9056668624507374,0.9830120961283797,1.0701349484752538,MNAR,brms,349
y_noMiss,Intercept,-1.1658562697106798,0.07084961982051775,-1.3043945520361513,-1.1670524394694288,-1.0239579573262976,MNAR,brms,349
