missingprop_autocor,parameter,mean,sd,2.5%,50%,97.5%,missingness,type,run_no
y_noMiss,b_Intercept,1.521198904487434,0.09702401251942644,1.332109437655408,1.520461589423622,1.7099419039414707,MNAR,brms,34
y_noMiss,b_light,-0.46126056115845615,0.052000228621407754,-0.5615871680704987,-0.4611247742957635,-0.35838830239734415,MNAR,brms,34
y_noMiss,b_discharge,1.1250478182489088,0.05463976840742958,1.0137692175035575,1.1262422767397524,1.2317676999646014,MNAR,brms,34
y_noMiss,phi,0.4009258585954277,0.054376283225563614,0.2961781411585186,0.40158044242751145,0.5071387178783651,MNAR,brms,34
y_noMiss,sigma,0.9750060683758852,0.04060968368920543,0.899678031271603,0.9736533141722723,1.0579410291803502,MNAR,brms,34
y_noMiss,Intercept,1.5696803359980431,0.09696330565879066,1.3794300236776451,1.5691201499562726,1.7582381412538608,MNAR,brms,34
