missingprop_autocor,parameter,mean,sd,2.5%,50%,97.5%,missingness,type,run_no
y_noMiss,b_Intercept,0.20643567035881144,0.07126381654081072,0.06576422004677743,0.20671029896034626,0.3485130424232109,MNAR,brms,350
y_noMiss,b_light,0.1601186830251366,0.05634555415963342,0.04791483673520362,0.1602381578272296,0.2709655258194924,MNAR,brms,350
y_noMiss,b_discharge,-0.6987243427517819,0.05639284981228621,-0.8109754968270859,-0.6981134735535475,-0.5898077110913187,MNAR,brms,350
y_noMiss,phi,0.18030512542485608,0.05855287940984249,0.061866384368458004,0.1804603778486676,0.29172745093312863,MNAR,brms,350
y_noMiss,sigma,0.9894238012880426,0.04143794171598674,0.9129153799314743,0.9879022059056134,1.0747122706726895,MNAR,brms,350
y_noMiss,Intercept,0.2003382920199519,0.07125507190069783,0.0600376574703172,0.20061012568974068,0.3423236735722268,MNAR,brms,350
