missingprop_autocor,parameter,mean,sd,2.5%,50%,97.5%,missingness,type,run_no
y_noMiss,b_Intercept,0.009785331134031383,0.18283112433502907,-0.3531261378782024,0.008347915489581026,0.36875709935407713,MNAR,brms,351
y_noMiss,b_light,-0.16893188218182856,0.04725054781022399,-0.2602688816049371,-0.16922923780752996,-0.07695536191696463,MNAR,brms,351
y_noMiss,b_discharge,-1.3517180045152144,0.04426671108774352,-1.439513941759805,-1.351784720767664,-1.2624640675853873,MNAR,brms,351
y_noMiss,phi,0.6767997021426486,0.04445499510672823,0.5878129528587208,0.6768780523193013,0.7641987212056579,MNAR,brms,351
y_noMiss,sigma,0.9989786821880224,0.041692916587273886,0.9194829013957586,0.9975147551412187,1.08406947782224,MNAR,brms,351
y_noMiss,Intercept,0.18131288781219276,0.18278851922046452,-0.18133129134826118,0.1801700596775372,0.5415608627441638,MNAR,brms,351
