missingprop_autocor,parameter,mean,sd,2.5%,50%,97.5%,missingness,type,run_no
y_noMiss,b_Intercept,-0.6596633846900836,0.12415379699898943,-0.9020045680851158,-0.6601904935698228,-0.4134181871977137,MNAR,brms,352
y_noMiss,b_light,-1.0452898857608182,0.05192445416867473,-1.1481401680052004,-1.0455626947538499,-0.942500672316966,MNAR,brms,352
y_noMiss,b_discharge,-0.17330148094316805,0.05646127173941655,-0.28245319696756294,-0.1733214921219818,-0.06215982618718962,MNAR,brms,352
y_noMiss,phi,0.5233530223651107,0.05005517815687155,0.4270071936470763,0.5228229761267293,0.6225595739224576,MNAR,brms,352
y_noMiss,sigma,0.9828951621670415,0.04141703611463557,0.9056675010842409,0.9813461262553518,1.0678803305265003,MNAR,brms,352
y_noMiss,Intercept,-0.6783167779784057,0.12413769674800891,-0.9196010611141942,-0.6790386069618093,-0.4316654916516844,MNAR,brms,352
