missingprop_autocor,parameter,mean,sd,2.5%,50%,97.5%,missingness,type,run_no
y_noMiss,b_Intercept,-0.23042336921959053,0.134868137894688,-0.49943515453526593,-0.23116184862920264,0.03430605871535426,MNAR,brms,353
y_noMiss,b_light,0.114644210265942,0.050735012190118334,0.014810339860839968,0.1150158490471277,0.21368489180454955,MNAR,brms,353
y_noMiss,b_discharge,-0.516362328121555,0.04683256022991237,-0.6055557670927694,-0.5174015953441813,-0.42456069836472166,MNAR,brms,353
y_noMiss,phi,0.5886608121280463,0.048757544699829826,0.4934596541363071,0.5884020841772393,0.6825438184670658,MNAR,brms,353
y_noMiss,sigma,0.9460832150798156,0.039690009513862215,0.8720515282833728,0.9448823873330636,1.0281887067983726,MNAR,brms,353
y_noMiss,Intercept,-0.15577667662415534,0.13478147137615493,-0.4235311908517604,-0.15589677034066796,0.1098605524198886,MNAR,brms,353
