missingprop_autocor,parameter,mean,sd,2.5%,50%,97.5%,missingness,type,run_no
y_noMiss,b_Intercept,-1.2041786195438644,0.19681158639277443,-1.5895929229843515,-1.206518839291781,-0.8043723375127705,MNAR,brms,354
y_noMiss,b_light,0.7822973021607394,0.050668775968679663,0.6823114525936291,0.7817851567207776,0.882382461742734,MNAR,brms,354
y_noMiss,b_discharge,-0.6492271767803102,0.05009958298070215,-0.7468209021448254,-0.6488552487896901,-0.5514181813999445,MNAR,brms,354
y_noMiss,phi,0.6915757861520568,0.044543759599742216,0.6057843700831774,0.6915007696768143,0.7801458974715595,MNAR,brms,354
y_noMiss,sigma,1.0313819114877372,0.04330629399551666,0.9511183916382295,1.0290541629042909,1.1191670693694793,MNAR,brms,354
y_noMiss,Intercept,-1.050623805858727,0.19659083858544962,-1.4346785926719656,-1.0536864898021876,-0.649085765825953,MNAR,brms,354
