missingprop_autocor,parameter,mean,sd,2.5%,50%,97.5%,missingness,type,run_no
y_noMiss,b_Intercept,-0.6192208549576171,0.06311605618142045,-0.742299126348854,-0.6201437161622907,-0.49291413333978495,MNAR,brms,355
y_noMiss,b_light,0.30771954813702446,0.05779419148943311,0.19452865623345725,0.3074628498906952,0.42217860698844856,MNAR,brms,355
y_noMiss,b_discharge,-1.5228550371014486,0.05369074026635245,-1.6262435394359187,-1.5227094659044853,-1.4172413530607992,MNAR,brms,355
y_noMiss,phi,0.09257799708001747,0.05869258138554014,-0.02265633395767164,0.0924957676690503,0.20560705232795393,MNAR,brms,355
y_noMiss,sigma,0.9602564400551843,0.040280738706509535,0.884211160921908,0.9591071286489212,1.0427806895277836,MNAR,brms,355
y_noMiss,Intercept,-0.48391301143552157,0.06248482476219661,-0.6064257233738496,-0.4846888462986244,-0.35856009860587956,MNAR,brms,355
