missingprop_autocor,parameter,mean,sd,2.5%,50%,97.5%,missingness,type,run_no
y_noMiss,b_Intercept,0.3370468679406447,0.06084779405353392,0.22007107143935378,0.33625778383185145,0.45661202701859605,MNAR,brms,356
y_noMiss,b_light,-1.749164929031597,0.05986315915507817,-1.8651643068561718,-1.7490457537729878,-1.6319540203072946,MNAR,brms,356
y_noMiss,b_discharge,0.9099704651512421,0.05914632431705729,0.7940931344671938,0.9105985979518358,1.0267767672163464,MNAR,brms,356
y_noMiss,phi,0.01739438735640645,0.05873352339915425,-0.09807164026948476,0.01767145713093045,0.1336101054795432,MNAR,brms,356
y_noMiss,sigma,1.0040145847206117,0.04281229839573794,0.9242827143046591,1.0025492742515925,1.0913771262752523,MNAR,brms,356
y_noMiss,Intercept,0.5195673776151984,0.06057386947986523,0.40218135426408297,0.5188487692523613,0.6399188916036724,MNAR,brms,356
