missingprop_autocor,parameter,mean,sd,2.5%,50%,97.5%,missingness,type,run_no
y_noMiss,b_Intercept,-0.008729867875499803,0.15343391069285015,-0.3150085402238573,-0.01089225703524948,0.29453960145599034,MNAR,brms,357
y_noMiss,b_light,0.04255552035147742,0.04881287711133334,-0.05396296469858238,0.04358763043994333,0.1366553231144794,MNAR,brms,357
y_noMiss,b_discharge,-0.9450687190118351,0.04584432359403144,-1.0329984301246184,-0.9453582380473423,-0.854932914159453,MNAR,brms,357
y_noMiss,phi,0.6129913569888568,0.04784140439721882,0.5186467236844109,0.613670868711198,0.7059435080145892,MNAR,brms,357
y_noMiss,sigma,0.9806205073861405,0.04060702313853751,0.9058260983246078,0.979261611512623,1.0636266830552008,MNAR,brms,357
y_noMiss,Intercept,0.04489502067544578,0.1533998074522566,-0.26261249925471186,0.0437121151320047,0.3483072444824188,MNAR,brms,357
