missingprop_autocor,parameter,mean,sd,2.5%,50%,97.5%,missingness,type,run_no
y_noMiss,b_Intercept,0.06956554531991167,0.06564717610958863,-0.06005417917935446,0.06931439760406496,0.2003813314006179,MNAR,brms,358
y_noMiss,b_light,-0.8456428050379147,0.05364243950190749,-0.9497545617205853,-0.8453731824310542,-0.7399514246598142,MNAR,brms,358
y_noMiss,b_discharge,-0.5909270658943636,0.05798355828516411,-0.705431510921346,-0.5908000481801866,-0.4766513118000213,MNAR,brms,358
y_noMiss,phi,0.12201803353651128,0.05969537529402017,0.0037801584590273266,0.12224846487580221,0.23944803541977816,MNAR,brms,358
y_noMiss,sigma,0.9756385704865522,0.04096512284818156,0.8994911370603932,0.9743572911313161,1.0607293581911825,MNAR,brms,358
y_noMiss,Intercept,0.031025451192093458,0.06550428670172294,-0.09789341634338442,0.030822327375662227,0.16182859262601032,MNAR,brms,358
