missingprop_autocor,parameter,mean,sd,2.5%,50%,97.5%,missingness,type,run_no
y_noMiss,b_Intercept,-0.7460039033248886,0.06321524151855334,-0.869325101192981,-0.7461720606357215,-0.6228101993292865,MNAR,brms,359
y_noMiss,b_light,-0.5163435643472211,0.05583308094570463,-0.6251620065408914,-0.5160145235267908,-0.40907378163561703,MNAR,brms,359
y_noMiss,b_discharge,-0.2537614976428388,0.060909827983041155,-0.37347548365310856,-0.25432318516839614,-0.13542069233825418,MNAR,brms,359
y_noMiss,phi,0.07390917917060354,0.0588256539683453,-0.04078361691668231,0.07410799754396848,0.1877969950625113,MNAR,brms,359
y_noMiss,sigma,0.9992145767550884,0.04234826416338278,0.9200928030721617,0.9976100236238835,1.0851184587731342,MNAR,brms,359
y_noMiss,Intercept,-0.7394230956156529,0.06297396810049281,-0.8626835154019455,-0.7391454404841771,-0.6164197275999885,MNAR,brms,359
