missingprop_autocor,parameter,mean,sd,2.5%,50%,97.5%,missingness,type,run_no
y_noMiss,b_Intercept,-0.9315989266873369,0.1188725886415977,-1.1669274691140408,-0.93299480482257,-0.69887133508309085,MNAR,brms,35
y_noMiss,b_light,0.18059032926850707,0.04720932575040423,0.08849589489119228,0.18095518143049288,0.2731818235925594,MNAR,brms,35
y_noMiss,b_discharge,-0.2690554282465699,0.05258600446529691,-0.37298415977618193,-0.26861511444754416,-0.16717095120744302,MNAR,brms,35
y_noMiss,phi,0.500612848574833,0.05237792477237277,0.3998949643664704,0.5005181244420114,0.6025217936110586,MNAR,brms,35
y_noMiss,sigma,1.006920558051461,0.04201939339258581,0.9294604658685395,1.0055684272673948,1.0925051548339544,MNAR,brms,35
y_noMiss,Intercept,-0.9307331906095291,0.11887983522841805,-1.1660466070569182,-0.9321087488263642,-0.6973473365165601,MNAR,brms,35
