missingprop_autocor,parameter,mean,sd,2.5%,50%,97.5%,missingness,type,run_no
y_noMiss,b_Intercept,0.7025812533137279,0.0678157896305141,0.5680845927209229,0.7027161685264763,0.8357156749903434,MNAR,brms,360
y_noMiss,b_light,-1.9025548258508411,0.05703696227611314,-2.0135893355253485,-1.902456489245733,-1.7886376877444714,MNAR,brms,360
y_noMiss,b_discharge,0.6283461884384248,0.05827284752542315,0.5153344462237203,0.6282093532083732,0.7451159871433956,MNAR,brms,360
y_noMiss,phi,0.165207183941373,0.05962644117688229,0.04918933450807075,0.16466370691718143,0.28349229195169046,MNAR,brms,360
y_noMiss,sigma,0.9782591933569007,0.04144740390849775,0.9028321426714424,0.9764681417244024,1.0641828248388214,MNAR,brms,360
y_noMiss,Intercept,0.7813201071337159,0.06778020739161679,0.6466427157229249,0.7816178995498361,0.9145966496133365,MNAR,brms,360
