missingprop_autocor,parameter,mean,sd,2.5%,50%,97.5%,missingness,type,run_no
y_noMiss,b_Intercept,1.125564992584749,0.13572537347342473,0.8616199183040784,1.1243408349837951,1.4000359454812366,MNAR,brms,361
y_noMiss,b_light,0.10947077190620927,0.05322191736087462,0.004238713904088422,0.10912928757387327,0.2141537967842236,MNAR,brms,361
y_noMiss,b_discharge,-1.1273440717933751,0.05115852942308979,-1.2280711021488462,-1.1272759752620949,-1.0278170947667191,MNAR,brms,361
y_noMiss,phi,0.5719731105900893,0.04907264844477971,0.47587079059129217,0.5714050660996131,0.6691802542449762,MNAR,brms,361
y_noMiss,sigma,0.9701446257107734,0.0408298822098909,0.8940003968916075,0.9689322572737987,1.0550382916321555,MNAR,brms,361
y_noMiss,Intercept,1.1431502885357911,0.13556842995171273,0.8791708260765242,1.1425166406493323,1.416636501154949,MNAR,brms,361
