missingprop_autocor,parameter,mean,sd,2.5%,50%,97.5%,missingness,type,run_no
y_noMiss,b_Intercept,0.796038783484241,0.09008280010106533,0.6205629182993765,0.7960094802930416,0.9694502390374502,MNAR,brms,362
y_noMiss,b_light,-1.0063953941580794,0.05687991350762951,-1.1168258369794175,-1.006486857215257,-0.8944599088180976,MNAR,brms,362
y_noMiss,b_discharge,-0.5760090514179641,0.054942977270988035,-0.682535336478041,-0.5759850772580466,-0.46746590371794494,MNAR,brms,362
y_noMiss,phi,0.34488110086496293,0.05527436015310973,0.2357807565098395,0.34489278377963456,0.4517815140742715,MNAR,brms,362
y_noMiss,sigma,1.005006702701341,0.042081602648629333,0.9266956262266159,1.0039942588479198,1.092232536005717,MNAR,brms,362
y_noMiss,Intercept,0.8423112618585086,0.09005513775576081,0.6661205586210326,0.8422876945304872,1.016915670043512,MNAR,brms,362
