missingprop_autocor,parameter,mean,sd,2.5%,50%,97.5%,missingness,type,run_no
y_noMiss,b_Intercept,-0.16888068928828429,0.091667615781076,-0.34725480039302864,-0.17026305613643866,0.008348623273332181,MNAR,brms,363
y_noMiss,b_light,0.16990264082910406,0.05900327833202029,0.05343965611681909,0.1695155857239305,0.2866739136411653,MNAR,brms,363
y_noMiss,b_discharge,-0.08353332710375187,0.05596572365186869,-0.19146776693899217,-0.08356315586168707,0.026746578789059446,MNAR,brms,363
y_noMiss,phi,0.3370017906229556,0.05588938165758181,0.22654496883574904,0.3366501040966107,0.4486692333952567,MNAR,brms,363
y_noMiss,sigma,1.027890916908932,0.042649585588415515,0.9481392157208295,1.0263163486929872,1.1147145011463984,MNAR,brms,363
y_noMiss,Intercept,-0.17862798785090012,0.09162728470990579,-0.35598640139131343,-0.17974046146722766,-0.0013020740240880528,MNAR,brms,363
