missingprop_autocor,parameter,mean,sd,2.5%,50%,97.5%,missingness,type,run_no
y_noMiss,b_Intercept,-1.5097218469102769,0.30868726810771435,-2.155062512316996,-1.5012462356040874,-0.9243440621920618,MNAR,brms,364
y_noMiss,b_light,-0.12383852396075627,0.04659716866689081,-0.21494106195203447,-0.12427834442456023,-0.03187539320993834,MNAR,brms,364
y_noMiss,b_discharge,0.18464793576400187,0.04377417026380884,0.09918787747487795,0.18499879194577828,0.2705004962333757,MNAR,brms,364
y_noMiss,phi,0.8037675750965808,0.036559490263364545,0.7326347835330035,0.8033746295143929,0.8773994972979479,MNAR,brms,364
y_noMiss,sigma,1.0073980447010322,0.04136075308767212,0.9317827160673261,1.0057062299253685,1.0925857807251866,MNAR,brms,364
y_noMiss,Intercept,-1.5109313879311954,0.3087147666914177,-2.1544627428700167,-1.5033216644285332,-0.9268691344049016,MNAR,brms,364
