missingprop_autocor,parameter,mean,sd,2.5%,50%,97.5%,missingness,type,run_no
y_noMiss,b_Intercept,-1.8722568205414754,0.0626181965580473,-1.9948751326832572,-1.8726884686877046,-1.7478730475453963,MNAR,brms,365
y_noMiss,b_light,1.3364597599464918,0.06547960050742076,1.2101536321934125,1.3365359241455332,1.4645247931847767,MNAR,brms,365
y_noMiss,b_discharge,-0.034374126805090555,0.06265439363275509,-0.15514656169615862,-0.035464620474811345,0.09271964474160124,MNAR,brms,365
y_noMiss,phi,0.03339287578060008,0.05930032275132403,-0.08361561781698104,0.03345637670757701,0.14793835104031827,MNAR,brms,365
y_noMiss,sigma,1.0597294614029835,0.04348533971266724,0.9769921016223474,1.058355223524926,1.1487103244159638,MNAR,brms,365
y_noMiss,Intercept,-1.8737655503495056,0.06260046139976692,-1.996442168971703,-1.8742434680066715,-1.7493736633180228,MNAR,brms,365
