missingprop_autocor,parameter,mean,sd,2.5%,50%,97.5%,missingness,type,run_no
y_noMiss,b_Intercept,-0.06480121490191362,0.1419396601841255,-0.3446896730023738,-0.06574255938935755,0.2160430520638408,MNAR,brms,366
y_noMiss,b_light,0.6924195170494558,0.05599019538587546,0.5817529767959083,0.6919349030881262,0.8037002780446293,MNAR,brms,366
y_noMiss,b_discharge,-1.0053556630513203,0.05857802426352217,-1.1202717831625981,-1.0051554355859702,-0.8891393828004535,MNAR,brms,366
y_noMiss,phi,0.5618417396803014,0.04948418905839733,0.467942360740259,0.5607771628455039,0.658316205302343,MNAR,brms,366
y_noMiss,sigma,1.0620497608639485,0.04455127647415866,0.9794135406524458,1.0604976184032102,1.152626830527446,MNAR,brms,366
y_noMiss,Intercept,0.010218853311317114,0.14186957935129324,-0.2707562878755649,0.008877154479589412,0.29247781793465916,MNAR,brms,366
