missingprop_autocor,parameter,mean,sd,2.5%,50%,97.5%,missingness,type,run_no
y_noMiss,b_Intercept,0.5780664762396522,0.0853905875084321,0.40663770660028475,0.5784652469476343,0.7463835526031372,MNAR,brms,367
y_noMiss,b_light,0.39942871006066216,0.05679229474434286,0.2879911939577885,0.4000405055640179,0.5105834740534174,MNAR,brms,367
y_noMiss,b_discharge,0.11535912966949494,0.057123286159797795,0.0036063577911721253,0.11565247312745602,0.22814493772351652,MNAR,brms,367
y_noMiss,phi,0.2750320807239004,0.05884937707273778,0.1580124175561842,0.2750750205255792,0.38742617945599733,MNAR,brms,367
y_noMiss,sigma,1.0642215494593636,0.044009016158240946,0.9823310817524901,1.0624597754116154,1.1546383246058525,MNAR,brms,367
y_noMiss,Intercept,0.6143064936228252,0.08523174346446653,0.44243289871293556,0.6144544445568236,0.7853116982179886,MNAR,brms,367
