missingprop_autocor,parameter,mean,sd,2.5%,50%,97.5%,missingness,type,run_no
y_noMiss,b_Intercept,0.44701484704259503,0.2590680788020487,-0.04919514967755537,0.443864788336648,0.9905516748841129,MNAR,brms,368
y_noMiss,b_light,0.37371619654870536,0.04712507674877475,0.279793984651134,0.37354401955703675,0.46672735960346245,MNAR,brms,368
y_noMiss,b_discharge,-0.5980794028899161,0.04510264384387463,-0.687753431091217,-0.5973271550809784,-0.51027199123004,MNAR,brms,368
y_noMiss,phi,0.7664069279855843,0.039700134429454886,0.6895490918357411,0.7666708450484141,0.8439390671182804,MNAR,brms,368
y_noMiss,sigma,1.0200814804849108,0.04295554877981885,0.9407164026937724,1.0185992425327544,1.1099741410787538,MNAR,brms,368
y_noMiss,Intercept,0.4369546418184875,0.2590744137404051,-0.060771764622313366,0.43315568515299974,0.9791168791418883,MNAR,brms,368
