missingprop_autocor,parameter,mean,sd,2.5%,50%,97.5%,missingness,type,run_no
y_noMiss,b_Intercept,0.012117421038596098,0.3067613444363822,-0.5641375577775504,-0.002506524262719953,0.6434143669526358,MNAR,brms,369
y_noMiss,b_light,-0.9447623820888622,0.04831066013378965,-1.0399741696486968,-0.9448693593917025,-0.8498108333786429,MNAR,brms,369
y_noMiss,b_discharge,1.1816031698756926,0.05025247513339876,1.0838385004410263,1.1818046445306971,1.2786975344041636,MNAR,brms,369
y_noMiss,phi,0.7897192148987001,0.03796997090021306,0.7147025062887243,0.7901388493470276,0.8638957488248363,MNAR,brms,369
y_noMiss,sigma,1.0640082914077316,0.0447150230027926,0.9798846756375069,1.0626759555863938,1.1552905201183512,MNAR,brms,369
y_noMiss,Intercept,0.0657535573930002,0.3067348666269001,-0.5103403278271064,0.05131634451827459,0.6983526575087529,MNAR,brms,369
