missingprop_autocor,parameter,mean,sd,2.5%,50%,97.5%,missingness,type,run_no
y_noMiss,b_Intercept,1.6619290540311307,0.19218430354451765,1.2825176952946817,1.6619330406803754,2.0428520804610772,MNAR,brms,36
y_noMiss,b_light,0.7395145560057145,0.048256574420016775,0.6438193903526266,0.7401511099370969,0.8326813408465364,MNAR,brms,36
y_noMiss,b_discharge,0.33092656566382755,0.04996930840330701,0.2321001580696094,0.33085300712341736,0.4283669399461265,MNAR,brms,36
y_noMiss,phi,0.6987816777900524,0.04314290026910158,0.6155234656796585,0.6983259309204327,0.7848477106988796,MNAR,brms,36
y_noMiss,sigma,0.9977314173275708,0.041284203586732765,0.9205322179909143,0.9966593361097799,1.0839041663285276,MNAR,brms,36
y_noMiss,Intercept,1.7583535957312624,0.19195392736710576,1.3782378019390995,1.758293328512153,2.138903896573025,MNAR,brms,36
