missingprop_autocor,parameter,mean,sd,2.5%,50%,97.5%,missingness,type,run_no
y_noMiss,b_Intercept,-0.12676693517631799,0.3371708004048041,-0.8705534635833881,-0.10325353265905998,0.46245896161464467,MNAR,brms,370
y_noMiss,b_light,-0.9598481970308392,0.0460325544737694,-1.0509231079236103,-0.9602977706554583,-0.8691157451512744,MNAR,brms,370
y_noMiss,b_discharge,0.9879589334083398,0.044168948163930306,0.9001416931149474,0.9882432136123229,1.0751503091578276,MNAR,brms,370
y_noMiss,phi,0.8027462386216991,0.03999686400211598,0.726441843017967,0.8024896975092086,0.8838184750331801,MNAR,brms,370
y_noMiss,sigma,0.9953264909224204,0.041403449391546124,0.917027727421579,0.9940289268524121,1.0800431023320478,MNAR,brms,370
y_noMiss,Intercept,-0.17930563810953296,0.33716527004270824,-0.9229366101162673,-0.15588937580710355,0.41177520361252773,MNAR,brms,370
