missingprop_autocor,parameter,mean,sd,2.5%,50%,97.5%,missingness,type,run_no
y_noMiss,b_Intercept,-0.2751337332921183,0.21596282331362718,-0.710373721536646,-0.2705759601956834,0.13550655215261107,MNAR,brms,371
y_noMiss,b_light,0.8006560996041195,0.04093637792808964,0.7201388659458011,0.800488797838089,0.8802289112571966,MNAR,brms,371
y_noMiss,b_discharge,-0.4111736863834258,0.05089446833526887,-0.5102601235304921,-0.41152510364758366,-0.3111067569006112,MNAR,brms,371
y_noMiss,phi,0.7328807370662753,0.04148033885251845,0.6522299744393901,0.7322012602328944,0.8144832095811153,MNAR,brms,371
y_noMiss,sigma,0.9830317715655321,0.040712590082357614,0.9073036510516325,0.981413271470561,1.0656088852749905,MNAR,brms,371
y_noMiss,Intercept,-0.16506066922544374,0.2159281240810493,-0.5993956445035066,-0.1620154967429789,0.24437611216085242,MNAR,brms,371
