missingprop_autocor,parameter,mean,sd,2.5%,50%,97.5%,missingness,type,run_no
y_noMiss,b_Intercept,-0.4754463132426856,0.1148440432637543,-0.6982950401712891,-0.4745772460532788,-0.2503132027950707,MNAR,brms,372
y_noMiss,b_light,2.4877174843931718,0.05155255012176332,2.3881202233206325,2.487867444319761,2.588130778995225,MNAR,brms,372
y_noMiss,b_discharge,0.6794329616878486,0.056346867491950836,0.569765103944256,0.6797115870644235,0.7906431978569323,MNAR,brms,372
y_noMiss,phi,0.4792176061828306,0.05177329320763525,0.37962771181762583,0.47910198874405485,0.5815843466846217,MNAR,brms,372
y_noMiss,sigma,0.998477673201352,0.04129446585003618,0.9215025421698806,0.997172420983058,1.0833192502875995,MNAR,brms,372
y_noMiss,Intercept,-0.41471708024918663,0.11478298205865833,-0.6385089988409133,-0.4140431078058199,-0.18979207439465778,MNAR,brms,372
