missingprop_autocor,parameter,mean,sd,2.5%,50%,97.5%,missingness,type,run_no
y_noMiss,b_Intercept,1.2274917844770288,0.09141541549366337,1.051699485160495,1.2274721317041473,1.4074466339532241,MNAR,brms,373
y_noMiss,b_light,-0.2119752123952867,0.05878341688419794,-0.3263922732634292,-0.2118798758206888,-0.09583010175362906,MNAR,brms,373
y_noMiss,b_discharge,-0.40577045809052453,0.06200566257562337,-0.5265168407100815,-0.40607710962449317,-0.2849555348212092,MNAR,brms,373
y_noMiss,phi,0.3080297677203382,0.05660192792913038,0.19694048342715517,0.307956980012923,0.4193908177081699,MNAR,brms,373
y_noMiss,sigma,1.0846373632427326,0.045292639983820444,1.0008815662920434,1.08276808617626,1.176830796243415,MNAR,brms,373
y_noMiss,Intercept,1.2403338340030676,0.09136780927170286,1.064284919677913,1.2403262474126482,1.420484227862721,MNAR,brms,373
