missingprop_autocor,parameter,mean,sd,2.5%,50%,97.5%,missingness,type,run_no
y_noMiss,b_Intercept,1.3552366087180068,0.09685967724273595,1.1629254399261115,1.3567110193325824,1.5422753270276908,MNAR,brms,374
y_noMiss,b_light,-0.7939525172235339,0.0593856412807606,-0.9126160168394178,-0.7938551152441716,-0.6783334203635178,MNAR,brms,374
y_noMiss,b_discharge,-0.13329728231539203,0.06346797785966209,-0.2565480233688458,-0.13282082856993155,-0.008215902877894098,MNAR,brms,374
y_noMiss,phi,0.35930675888730657,0.05675429812549976,0.24887051502076288,0.35893487841343025,0.4711301365819268,MNAR,brms,374
y_noMiss,sigma,1.029726750374245,0.042739125424512685,0.9498263865054872,1.0289309703640441,1.1174375892194415,MNAR,brms,374
y_noMiss,Intercept,1.310908537533485,0.09671466030159047,1.117082055599265,1.3120642684284571,1.4978969858212239,MNAR,brms,374
