missingprop_autocor,parameter,mean,sd,2.5%,50%,97.5%,missingness,type,run_no
y_noMiss,b_Intercept,-0.7948217217113699,0.07264626965466338,-0.9358776116066021,-0.7958096002249615,-0.6501013059073819,MNAR,brms,375
y_noMiss,b_light,0.6459642659578526,0.054021125173572215,0.5393254569431062,0.6462189243931769,0.7497441742858033,MNAR,brms,375
y_noMiss,b_discharge,-0.5124680497796713,0.05309209429925952,-0.6174509511054115,-0.51259134942211515,-0.40748366865081004,MNAR,brms,375
y_noMiss,phi,0.24270338105035832,0.05725040046023652,0.1309145377193087,0.24298054456127893,0.35766655007582676,MNAR,brms,375
y_noMiss,sigma,0.9328161971720802,0.03856972819005435,0.8613762589836755,0.9313033787907952,1.0115528494412462,MNAR,brms,375
y_noMiss,Intercept,-0.7701160574621833,0.07261216761427493,-0.9112303547588451,-0.7709510081338375,-0.6258686965012867,MNAR,brms,375
