missingprop_autocor,parameter,mean,sd,2.5%,50%,97.5%,missingness,type,run_no
y_noMiss,b_Intercept,0.43099437545164576,0.3207074798442686,-0.1203804317639047,0.41205274714879947,1.0681748772135573,MNAR,brms,376
y_noMiss,b_light,0.046467638282596375,0.04577995392789293,-0.044112314576509264,0.04686445433450522,0.13746391964982474,MNAR,brms,376
y_noMiss,b_discharge,0.7363764503559175,0.043820248472131944,0.6503115713810186,0.736409267182646,0.8220154451198696,MNAR,brms,376
y_noMiss,phi,0.7976138803383587,0.03886552373282922,0.7232233977950092,0.7974829104241072,0.8731696691321555,MNAR,brms,376
y_noMiss,sigma,0.9877847910477626,0.041497948311289314,0.9096848906827381,0.9864317652322723,1.074040853160255,MNAR,brms,376
y_noMiss,Intercept,0.3848068703893093,0.32068246252003707,-0.16785609682499955,0.3656074620792816,1.022302999647982,MNAR,brms,376
