missingprop_autocor,parameter,mean,sd,2.5%,50%,97.5%,missingness,type,run_no
y_noMiss,b_Intercept,1.5872409748811491,0.26356538254388323,1.0404183838403154,1.596251390263077,2.0737047701054396,MNAR,brms,377
y_noMiss,b_light,-0.30430792696092335,0.041707427814810724,-0.3855475891749887,-0.30422901342573466,-0.22260838757209783,MNAR,brms,377
y_noMiss,b_discharge,1.407739472246692,0.0450135403643086,1.3214339222311253,1.4073532354859233,1.497028601087799,MNAR,brms,377
y_noMiss,phi,0.7675420236491522,0.04031462737796652,0.6893271790054815,0.7668272404201253,0.8483379587873715,MNAR,brms,377
y_noMiss,sigma,0.9914144896977262,0.04158746039485064,0.9157603587065848,0.9897592999301371,1.0781769937563592,MNAR,brms,377
y_noMiss,Intercept,1.6172346013796126,0.26358922048527605,1.0715218200263135,1.6265407903969793,2.104701759039267,MNAR,brms,377
