missingprop_autocor,parameter,mean,sd,2.5%,50%,97.5%,missingness,type,run_no
y_noMiss,b_Intercept,0.6281435891842196,0.06141690454325342,0.5052414257561795,0.6293805829201882,0.7476934130663794,MNAR,brms,378
y_noMiss,b_light,0.06717775732417124,0.061630299993432607,-0.053740109215375,0.06727811638547905,0.18912072620247145,MNAR,brms,378
y_noMiss,b_discharge,-0.579000181517157,0.05562979810902896,-0.6870101734865461,-0.5784375598563823,-0.4692423745214617,MNAR,brms,378
y_noMiss,phi,0.04359804127729887,0.05811173904686656,-0.06906313886583933,0.043332627938189705,0.15711948009525373,MNAR,brms,378
y_noMiss,sigma,1.0180319916821838,0.043222762041180154,0.9375003513386575,1.0163723743039013,1.1066567909729295,MNAR,brms,378
y_noMiss,Intercept,0.615280669441715,0.061417285794923566,0.4924874427777024,0.6165696808140727,0.7345869782658803,MNAR,brms,378
