missingprop_autocor,parameter,mean,sd,2.5%,50%,97.5%,missingness,type,run_no
y_noMiss,b_Intercept,-0.6389188224185381,0.16057447591086882,-0.9583050759426305,-0.6393208091702586,-0.3228921595787508,MNAR,brms,379
y_noMiss,b_light,0.1428150814186897,0.055340057995681396,0.031158263617951612,0.14359815972662043,0.25055170086574896,MNAR,brms,379
y_noMiss,b_discharge,0.08424620871566574,0.0512258281337251,-0.014444977464922485,0.08400743383721462,0.18401322396711584,MNAR,brms,379
y_noMiss,phi,0.610928127487431,0.046996818972901894,0.5188376120680611,0.610681548664977,0.7044427714577562,MNAR,brms,379
y_noMiss,sigma,1.063515066813594,0.04492686421423464,0.9787476548259532,1.0624415146895987,1.1549808124543153,MNAR,brms,379
y_noMiss,Intercept,-0.6349389426487333,0.16048949862481168,-0.9539456585085861,-0.6359260917475269,-0.3190741843389802,MNAR,brms,379
