missingprop_autocor,parameter,mean,sd,2.5%,50%,97.5%,missingness,type,run_no
y_noMiss,b_Intercept,-1.6779359684988062,0.09684907256809312,-1.8668052418553898,-1.679497428911339,-1.490089319406521,MNAR,brms,37
y_noMiss,b_light,-0.3250478754279564,0.06593956068505419,-0.4583302203730466,-0.3238685965502043,-0.1964104281229756,MNAR,brms,37
y_noMiss,b_discharge,-1.353412898724225,0.05736042188217028,-1.4655650148614074,-1.3542953231539656,-1.2404965038758828,MNAR,brms,37
y_noMiss,phi,0.3541313785229327,0.056264567459304846,0.2450298112434719,0.3541731297318682,0.46562583573936334,MNAR,brms,37
y_noMiss,sigma,1.0537516281736694,0.04443268326250562,0.9712516553447829,1.051744061366942,1.1461235426893328,MNAR,brms,37
y_noMiss,Intercept,-1.763237431862389,0.09668658647055309,-1.9503695338897957,-1.7647250964095207,-1.5747101667320895,MNAR,brms,37
