missingprop_autocor,parameter,mean,sd,2.5%,50%,97.5%,missingness,type,run_no
y_noMiss,b_Intercept,-0.9575129127534653,0.0792760681838402,-1.1105746204011717,-0.9579305802160891,-0.7978850084145198,MNAR,brms,380
y_noMiss,b_light,-0.9227898698018391,0.05271160245636711,-1.0253350677216349,-0.9232784497467801,-0.8188469044879376,MNAR,brms,380
y_noMiss,b_discharge,-0.35957768738300716,0.05721739805804588,-0.4712500310812901,-0.359210643847019,-0.24741787662098524,MNAR,brms,380
y_noMiss,phi,0.2772705546645056,0.05809673486752517,0.16532150932469036,0.27729984643682637,0.3907256259014295,MNAR,brms,380
y_noMiss,sigma,0.9911424725198673,0.04118492256171853,0.9150704558490406,0.9895337227079295,1.07680469879464,MNAR,brms,380
y_noMiss,Intercept,-0.9914639073927664,0.07921204459635015,-1.1446437890988892,-0.9923766969259034,-0.8331721395980088,MNAR,brms,380
