missingprop_autocor,parameter,mean,sd,2.5%,50%,97.5%,missingness,type,run_no
y_noMiss,b_Intercept,0.6606365304175715,0.16881132429725051,0.3206447113077611,0.6615522029049645,0.9849424815257414,MNAR,brms,381
y_noMiss,b_light,-0.5544620550958789,0.04493668101340171,-0.642558681790154,-0.5541067029058819,-0.4670495999585081,MNAR,brms,381
y_noMiss,b_discharge,0.6101707068198359,0.047425112199441864,0.5169814319208988,0.6102202288056389,0.7019746024800112,MNAR,brms,381
y_noMiss,phi,0.6506116307939448,0.04590028270880929,0.560458239378896,0.6506902623064075,0.7401856010087615,MNAR,brms,381
y_noMiss,sigma,0.9798330253897203,0.040999505298965296,0.9036005586491527,0.9785391896917985,1.064879477139595,MNAR,brms,381
y_noMiss,Intercept,0.5545497635881779,0.16862249116435274,0.21646669081946995,0.5557765869614437,0.8790817983280407,MNAR,brms,381
