missingprop_autocor,parameter,mean,sd,2.5%,50%,97.5%,missingness,type,run_no
y_noMiss,b_Intercept,1.5029075391248299,0.1448352251752177,1.2197857111099801,1.501872202252649,1.7924859056201463,MNAR,brms,382
y_noMiss,b_light,1.20965379594,0.05309870789206412,1.104512146913974,1.2098831811637543,1.3124315724623297,MNAR,brms,382
y_noMiss,b_discharge,0.6516299946643447,0.049951851468486005,0.554167098634611,0.6515813036420699,0.749552161714434,MNAR,brms,382
y_noMiss,phi,0.5841292026544904,0.04817217620309689,0.4903418944644019,0.5843085769761549,0.678985466738649,MNAR,brms,382
y_noMiss,sigma,1.010420609545615,0.042384606668416716,0.9315078317508868,1.0090860633466598,1.0960572723898439,MNAR,brms,382
y_noMiss,Intercept,1.4078871433956894,0.14476332975375134,1.1260331509529802,1.4073479829714417,1.6951251058844414,MNAR,brms,382
