missingprop_autocor,parameter,mean,sd,2.5%,50%,97.5%,missingness,type,run_no
y_noMiss,b_Intercept,-0.5201654079617711,0.14365707452137125,-0.808911796846503,-0.5203910910710978,-0.23174533833640987,MNAR,brms,383
y_noMiss,b_light,2.1669427483228225,0.04675843811534436,2.076067698922747,2.1668918660093386,2.2583209477186497,MNAR,brms,383
y_noMiss,b_discharge,-0.18768446415007242,0.049628044513663025,-0.28444344616867967,-0.1877031629136341,-0.09305612816200863,MNAR,brms,383
y_noMiss,phi,0.5876810410719777,0.04816745962147027,0.49497126832217464,0.5878956032043672,0.6815599519549582,MNAR,brms,383
y_noMiss,sigma,0.9976855579062632,0.04268976630525476,0.9169674417313978,0.996164236880535,1.084101876960347,MNAR,brms,383
y_noMiss,Intercept,-0.6503257418249213,0.1436105486372537,-0.9387805268725882,-0.6509926547617576,-0.3629873256966977,MNAR,brms,383
