missingprop_autocor,parameter,mean,sd,2.5%,50%,97.5%,missingness,type,run_no
y_noMiss,b_Intercept,-0.0024623450042036473,0.19133039334059435,-0.38762755207231225,-0.0024823940568913794,0.3815944181636024,MNAR,brms,384
y_noMiss,b_light,-0.7816267518016976,0.04851240059875775,-0.8767104640697819,-0.781926139329141,-0.6866827627702139,MNAR,brms,384
y_noMiss,b_discharge,-2.4692398202113983,0.04455952196649324,-2.559063062612986,-2.4688284818990027,-2.382167761636996,MNAR,brms,384
y_noMiss,phi,0.6904633729970434,0.04314631157321618,0.6039720503409969,0.6907427968006676,0.7750775995967294,MNAR,brms,384
y_noMiss,sigma,0.9959561465973393,0.041728634138011755,0.9178176491658182,0.9945549988611486,1.0816403263884262,MNAR,brms,384
y_noMiss,Intercept,-0.11113407489821495,0.1910798975359707,-0.4977914481186801,-0.11099768346059365,0.2739597903843401,MNAR,brms,384
