missingprop_autocor,parameter,mean,sd,2.5%,50%,97.5%,missingness,type,run_no
y_noMiss,b_Intercept,-0.16513955681706563,0.09385253854346641,-0.3509780512262603,-0.1648553000346764,0.02135865038120186,MNAR,brms,385
y_noMiss,b_light,-0.4342750501937598,0.05296850574968217,-0.5392920739637854,-0.4352992570468969,-0.3312805296336747,MNAR,brms,385
y_noMiss,b_discharge,0.1845525869785312,0.05589518237389789,0.07556289237407686,0.18510917783381114,0.2941770527691346,MNAR,brms,385
y_noMiss,phi,0.3841404485164259,0.05436452141099192,0.2769681991653968,0.38385207141256716,0.4910154860352387,MNAR,brms,385
y_noMiss,sigma,0.996635183621663,0.0406901464487523,0.9223395110604661,0.9953740598380204,1.0792396629169203,MNAR,brms,385
y_noMiss,Intercept,-0.20705781963352887,0.0937912197721072,-0.39235380137296666,-0.20655572073883816,-0.0196368456135654,MNAR,brms,385
