missingprop_autocor,parameter,mean,sd,2.5%,50%,97.5%,missingness,type,run_no
y_noMiss,b_Intercept,0.7518383207357413,0.13089723713314286,0.495495864230739,0.7515033654925445,1.0169859040392089,MNAR,brms,386
y_noMiss,b_light,-0.8525990258535341,0.04912133880282505,-0.9511669559774953,-0.851971504249314,-0.7569092944606712,MNAR,brms,386
y_noMiss,b_discharge,0.5664277830751887,0.05497752540599226,0.4581126418937289,0.5660078303015899,0.6736674455424375,MNAR,brms,386
y_noMiss,phi,0.5479424844520182,0.05025319040563456,0.45046773949841823,0.5475872568555735,0.6478395782378779,MNAR,brms,386
y_noMiss,sigma,0.9936482389782012,0.04151656917998527,0.9154945688337833,0.9924786216976185,1.0795373525344614,MNAR,brms,386
y_noMiss,Intercept,0.7784338511322719,0.13089803220474394,0.521640959846825,0.7781106169301579,1.0439368582158632,MNAR,brms,386
