missingprop_autocor,parameter,mean,sd,2.5%,50%,97.5%,missingness,type,run_no
y_noMiss,b_Intercept,-1.1199988325336971,0.11230711193755791,-1.3388982841712478,-1.1208174271083178,-0.8990125827801912,MNAR,brms,387
y_noMiss,b_light,-0.3712065664039979,0.05842696226134714,-0.4836273810454144,-0.3717586460040878,-0.2573496840980224,MNAR,brms,387
y_noMiss,b_discharge,1.0007395302841537,0.05305812166849068,0.8970212731617878,1.001774109788114,1.10276736821796,MNAR,brms,387
y_noMiss,phi,0.4557367947937313,0.05338738477360161,0.3522210104286556,0.4553228156348118,0.5621368613165451,MNAR,brms,387
y_noMiss,sigma,1.051942017505427,0.04390935191087833,0.9711342066396508,1.0500921633897393,1.1443713577120274,MNAR,brms,387
y_noMiss,Intercept,-1.1051133473056798,0.11230656203512224,-1.3244795526853221,-1.105794343466291,-0.88401446987998,MNAR,brms,387
