missingprop_autocor,parameter,mean,sd,2.5%,50%,97.5%,missingness,type,run_no
y_noMiss,b_Intercept,-0.2772021130258172,0.21282210942570706,-0.7131345280748754,-0.27588748486181314,0.12781356077854322,MNAR,brms,388
y_noMiss,b_light,0.5312538196850777,0.04787428133092314,0.43733939702133184,0.5308704703671148,0.6245546540749598,MNAR,brms,388
y_noMiss,b_discharge,1.91158651792611,0.04956827595058015,1.8121880222803683,1.91107936292997,2.009967524120771,MNAR,brms,388
y_noMiss,phi,0.7167624951928959,0.041756870289747734,0.6362217082421654,0.716744277349147,0.7989093153329642,MNAR,brms,388
y_noMiss,sigma,1.0210683246095682,0.04266712608966305,0.9414616377978194,1.0191211096989998,1.1081520755239784,MNAR,brms,388
y_noMiss,Intercept,-0.44843569886980644,0.2128072008491184,-0.8828323310494961,-0.447468490642966,-0.04369177214944873,MNAR,brms,388
