missingprop_autocor,parameter,mean,sd,2.5%,50%,97.5%,missingness,type,run_no
y_noMiss,b_Intercept,-0.39270034442629087,0.07546033608887806,-0.5402546757225893,-0.3919907954243914,-0.24415310390667722,MNAR,brms,389
y_noMiss,b_light,-0.2456206022000811,0.05824704768262538,-0.36133272734952704,-0.24494168323506876,-0.13198211975834334,MNAR,brms,389
y_noMiss,b_discharge,-0.9688046035469631,0.05737163723872069,-1.079504125058959,-0.9689762964076707,-0.8559587151881775,MNAR,brms,389
y_noMiss,phi,0.18518564544258348,0.057846105979135164,0.07101949154624629,0.18508479091206137,0.29945115387933147,MNAR,brms,389
y_noMiss,sigma,1.0163423400112486,0.0428487777008431,0.9361884040364497,1.0148921374981787,1.1034524283234566,MNAR,brms,389
y_noMiss,Intercept,-0.34080295595016724,0.07536695318075547,-0.4880933335392101,-0.34055446640218984,-0.19306216419215716,MNAR,brms,389
