missingprop_autocor,parameter,mean,sd,2.5%,50%,97.5%,missingness,type,run_no
y_noMiss,b_Intercept,0.10388355102007882,0.12220309937056201,-0.13399593436463694,0.10504573091412187,0.33876546252959244,MNAR,brms,38
y_noMiss,b_light,0.65489193876888,0.05403462922483358,0.5483082124737179,0.655311477420095,0.7610355341585212,MNAR,brms,38
y_noMiss,b_discharge,5.511423005436127e-4,0.05525562769916043,-0.1087142668914506,0.0010602269947320789,0.10831008066671166,MNAR,brms,38
y_noMiss,phi,0.5138876085834574,0.05208391287060831,0.4132267671757959,0.5137255509162252,0.6155117653783511,MNAR,brms,38
y_noMiss,sigma,1.0141223225424985,0.04273535910228536,0.9348134148160009,1.0131140339768985,1.0994412165349152,MNAR,brms,38
y_noMiss,Intercept,0.04769436750432481,0.12195439384783642,-0.19187525796291577,0.04837188715327353,0.2823436913703339,MNAR,brms,38
