missingprop_autocor,parameter,mean,sd,2.5%,50%,97.5%,missingness,type,run_no
y_noMiss,b_Intercept,-0.6303735317325351,0.0984618047153398,-0.8262493107851426,-0.631020574150512,-0.435293514322962,MNAR,brms,390
y_noMiss,b_light,-0.7030806851730975,0.05075871366605607,-0.8040540139587788,-0.702572208247848,-0.6024683786823481,MNAR,brms,390
y_noMiss,b_discharge,2.1968654803050836,0.047917949499866774,2.1038491306507487,2.196369886328881,2.2909443840836956,MNAR,brms,390
y_noMiss,phi,0.4316876636163316,0.05366324019376072,0.3286659276192157,0.4315393060731638,0.5397651404275802,MNAR,brms,390
y_noMiss,sigma,0.9240539206618121,0.038807816409384105,0.8533710013048542,0.922640643506368,1.0038958263952469,MNAR,brms,390
y_noMiss,Intercept,-0.6375852854818864,0.09846106959085985,-0.8334754016984915,-0.6382810307210203,-0.44255235964780537,MNAR,brms,390
