missingprop_autocor,parameter,mean,sd,2.5%,50%,97.5%,missingness,type,run_no
y_noMiss,b_Intercept,0.12895483919566808,0.05916028450455071,0.013702427791077214,0.12890879493110502,0.2465647745834622,MNAR,brms,391
y_noMiss,b_light,0.10332277100947579,0.05886335561331959,-0.013534494801825076,0.10336678506679467,0.21684200236682066,MNAR,brms,391
y_noMiss,b_discharge,-0.8469748481345624,0.05794024493514156,-0.9594395050701932,-0.8470766297200454,-0.7319667399956262,MNAR,brms,391
y_noMiss,phi,0.012484991434164329,0.05981814143927244,-0.10466626841709076,0.011778736234219746,0.12886946722805961,MNAR,brms,391
y_noMiss,sigma,1.003561644632583,0.041725998901030195,0.9257300443646074,1.0018563689360107,1.0893271089435266,MNAR,brms,391
y_noMiss,Intercept,0.1149530229531983,0.05916050206375925,-2.843840356267082e-4,0.11467963324253184,0.23241552210510366,MNAR,brms,391
