missingprop_autocor,parameter,mean,sd,2.5%,50%,97.5%,missingness,type,run_no
y_noMiss,b_Intercept,0.6142003346659519,0.2779027064369172,0.02292548731824975,0.6275741009213383,1.134767608817573,MNAR,brms,392
y_noMiss,b_light,0.8791371057510936,0.05194618115315459,0.7754872388481865,0.8792528615387979,0.9788878200076049,MNAR,brms,392
y_noMiss,b_discharge,0.45806129244549193,0.04741706696389073,0.3647814999076114,0.45783646564904973,0.55210409984715,MNAR,brms,392
y_noMiss,phi,0.770189821305346,0.039605379731175575,0.6928363033906362,0.769385901594283,0.8494683208229181,MNAR,brms,392
y_noMiss,sigma,1.0462473768043585,0.04382202601846277,0.9646214099725375,1.044959051581968,1.136612111915409,MNAR,brms,392
y_noMiss,Intercept,0.6093202533052444,0.2779007678608262,0.018441546470834586,0.6225879927316866,1.1300056065551345,MNAR,brms,392
