missingprop_autocor,parameter,mean,sd,2.5%,50%,97.5%,missingness,type,run_no
y_noMiss,b_Intercept,-0.6108390442916849,0.05619280628010213,-0.7198620825451522,-0.611252724277093,-0.499729916333907,MNAR,brms,393
y_noMiss,b_light,-1.0251530582393777,0.05435764517573587,-1.1338095425594035,-1.0246406148784817,-0.9185255853440301,MNAR,brms,393
y_noMiss,b_discharge,-1.3161810126948315,0.054719986197959494,-1.4227937703464208,-1.3160404483774162,-1.2095713333141682,MNAR,brms,393
y_noMiss,phi,-0.00977583495541628,0.05892908975760774,-0.12424123642634548,-0.009782276521461662,0.10768260242147627,MNAR,brms,393
y_noMiss,sigma,0.9666191524209763,0.040393567812833264,0.8911660135371496,0.9651316443631247,1.0493885274784456,MNAR,brms,393
y_noMiss,Intercept,-0.39308114791322,0.05582796475684607,-0.5012150476608426,-0.39303851545587176,-0.28333776168339597,MNAR,brms,393
