missingprop_autocor,parameter,mean,sd,2.5%,50%,97.5%,missingness,type,run_no
y_noMiss,b_Intercept,1.8195553559848838,0.07958978466338229,1.6623238508810347,1.8202438062972521,1.9748280345084017,MNAR,brms,394
y_noMiss,b_light,-2.4807495515946933,0.0637518009671552,-2.6083999561560343,-2.4800978065080006,-2.355217355297825,MNAR,brms,394
y_noMiss,b_discharge,-0.8741858094722077,0.061485535786996975,-0.9948619060632065,-0.8743014075661,-0.7540460983740709,MNAR,brms,394
y_noMiss,phi,0.21965817093354456,0.05798442905376712,0.10549869303481028,0.21977052396432473,0.3320076056915298,MNAR,brms,394
y_noMiss,sigma,1.0482312715261997,0.0443463980568774,0.9654928337478119,1.0466226386120026,1.1420616317591061,MNAR,brms,394
y_noMiss,Intercept,1.6130220157795079,0.07942856668550627,1.4560581165854065,1.6136066339586288,1.7682206637061715,MNAR,brms,394
