missingprop_autocor,parameter,mean,sd,2.5%,50%,97.5%,missingness,type,run_no
y_noMiss,b_Intercept,-2.4665634872527145,0.1241402360424266,-2.7110178358245998,-2.467182065757924,-2.2222920410268334,MNAR,brms,395
y_noMiss,b_light,0.5535353018694206,0.04927247459912038,0.45646832051573544,0.553743562471737,0.6491605918438187,MNAR,brms,395
y_noMiss,b_discharge,0.276092690446803,0.05374767787879062,0.17061385764288017,0.2758090133388331,0.384034663333777,MNAR,brms,395
y_noMiss,phi,0.5367151606416812,0.049879051143681574,0.4395483845668712,0.5367868546976944,0.6336281475480406,MNAR,brms,395
y_noMiss,sigma,0.9890561431186806,0.04055469564218891,0.9133543739117519,0.9880077624297801,1.0697137220030808,MNAR,brms,395
y_noMiss,Intercept,-2.40521121790892,0.12408579557858325,-2.6487181820890537,-2.4051000213722924,-2.159007374806776,MNAR,brms,395
