missingprop_autocor,parameter,mean,sd,2.5%,50%,97.5%,missingness,type,run_no
y_noMiss,b_Intercept,1.0632290332492385,0.07886719764445263,0.9062408722636296,1.0624379067922058,1.2202070259899387,MNAR,brms,396
y_noMiss,b_light,-0.3333491182113465,0.0567786726069876,-0.4433319961523518,-0.33289659072439776,-0.2233025395995291,MNAR,brms,396
y_noMiss,b_discharge,-0.8063199546091536,0.05388853156413324,-0.913323472310028,-0.8060076664821533,-0.7009608707123249,MNAR,brms,396
y_noMiss,phi,0.24676882005639642,0.05767056426961545,0.1346430889374505,0.24723218600158206,0.35993919439986805,MNAR,brms,396
y_noMiss,sigma,1.011356042329928,0.041690624299482504,0.9338861127689074,1.0103221453547733,1.0949845866245371,MNAR,brms,396
y_noMiss,Intercept,1.0186030399114852,0.0786852629074558,0.8631816205262638,1.018255256335166,1.1781497179662965,MNAR,brms,396
