missingprop_autocor,parameter,mean,sd,2.5%,50%,97.5%,missingness,type,run_no
y_noMiss,b_Intercept,0.8258766507732856,0.09401431891087775,0.6395750469196371,0.8252863542926363,1.016365503023804,MNAR,brms,397
y_noMiss,b_light,0.23259408555121114,0.05589015261863922,0.12383216624680235,0.23221937337629786,0.34268236904361943,MNAR,brms,397
y_noMiss,b_discharge,-0.609886252910318,0.05303447499989055,-0.7146182867866587,-0.6103796056202493,-0.5068629490253604,MNAR,brms,397
y_noMiss,phi,0.35679600633523656,0.05540142028316323,0.2480040030068716,0.35553890310371694,0.46570047811556026,MNAR,brms,397
y_noMiss,sigma,1.0268557289031364,0.043086180810801206,0.9453525831266048,1.0254656644470064,1.1156497407679862,MNAR,brms,397
y_noMiss,Intercept,0.77644095750055,0.09394903304904123,0.5897161362305212,0.7757642798730775,0.9655991492159274,MNAR,brms,397
