missingprop_autocor,parameter,mean,sd,2.5%,50%,97.5%,missingness,type,run_no
y_noMiss,b_Intercept,-0.25330484096474176,0.0945179568108437,-0.43949781759920076,-0.2534278586190426,-0.07001359708870614,MNAR,brms,398
y_noMiss,b_light,-2.0505049444572077,0.060028042598523075,-2.1674869585086354,-2.0510360464750406,-1.9324457548768617,MNAR,brms,398
y_noMiss,b_discharge,-0.5576102505086241,0.06175511186567112,-0.6788012673916208,-0.5575103157492403,-0.43519657497941555,MNAR,brms,398
y_noMiss,phi,0.3427736338371589,0.05655331004417372,0.22914439897468888,0.3434183897233387,0.4518959038732886,MNAR,brms,398
y_noMiss,sigma,1.0494716541274214,0.04421624464085877,0.9667894915623281,1.0484238121425438,1.1410934062436702,MNAR,brms,398
y_noMiss,Intercept,-0.23626466959224515,0.0944837018764297,-0.42218659183051405,-0.23618339269872218,-0.05321773130572512,MNAR,brms,398
