missingprop_autocor,parameter,mean,sd,2.5%,50%,97.5%,missingness,type,run_no
y_noMiss,b_Intercept,0.4567900267941061,0.11308488209021947,0.23327923089902164,0.4574521279633328,0.6776564927498164,MNAR,brms,399
y_noMiss,b_light,0.5069380555129454,0.05967151644995888,0.3904698796124244,0.5072878737640019,0.6223491221083465,MNAR,brms,399
y_noMiss,b_discharge,-0.48911942591990004,0.055621392696972284,-0.600602085746369,-0.48860008353621187,-0.37962338607415946,MNAR,brms,399
y_noMiss,phi,0.4275220133243677,0.05371221949535786,0.3222742713658704,0.42743141318395284,0.5330697676495478,MNAR,brms,399
y_noMiss,sigma,1.0573176018883406,0.04402563930241384,0.9763237318091516,1.0559931846816788,1.1471797889205373,MNAR,brms,399
y_noMiss,Intercept,0.46326054416532314,0.11309184542497533,0.2395534065536855,0.46413937552467344,0.6848180095505464,MNAR,brms,399
