missingprop_autocor,parameter,mean,sd,2.5%,50%,97.5%,missingness,type,run_no
y_noMiss,b_Intercept,-0.035342126864984204,0.2502988067242975,-0.5307803085042266,-0.03737292789848132,0.4678352871404309,MNAR,brms,3
y_noMiss,b_light,-0.12633282389697095,0.046231755499238705,-0.2157374745559731,-0.1255802984887051,-0.03752280733127177,MNAR,brms,3
y_noMiss,b_discharge,1.0092872535019537,0.04801763788755164,0.9145574892264579,1.0092964162416018,1.1028006143579157,MNAR,brms,3
y_noMiss,phi,0.7622475192450167,0.03851167687859597,0.6871854664425102,0.7620222777797185,0.8376738029066534,MNAR,brms,3
y_noMiss,sigma,1.0082043512751429,0.04266370591914093,0.9291239121541734,1.0069751003477783,1.0963576073578722,MNAR,brms,3
y_noMiss,Intercept,-0.06284230003441509,0.25034745490939087,-0.5594491203026023,-0.0652506261513057,0.4393185046088303,MNAR,brms,3
