missingprop_autocor,parameter,mean,sd,2.5%,50%,97.5%,missingness,type,run_no
y_noMiss,b_Intercept,0.18321395780281052,0.11275752732358793,-0.04059903925781855,0.18291900758224855,0.4070958803339309,MNAR,brms,400
y_noMiss,b_light,1.5935345283722957,0.05339737799774429,1.4879325747571854,1.593617597832625,1.6977594079789313,MNAR,brms,400
y_noMiss,b_discharge,2.451457210873947,0.05061111063350717,2.3519690395102617,2.451328497265896,2.5506786858760515,MNAR,brms,400
y_noMiss,phi,0.48321265762240323,0.05299096387254375,0.380078879286899,0.4828899252138635,0.5883612469713465,MNAR,brms,400
y_noMiss,sigma,0.9882925872688268,0.0413833289650694,0.9105112332728589,0.9868527830633512,1.0743930904657717,MNAR,brms,400
y_noMiss,Intercept,0.3494575081713745,0.112721979211001,0.12475303723487566,0.34901597686184826,0.5724638887032465,MNAR,brms,400
