missingprop_autocor,parameter,mean,sd,2.5%,50%,97.5%,missingness,type,run_no
y_noMiss,b_Intercept,-0.5168624117343394,0.06972393047625643,-0.6532466125032794,-0.5174945540066549,-0.3765173982207434,MNAR,brms,401
y_noMiss,b_light,-1.5203870947885048,0.058234782405273605,-1.6355123837521428,-1.5206366268046438,-1.4059149507678537,MNAR,brms,401
y_noMiss,b_discharge,-1.8466638274143359,0.057197187422053625,-1.9568088688884033,-1.8474288893646387,-1.7339853167637778,MNAR,brms,401
y_noMiss,phi,0.14452585291598824,0.05770328099025923,0.03138850307275727,0.14468368339202892,0.2572622310275844,MNAR,brms,401
y_noMiss,sigma,1.0198863234143025,0.041723976287705904,0.942441299315704,1.0187155388238536,1.1051623089940914,MNAR,brms,401
y_noMiss,Intercept,-0.5016883764046245,0.0695593719507315,-0.6365322627647864,-0.5024032483318757,-0.36183259415036684,MNAR,brms,401
