missingprop_autocor,parameter,mean,sd,2.5%,50%,97.5%,missingness,type,run_no
y_noMiss,b_Intercept,-0.015163158292405849,0.09101189763510184,-0.19209788480725765,-0.016457807321431338,0.17084967232791182,MNAR,brms,402
y_noMiss,b_light,-1.050227294377236,0.053914030632979636,-1.1541662710778495,-1.0500047451870635,-0.9431255239382267,MNAR,brms,402
y_noMiss,b_discharge,-0.9118248821069612,0.05681434568148338,-1.0218237323489403,-0.9125402707380976,-0.7998197865572297,MNAR,brms,402
y_noMiss,phi,0.36780767427785666,0.05545302361740818,0.25935175919163866,0.36744968810086714,0.47766227889768775,MNAR,brms,402
y_noMiss,sigma,0.9556057831477349,0.040379645403147243,0.8809026242221295,0.9544446841170129,1.0385183667650222,MNAR,brms,402
y_noMiss,Intercept,0.09668631548682739,0.09102315037239027,-0.07998844840261923,0.09516795977031338,0.283966588840666,MNAR,brms,402
