missingprop_autocor,parameter,mean,sd,2.5%,50%,97.5%,missingness,type,run_no
y_noMiss,b_Intercept,-2.2261374881879332,0.0964681653452683,-2.4151244024867746,-2.225834261208033,-2.0344273138838385,MNAR,brms,403
y_noMiss,b_light,-1.7377707493534054,0.05566895320811608,-1.8469890037502483,-1.7377111015625493,-1.63019095159101,MNAR,brms,403
y_noMiss,b_discharge,1.2260674005737617,0.056164967390441155,1.11678868906213,1.2263779959041883,1.334893747958619,MNAR,brms,403
y_noMiss,phi,0.3725272635824942,0.055854581062578304,0.265210782895277,0.3726304750364013,0.4828495336200987,MNAR,brms,403
y_noMiss,sigma,1.0240771872762122,0.04345237133233813,0.9439123011403546,1.0221061358036292,1.1136346065555265,MNAR,brms,403
y_noMiss,Intercept,-2.262282402933083,0.09646875700346834,-2.4508403349698016,-2.2621060909992323,-2.070807290321588,MNAR,brms,403
