missingprop_autocor,parameter,mean,sd,2.5%,50%,97.5%,missingness,type,run_no
y_noMiss,b_Intercept,0.18526339330549263,0.09983609282767755,-0.014580697895193642,0.1848210417699363,0.3805285309194655,MNAR,brms,404
y_noMiss,b_light,0.4239557862983954,0.05571499692848385,0.31408791421848115,0.4236228895635319,0.5337576263269137,MNAR,brms,404
y_noMiss,b_discharge,-0.6303212516350312,0.0540097591150985,-0.7357306568613733,-0.6299752107083672,-0.5223252398248859,MNAR,brms,404
y_noMiss,phi,0.41071239951311506,0.053727684981495875,0.3072007954694527,0.4111151379343886,0.5166852207491369,MNAR,brms,404
y_noMiss,sigma,0.9928277304818498,0.04202650115642301,0.9149174909026548,0.9917061776302912,1.080490543557474,MNAR,brms,404
y_noMiss,Intercept,0.17082037090271968,0.09983241267410138,-0.028422703417063346,0.1704503938069451,0.36609414627150483,MNAR,brms,404
