missingprop_autocor,parameter,mean,sd,2.5%,50%,97.5%,missingness,type,run_no
y_noMiss,b_Intercept,-0.9681566256596298,0.05458057017785386,-1.0790660205401057,-0.9678850414149391,-0.8583553586376642,MNAR,brms,405
y_noMiss,b_light,-0.3361640688977231,0.0555564085318555,-0.44540456181196975,-0.3364860720771815,-0.22590511225441104,MNAR,brms,405
y_noMiss,b_discharge,-0.7594905249248393,0.05371428740584888,-0.864370786094316,-0.7587583456445428,-0.6548292492452108,MNAR,brms,405
y_noMiss,phi,1.7014522631442498e-4,0.05996212998751302,-0.11928596272609487,-3.7474138888586583e-4,0.11696571511417493,MNAR,brms,405
y_noMiss,sigma,0.9059920906410353,0.0376785332147837,0.8352704291504098,0.9048010669165657,0.9835047954212504,MNAR,brms,405
y_noMiss,Intercept,-1.036841634373999,0.05445588664276095,-1.146106970475456,-1.0364467435504752,-0.9271526779390528,MNAR,brms,405
