missingprop_autocor,parameter,mean,sd,2.5%,50%,97.5%,missingness,type,run_no
y_noMiss,b_Intercept,-0.06778706732994771,0.07591488677053168,-0.2154149179912751,-0.06822985899284925,0.08179172811589874,MNAR,brms,406
y_noMiss,b_light,0.5644677064903602,0.05539280794109057,0.4566288538369964,0.5638832531909235,0.6721451350545163,MNAR,brms,406
y_noMiss,b_discharge,0.04993813474251286,0.05432342356439631,-0.05864812272492561,0.05017896294389518,0.1571816258642578,MNAR,brms,406
y_noMiss,phi,0.24949578011754073,0.05813667644075499,0.1334379455829313,0.24949661274576307,0.3631353007449103,MNAR,brms,406
y_noMiss,sigma,0.957930352537159,0.04079599392877801,0.8829999892327756,0.9562845404755218,1.042890193709359,MNAR,brms,406
y_noMiss,Intercept,-0.08703164440413251,0.07565590406921256,-0.2332986780874163,-0.08743697038742292,0.062376919217463196,MNAR,brms,406
