missingprop_autocor,parameter,mean,sd,2.5%,50%,97.5%,missingness,type,run_no
y_noMiss,b_Intercept,0.08756292206219463,0.23595014369127523,-0.3904665672930172,0.09092305195316011,0.5439310686757253,MNAR,brms,407
y_noMiss,b_light,-0.2964589467380877,0.05155722072812735,-0.3943664613079722,-0.29683394783257455,-0.1960430745339384,MNAR,brms,407
y_noMiss,b_discharge,-0.09158719839100418,0.05016538505756172,-0.1890788840941773,-0.09147254960629503,0.006618597544749198,MNAR,brms,407
y_noMiss,phi,0.7322220933282655,0.041257598201942476,0.6525013828857886,0.7320841759443513,0.8138065806131864,MNAR,brms,407
y_noMiss,sigma,1.067506928310263,0.044197809357322586,0.9843009207581519,1.0658024482264432,1.1573047702787638,MNAR,brms,407
y_noMiss,Intercept,0.09926333793750816,0.23595506651921344,-0.37898184682052166,0.1024707797507382,0.554736402075409,MNAR,brms,407
