missingprop_autocor,parameter,mean,sd,2.5%,50%,97.5%,missingness,type,run_no
y_noMiss,b_Intercept,0.7612333718924249,0.07724230998776768,0.6111310596921291,0.7621556885947861,0.9137673860517095,MNAR,brms,408
y_noMiss,b_light,-0.07339270805876394,0.05875085105056266,-0.18910553677017305,-0.073134855768470175,0.04040942357699304,MNAR,brms,408
y_noMiss,b_discharge,1.6623623554291909,0.060190416386472836,1.5433679591844007,1.662894905464694,1.77897174497827,MNAR,brms,408
y_noMiss,phi,0.22060787798465348,0.06014615915910998,0.10403578657167278,0.22058267263069298,0.339474481014337,MNAR,brms,408
y_noMiss,sigma,1.0235345504829916,0.04449770015275219,0.9406651590442567,1.0217355389718485,1.1152497725547865,MNAR,brms,408
y_noMiss,Intercept,0.6463812138698452,0.07700736077512313,0.49713931697349717,0.6472901996974599,0.7972932605565913,MNAR,brms,408
