missingprop_autocor,parameter,mean,sd,2.5%,50%,97.5%,missingness,type,run_no
y_noMiss,b_Intercept,0.7237794193576201,0.08900304617782413,0.5478249290891544,0.7234553005984137,0.8977482946067038,MNAR,brms,409
y_noMiss,b_light,-0.6340060326194857,0.05987297778362044,-0.7513201982997265,-0.6336063136335603,-0.5148292336860961,MNAR,brms,409
y_noMiss,b_discharge,-0.16586316975410398,0.05636746408679507,-0.2756362978566093,-0.16694568792582798,-0.057915461684902886,MNAR,brms,409
y_noMiss,phi,0.3441806608168365,0.05642434580361465,0.23575520538260872,0.34391125145381846,0.45332210338074075,MNAR,brms,409
y_noMiss,sigma,0.9918242786551767,0.04077778683340222,0.916745250621577,0.9901121121348678,1.0769947686536465,MNAR,brms,409
y_noMiss,Intercept,0.6764635563729517,0.08887963707099533,0.5018621502570598,0.6763687077922513,0.8489986929574501,MNAR,brms,409
