missingprop_autocor,parameter,mean,sd,2.5%,50%,97.5%,missingness,type,run_no
y_noMiss,b_Intercept,-0.21594313214512362,0.07485028035262559,-0.3631162813178511,-0.2162353762491401,-0.06919626110859595,MNAR,brms,40
y_noMiss,b_light,-0.21774813707024632,0.06115927825436582,-0.3375624159313099,-0.2175190919547078,-0.09824446085991959,MNAR,brms,40
y_noMiss,b_discharge,-0.18247177627739944,0.060864394800587925,-0.3015783133791498,-0.18225273013300886,-0.062300342904256796,MNAR,brms,40
y_noMiss,phi,0.21798914183580748,0.05973733929949616,0.0991816039148737,0.21774310240328493,0.3359461034125801,MNAR,brms,40
y_noMiss,sigma,1.0007105674326802,0.042955003362919304,0.9201243109457634,0.9997258140018989,1.089033318094944,MNAR,brms,40
y_noMiss,Intercept,-0.2206018407659332,0.07480071745050618,-0.3671984125817689,-0.22124380525040224,-0.0741801510075746,MNAR,brms,40
