missingprop_autocor,parameter,mean,sd,2.5%,50%,97.5%,missingness,type,run_no
y_noMiss,b_Intercept,0.2206822980933884,0.08220919645401913,0.056216829402295276,0.2203076270310404,0.38188463927629607,MNAR,brms,410
y_noMiss,b_light,1.859054381785439,0.05211180302749406,1.7583938796399452,1.8592904503755707,1.9607525164150261,MNAR,brms,410
y_noMiss,b_discharge,-0.006998802846912133,0.05301845643656523,-0.1102507357859338,-0.007386211700742364,0.09666805930551302,MNAR,brms,410
y_noMiss,phi,0.2728281154279064,0.05737486604615571,0.1593102916961954,0.2727535731780061,0.3830129613976083,MNAR,brms,410
y_noMiss,sigma,0.9949696651056014,0.04123535526654152,0.9167110694573024,0.9938346137748071,1.078907094260086,MNAR,brms,410
y_noMiss,Intercept,0.09511899876812896,0.08185758499122137,-0.06805115608156634,0.09463190610253669,0.25511381542773426,MNAR,brms,410
