missingprop_autocor,parameter,mean,sd,2.5%,50%,97.5%,missingness,type,run_no
y_noMiss,b_Intercept,0.13037527403586646,0.0764655873685997,-0.018617728407594254,0.1308165024305013,0.27947343051251905,MNAR,brms,411
y_noMiss,b_light,-1.0155024501575396,0.05144164051498011,-1.116575819000748,-1.0158546953483514,-0.911780938909725,MNAR,brms,411
y_noMiss,b_discharge,0.058425417849038305,0.05119602865904346,-0.04020079294820194,0.058748352950121464,0.159228548799814,MNAR,brms,411
y_noMiss,phi,0.2496973343362391,0.057779417235144785,0.13649035385363958,0.2494800809557644,0.3621323726488646,MNAR,brms,411
y_noMiss,sigma,0.9783475838319393,0.04056110294720734,0.9013576059606863,0.9763262552844856,1.0628182644164275,MNAR,brms,411
y_noMiss,Intercept,0.17753660564752835,0.0762714484920337,0.028672177985921487,0.17789734868071977,0.326687252772009,MNAR,brms,411
