missingprop_autocor,parameter,mean,sd,2.5%,50%,97.5%,missingness,type,run_no
y_noMiss,b_Intercept,-0.32149282981849175,0.24514496045336354,-0.8198925295649644,-0.3167603233279715,0.15454319225694657,MNAR,brms,412
y_noMiss,b_light,-0.03720673429567689,0.04174652911543617,-0.11908700607160963,-0.036915922983084576,0.04608973799084809,MNAR,brms,412
y_noMiss,b_discharge,0.9861090264003691,0.04318659043345724,0.9003658790172224,0.9861520789750895,1.071220130858202,MNAR,brms,412
y_noMiss,phi,0.7756968379895499,0.03857794949688175,0.7000667363022951,0.7757000286783483,0.851511382325664,MNAR,brms,412
y_noMiss,sigma,0.9570746669801256,0.04049139306297278,0.8820039668994284,0.9557234992712091,1.0390850512718992,MNAR,brms,412
y_noMiss,Intercept,-0.4235668796056229,0.24504860684978363,-0.921984552190093,-0.4196894759836601,0.05376219186998961,MNAR,brms,412
