missingprop_autocor,parameter,mean,sd,2.5%,50%,97.5%,missingness,type,run_no
y_noMiss,b_Intercept,1.0832879959375934,0.08633398999592637,0.9152434163700822,1.083732145503132,1.254432524633873,MNAR,brms,413
y_noMiss,b_light,0.5965814246065749,0.055552300360361184,0.486216618852176,0.5967139745744059,0.7047942220544502,MNAR,brms,413
y_noMiss,b_discharge,0.9555005691548103,0.05718162181015836,0.8436306970208693,0.9554495925158693,1.0676449340240604,MNAR,brms,413
y_noMiss,phi,0.3171583829355186,0.05559542224552207,0.2092606125580979,0.316372559698081,0.42846713563833283,MNAR,brms,413
y_noMiss,sigma,0.990728331832193,0.04142260854593714,0.9123513011115737,0.989366848796198,1.0742517895056622,MNAR,brms,413
y_noMiss,Intercept,1.0601039974383328,0.08633421190323318,0.8905038018047706,1.0604488314917324,1.2324202015563348,MNAR,brms,413
