missingprop_autocor,parameter,mean,sd,2.5%,50%,97.5%,missingness,type,run_no
y_noMiss,b_Intercept,-0.241443989333677,0.17732793939339128,-0.5913097717828021,-0.23642743534339,0.09572718245039612,MNAR,brms,414
y_noMiss,b_light,0.2556405666615015,0.047059206030221304,0.1628717330003741,0.2553277750602827,0.34680360037337576,MNAR,brms,414
y_noMiss,b_discharge,-0.7414509526990547,0.05019986745877393,-0.8384592719399887,-0.7416880068932914,-0.6424537785984462,MNAR,brms,414
y_noMiss,phi,0.6646299340115628,0.04453532407709361,0.576785979878068,0.6651878141445675,0.7506307205440362,MNAR,brms,414
y_noMiss,sigma,1.013516375361296,0.042464436122788794,0.9343787734112602,1.0114082656625432,1.0994263007232248,MNAR,brms,414
y_noMiss,Intercept,-0.1734738623362849,0.1771507599208887,-0.5238362761436798,-0.16851532313119433,0.1630477798982854,MNAR,brms,414
