missingprop_autocor,parameter,mean,sd,2.5%,50%,97.5%,missingness,type,run_no
y_noMiss,b_Intercept,0.13200083670859064,0.14568167224284434,-0.15278679775770937,0.13075025578821892,0.4253915412406089,MNAR,brms,415
y_noMiss,b_light,0.23518100989400176,0.04915509427749463,0.13841294482835628,0.23547652476703596,0.3308884908212851,MNAR,brms,415
y_noMiss,b_discharge,-0.1989177696054534,0.05125596064028902,-0.2982319645883047,-0.19860844948224946,-0.09768650457285291,MNAR,brms,415
y_noMiss,phi,0.5909862951543671,0.04832609751488639,0.4962840042811293,0.5902931064329859,0.6845529087239927,MNAR,brms,415
y_noMiss,sigma,1.0034555463651935,0.04300568483380572,0.923878351737152,1.0018045678975793,1.092106272720298,MNAR,brms,415
y_noMiss,Intercept,0.13904057609649526,0.14565782155576604,-0.14494133866616585,0.1377923920399089,0.43253381288057957,MNAR,brms,415
