missingprop_autocor,parameter,mean,sd,2.5%,50%,97.5%,missingness,type,run_no
y_noMiss,b_Intercept,-0.6091596787429125,0.08443134167934901,-0.7760155098019972,-0.6094951536864746,-0.44592043562286715,MNAR,brms,416
y_noMiss,b_light,0.12741650429186321,0.05790884004207796,0.014588171391431953,0.126937444410549,0.24133490579024192,MNAR,brms,416
y_noMiss,b_discharge,-0.19275685388767572,0.05743053372163306,-0.3060347443987153,-0.19296931750292934,-0.08178756360986451,MNAR,brms,416
y_noMiss,phi,0.2572525343457366,0.057670662251370554,0.14471745250686308,0.25728730012283896,0.37106379936611855,MNAR,brms,416
y_noMiss,sigma,1.040030313288964,0.04371557945246568,0.9578651040552877,1.0388794492686901,1.1276781011111545,MNAR,brms,416
y_noMiss,Intercept,-0.5923976914814169,0.08426699904217855,-0.7590304336560276,-0.5928643893666444,-0.42913379808685437,MNAR,brms,416
