missingprop_autocor,parameter,mean,sd,2.5%,50%,97.5%,missingness,type,run_no
y_noMiss,b_Intercept,-1.4751319230877165,0.07162141128040463,-1.6120591408147136,-1.475522013992928,-1.3343620445697422,MNAR,brms,417
y_noMiss,b_light,0.2899980280485181,0.062343420635307074,0.1676026757392667,0.29003464505269183,0.40891105970186403,MNAR,brms,417
y_noMiss,b_discharge,1.967052213076501,0.059767498533360726,1.8470694093401956,1.9675734529906919,2.085024661524344,MNAR,brms,417
y_noMiss,phi,0.16169796802880038,0.057917311236442295,0.04807551102499941,0.1607245900608833,0.2776774632411917,MNAR,brms,417
y_noMiss,sigma,1.0084041249131892,0.041608226928835756,0.9307176352344252,1.0068910477835409,1.0931082518429578,MNAR,brms,417
y_noMiss,Intercept,-1.6128889893380964,0.07138210212392557,-1.7507277412177618,-1.6130504710493934,-1.4715345713502619,MNAR,brms,417
