missingprop_autocor,parameter,mean,sd,2.5%,50%,97.5%,missingness,type,run_no
y_noMiss,b_Intercept,-0.7456942407883675,0.07948102691068736,-0.9021591218268561,-0.7460249592133692,-0.5905070126289815,MNAR,brms,418
y_noMiss,b_light,-0.1252707505654177,0.06006662420670726,-0.24639291260323223,-0.12492426038428855,-0.006510798736934419,MNAR,brms,418
y_noMiss,b_discharge,1.3894256098053497,0.056208862053356394,1.2781120855873773,1.3887537875154652,1.5004970970914056,MNAR,brms,418
y_noMiss,phi,0.26685076124617524,0.058542733691482794,0.15154752290678766,0.2665364694513214,0.38205480004581205,MNAR,brms,418
y_noMiss,sigma,0.9783345297421482,0.04068628589105726,0.9020218308470469,0.9770355796139515,1.060735818777661,MNAR,brms,418
y_noMiss,Intercept,-0.6690683079759187,0.07931126286674031,-0.8251211148495456,-0.6696501859135842,-0.5143266677680698,MNAR,brms,418
