missingprop_autocor,parameter,mean,sd,2.5%,50%,97.5%,missingness,type,run_no
y_noMiss,b_Intercept,-0.7886436127514519,0.06914696046827624,-0.924244873069624,-0.7887496598587918,-0.6525865443685046,MNAR,brms,419
y_noMiss,b_light,-0.821223002705412,0.04993546797550734,-0.917572186513998,-0.8220428688804926,-0.7243378369056643,MNAR,brms,419
y_noMiss,b_discharge,-0.2903679321204949,0.050250863969420766,-0.389660020655933,-0.2907456532756342,-0.19200644188196725,MNAR,brms,419
y_noMiss,phi,0.22923652166406908,0.057343508025685046,0.118660446823547,0.22892371443512333,0.34136909447061853,MNAR,brms,419
y_noMiss,sigma,0.9006398114307453,0.038212622859249784,0.829285712210218,0.8990964748713555,0.9789844227297776,MNAR,brms,419
y_noMiss,Intercept,-0.7669467630201247,0.0689789487798845,-0.9027407902890007,-0.7665068421003776,-0.6323042983248474,MNAR,brms,419
