missingprop_autocor,parameter,mean,sd,2.5%,50%,97.5%,missingness,type,run_no
y_noMiss,b_Intercept,-2.1725226408698948,0.06227191083130263,-2.2929108870231985,-2.17256313892379,-2.0499453715856406,MNAR,brms,41
y_noMiss,b_light,-0.258748714451989,0.06059263737823408,-0.3778990772773629,-0.2590459614980797,-0.14026639570638078,MNAR,brms,41
y_noMiss,b_discharge,0.2010889555342083,0.0634758980048465,0.07930379695464275,0.20063674617266092,0.325050017332554,MNAR,brms,41
y_noMiss,phi,0.062209497579380185,0.05949062919564933,-0.05353402766093058,0.062382909145106746,0.17794095520929318,MNAR,brms,41
y_noMiss,sigma,0.9965009298566686,0.04207793656470498,0.9190176834838435,0.9950310607882387,1.081231156141372,MNAR,brms,41
y_noMiss,Intercept,-2.1915140434009786,0.06220922415313658,-2.312089167916653,-2.1912399623306498,-2.068700222089234,MNAR,brms,41
