missingprop_autocor,parameter,mean,sd,2.5%,50%,97.5%,missingness,type,run_no
y_noMiss,b_Intercept,1.1748762724309727,0.2320876540103286,0.7224462989501135,1.1737428656319753,1.633029050090249,MNAR,brms,420
y_noMiss,b_light,-1.16531482343592,0.05220327372096517,-1.268741200044992,-1.1651186618694964,-1.0627007214476893,MNAR,brms,420
y_noMiss,b_discharge,-0.20060766113052664,0.06252764645521809,-0.32421029956788644,-0.20056765131819349,-0.07820254422567748,MNAR,brms,420
y_noMiss,phi,0.7243256798403119,0.041481317797574,0.6426824142710217,0.7239586028006844,0.8057712742576987,MNAR,brms,420
y_noMiss,sigma,1.0823580998595972,0.045682201434024516,0.999099732287672,1.0807943963844955,1.1767480222119484,MNAR,brms,420
y_noMiss,Intercept,1.2229032750354853,0.2319787747451389,0.7687784439665893,1.2208207430752591,1.6799593490162168,MNAR,brms,420
