missingprop_autocor,parameter,mean,sd,2.5%,50%,97.5%,missingness,type,run_no
y_noMiss,b_Intercept,-1.5861556068063045,0.10161172150543779,-1.7847664711919522,-1.5852142896812693,-1.3887449038845427,MNAR,brms,421
y_noMiss,b_light,0.1554586270643764,0.06169415799588115,0.033863266097018375,0.15585244848576732,0.2768939303993718,MNAR,brms,421
y_noMiss,b_discharge,0.4107474207803705,0.05806733634358412,0.2977952159386028,0.41024982884213046,0.5250460101221263,MNAR,brms,421
y_noMiss,phi,0.3685790076899188,0.05494359403499212,0.261591283562788,0.36827194388362516,0.476206993516263,MNAR,brms,421
y_noMiss,sigma,1.0951960091384796,0.04570775952386525,1.0097187143131607,1.0934257512415666,1.1894394521766236,MNAR,brms,421
y_noMiss,Intercept,-1.5705561579226128,0.10158240899171743,-1.7709779465518998,-1.5691716090922658,-1.3734267473040975,MNAR,brms,421
