missingprop_autocor,parameter,mean,sd,2.5%,50%,97.5%,missingness,type,run_no
y_noMiss,b_Intercept,-0.18661160890743073,0.30119676096719955,-0.7995332632287618,-0.1790876084553038,0.3832954611333278,MNAR,brms,422
y_noMiss,b_light,1.0567131359471136,0.04782028185027211,0.962908077111425,1.056657130616279,1.1507779591599212,MNAR,brms,422
y_noMiss,b_discharge,-1.122069002894526,0.05244147468676731,-1.2238427137870194,-1.1218852161288204,-1.0188413371327643,MNAR,brms,422
y_noMiss,phi,0.7938431567411772,0.03676662502817947,0.72165366344645,0.7934012232743963,0.8667883182206497,MNAR,brms,422
y_noMiss,sigma,1.0583332576701945,0.04485287429599921,0.97480415844263,1.0566195788056363,1.1526581083148242,MNAR,brms,422
y_noMiss,Intercept,-0.13548361494536384,0.3011721331501252,-0.7481196873250554,-0.12829294627072488,0.4344806962999746,MNAR,brms,422
