missingprop_autocor,parameter,mean,sd,2.5%,50%,97.5%,missingness,type,run_no
y_noMiss,b_Intercept,-0.2504531184843224,0.25309028311388265,-0.7664200329708217,-0.2438150654831826,0.23262509949424034,MNAR,brms,423
y_noMiss,b_light,-0.7033245762320285,0.047437282627539275,-0.7960520228826783,-0.7032629240074619,-0.6087522872389237,MNAR,brms,423
y_noMiss,b_discharge,-0.982140827331728,0.04490372618922146,-1.0706660857823653,-0.9820391579666055,-0.8946517087027321,MNAR,brms,423
y_noMiss,phi,0.7621800218785142,0.04014078381744407,0.6822034690114226,0.7618180688587801,0.8397396619584395,MNAR,brms,423
y_noMiss,sigma,1.0020579083191723,0.04179605018355197,0.9234867373252049,1.0004529097173132,1.0869483229707415,MNAR,brms,423
y_noMiss,Intercept,-0.3688846060921873,0.2531478851560143,-0.8842880218917376,-0.36194747844217645,0.1126946303431228,MNAR,brms,423
