missingprop_autocor,parameter,mean,sd,2.5%,50%,97.5%,missingness,type,run_no
y_noMiss,b_Intercept,-1.028675648325605,0.09297187045370096,-1.2117070978484956,-1.0271342412065354,-0.846607678931078,MNAR,brms,424
y_noMiss,b_light,-1.4538440778438555,0.05104357817933649,-1.552358110695852,-1.4539119891026342,-1.355806855398042,MNAR,brms,424
y_noMiss,b_discharge,1.1098010802686793,0.05163074886191055,1.0083240348377887,1.110436956167332,1.2090173858567692,MNAR,brms,424
y_noMiss,phi,0.412557602657319,0.05469559954930971,0.3042575204672086,0.41316595785399224,0.5198923695975313,MNAR,brms,424
y_noMiss,sigma,0.9253526146260388,0.03873965230173804,0.8534491745817094,0.9240023733055631,1.0060570760429006,MNAR,brms,424
y_noMiss,Intercept,-1.0289715871004903,0.0929717903016323,-1.212575928005315,-1.0274019945503494,-0.8469950417780068,MNAR,brms,424
