missingprop_autocor,parameter,mean,sd,2.5%,50%,97.5%,missingness,type,run_no
y_noMiss,b_Intercept,0.4160417996356179,0.1475738540095504,0.11859139100923743,0.4162983571866905,0.7109577343878459,MNAR,brms,425
y_noMiss,b_light,-0.8361956992434371,0.0498314489033156,-0.9329810784900211,-0.8361630819751144,-0.7397379349668189,MNAR,brms,425
y_noMiss,b_discharge,-0.09483249869563933,0.05090416744732405,-0.19450598687646106,-0.09510194112646952,0.006646622301589953,MNAR,brms,425
y_noMiss,phi,0.6080967912308843,0.04798477877862246,0.5151030941485805,0.607903329665152,0.7027449961138715,MNAR,brms,425
y_noMiss,sigma,0.9806142276429568,0.04106524398616792,0.905283635068931,0.9793156908221543,1.0663558735825007,MNAR,brms,425
y_noMiss,Intercept,0.40630417852853373,0.14764129806481102,0.10912698715038684,0.40635683983259363,0.7006154545474214,MNAR,brms,425
