missingprop_autocor,parameter,mean,sd,2.5%,50%,97.5%,missingness,type,run_no
y_noMiss,b_Intercept,1.6777943911146154,0.12953690671588675,1.4208370696549861,1.678834499794568,1.9331538293232582,MNAR,brms,426
y_noMiss,b_light,-1.7494517053047067,0.060548814207135794,-1.8663237098647691,-1.7488621545526397,-1.6335126365441164,MNAR,brms,426
y_noMiss,b_discharge,0.17633257656301543,0.05567182499391696,0.06788262351898053,0.17612918386996163,0.28746955574165484,MNAR,brms,426
y_noMiss,phi,0.5065213275983773,0.051726761156435784,0.40343177264898306,0.5071529438540303,0.6081655972886845,MNAR,brms,426
y_noMiss,sigma,1.0725435955509346,0.04574093669442786,0.9891829645968905,1.070010275734688,1.1673139112622208,MNAR,brms,426
y_noMiss,Intercept,1.6172660001754324,0.12949741144218144,1.3622250440187496,1.618748027940824,1.8725418983025568,MNAR,brms,426
