missingprop_autocor,parameter,mean,sd,2.5%,50%,97.5%,missingness,type,run_no
y_noMiss,b_Intercept,-1.3536235168352937,0.060695268073348255,-1.4744982847861368,-1.3537283330755399,-1.2333873234881498,MNAR,brms,427
y_noMiss,b_light,-0.9925112405916132,0.058431301668270444,-1.1070821178436283,-0.9924972273065827,-0.8790255412595872,MNAR,brms,427
y_noMiss,b_discharge,-0.7429620942282776,0.05699379669726113,-0.8544942831868642,-0.7430953384575119,-0.6325436630785665,MNAR,brms,427
y_noMiss,phi,5.1454691216552575e-5,0.059456942146673075,-0.11762631997463828,7.477368840483315e-4,0.11628507090712951,MNAR,brms,427
y_noMiss,sigma,1.0291486413303097,0.0434857044063133,0.9500944746312473,1.0279052740011871,1.1177995316012392,MNAR,brms,427
y_noMiss,Intercept,-1.3965505393527538,0.06054146317735769,-1.516399405770373,-1.3964977444990112,-1.2767702171251738,MNAR,brms,427
