missingprop_autocor,parameter,mean,sd,2.5%,50%,97.5%,missingness,type,run_no
y_noMiss,b_Intercept,0.7425624675214761,0.1179218934327463,0.5088616746635028,0.7427674715520659,0.9777705552428889,MNAR,brms,428
y_noMiss,b_light,-0.09049174218214358,0.05595763861789069,-0.20050121049184863,-0.09022990256017185,0.018979690734513482,MNAR,brms,428
y_noMiss,b_discharge,-0.338924952505951,0.05625370615002329,-0.450573883678534,-0.3389888828860832,-0.22747422325282865,MNAR,brms,428
y_noMiss,phi,0.43948226062742424,0.05341428491135164,0.33667159585416634,0.4392018227867587,0.5437413702508814,MNAR,brms,428
y_noMiss,sigma,1.1135742320465487,0.046952706073872114,1.0251944768841101,1.1123013014702228,1.2097492336381743,MNAR,brms,428
y_noMiss,Intercept,0.7448358994004718,0.11763463243490122,0.5129146616477833,0.7443446724073596,0.9800926219224038,MNAR,brms,428
