missingprop_autocor,parameter,mean,sd,2.5%,50%,97.5%,missingness,type,run_no
y_noMiss,b_Intercept,1.047036670475935,0.07951290086426603,0.8904121392046274,1.0469327389672018,1.2050130064116484,MNAR,brms,429
y_noMiss,b_light,0.43650092188178596,0.05347727488254608,0.33283401319216444,0.4369107104958147,0.5417892394219147,MNAR,brms,429
y_noMiss,b_discharge,-1.4374599369896386,0.057883917070303784,-1.5536740007401522,-1.4373259591656207,-1.3236945368876605,MNAR,brms,429
y_noMiss,phi,0.2685000490057202,0.05714042848096986,0.15635783501276507,0.26805164420352223,0.3804563850005828,MNAR,brms,429
y_noMiss,sigma,0.9866695807587164,0.041625109778528825,0.9093248843784062,0.9859831871556914,1.0720048683006054,MNAR,brms,429
y_noMiss,Intercept,0.970909125824532,0.07935272953186717,0.8155425630966445,0.9706927623639647,1.1289212479127178,MNAR,brms,429
