missingprop_autocor,parameter,mean,sd,2.5%,50%,97.5%,missingness,type,run_no
y_noMiss,b_Intercept,-1.3691625260183113,0.24007162401508933,-1.8258304366688556,-1.3723650133069734,-0.8721497965520322,MNAR,brms,42
y_noMiss,b_light,-1.1462158265776425,0.04530809694450635,-1.233559781589454,-1.1466266957620141,-1.058078849133056,MNAR,brms,42
y_noMiss,b_discharge,-0.9769735868890674,0.05341399939522043,-1.081014956898652,-0.9770533109919464,-0.8711348411107853,MNAR,brms,42
y_noMiss,phi,0.7514650142519187,0.04044715967225116,0.671036531920418,0.7514061278961136,0.8303971125613455,MNAR,brms,42
y_noMiss,sigma,1.0258211382298312,0.043390232346713,0.9467658732724065,1.0238787032467316,1.1140706749866494,MNAR,brms,42
y_noMiss,Intercept,-1.261958661089097,0.23995473534981265,-1.7200247564815707,-1.265061559141385,-0.7680860937102488,MNAR,brms,42
