missingprop_autocor,parameter,mean,sd,2.5%,50%,97.5%,missingness,type,run_no
y_noMiss,b_Intercept,-0.09748886631001136,0.0755967732488773,-0.2470403765035569,-0.09761324811057762,0.04995675976045923,MNAR,brms,430
y_noMiss,b_light,1.0652398644729395,0.059620210263762935,0.9478691086176221,1.0649985413618541,1.1838635863280473,MNAR,brms,430
y_noMiss,b_discharge,-1.9710433536999095,0.056086612743615774,-2.0817399648227983,-1.9709577714665971,-1.860433685678116,MNAR,brms,430
y_noMiss,phi,0.23122362074224423,0.05824892747383987,0.11494773386775406,0.23109594889276677,0.34643210890134,MNAR,brms,430
y_noMiss,sigma,0.9970324917625032,0.04139708762492232,0.9206736874059349,0.9957140629635499,1.081706339274041,MNAR,brms,430
y_noMiss,Intercept,0.12003242540802546,0.07538173751389166,-0.028763856295673195,0.1197209245054989,0.26735133044500964,MNAR,brms,430
