missingprop_autocor,parameter,mean,sd,2.5%,50%,97.5%,missingness,type,run_no
y_noMiss,b_Intercept,2.3384596718673465,0.1152400154555928,2.109831621565223,2.338689695871743,2.565281573908361,MNAR,brms,431
y_noMiss,b_light,0.969643560829152,0.054442372990472526,0.8629483112353448,0.9695984807424738,1.0763047092702707,MNAR,brms,431
y_noMiss,b_discharge,0.14308027871261847,0.05690808970409596,0.02801363608441432,0.14461815240849996,0.2548100589601181,MNAR,brms,431
y_noMiss,phi,0.46926946113141615,0.052709220268011316,0.3670799316859048,0.46938879591887084,0.572040292031636,MNAR,brms,431
y_noMiss,sigma,1.0342893285219377,0.043161220765352885,0.9551650547530964,1.0329641295669627,1.1230792019803557,MNAR,brms,431
y_noMiss,Intercept,2.3542721034277947,0.11516905918076879,2.1234320027521973,2.354219837793236,2.581424870886311,MNAR,brms,431
