missingprop_autocor,parameter,mean,sd,2.5%,50%,97.5%,missingness,type,run_no
y_noMiss,b_Intercept,-0.26669200419792044,0.21040924721401014,-0.6695125388235643,-0.2669746652107252,0.15594817554687912,MNAR,brms,432
y_noMiss,b_light,1.149218443165551,0.047890437613788604,1.055017816961266,1.1493364346431911,1.2429462004193232,MNAR,brms,432
y_noMiss,b_discharge,0.027649731397079953,0.046381862728971567,-0.06478207052620602,0.027903444874322156,0.11809415831040351,MNAR,brms,432
y_noMiss,phi,0.7179550470341362,0.04161782710198541,0.6371638800111631,0.7179021874373248,0.8001044178338083,MNAR,brms,432
y_noMiss,sigma,0.9948763316494236,0.04243897146220338,0.9169788713967866,0.9937283699902698,1.0805179707376222,MNAR,brms,432
y_noMiss,Intercept,-0.2348841500072101,0.21044403528733976,-0.6380748774870083,-0.23451859504613362,0.18672254606073319,MNAR,brms,432
