missingprop_autocor,parameter,mean,sd,2.5%,50%,97.5%,missingness,type,run_no
y_noMiss,b_Intercept,0.7859773369302674,0.09638212027827975,0.5949024671757492,0.7875215189355936,0.9720410380956548,MNAR,brms,433
y_noMiss,b_light,-0.0770204958017027,0.05562374772063988,-0.1885267460259226,-0.0769802464186445,0.032798683848997326,MNAR,brms,433
y_noMiss,b_discharge,-1.1781952919100986,0.05459688809561756,-1.2823400708752117,-1.1781874310616451,-1.0724391464825487,MNAR,brms,433
y_noMiss,phi,0.40485621484352086,0.05421728161005235,0.29823850816821873,0.40497981353038925,0.5131455390565378,MNAR,brms,433
y_noMiss,sigma,0.9753486860782786,0.040473024221506365,0.9006268733152161,0.9736802004936251,1.0586450371413876,MNAR,brms,433
y_noMiss,Intercept,0.9056967760735222,0.09608195921184087,0.7165864514032484,0.9066387028233374,1.0909253282660942,MNAR,brms,433
