missingprop_autocor,parameter,mean,sd,2.5%,50%,97.5%,missingness,type,run_no
y_noMiss,b_Intercept,-0.3631744350867243,0.06729717337023657,-0.4958672399451572,-0.3642960621814241,-0.23024464271679676,MNAR,brms,434
y_noMiss,b_light,0.4178551976932736,0.06322582163682043,0.2949507742970625,0.4167571969762344,0.5459128219692152,MNAR,brms,434
y_noMiss,b_discharge,-0.21902841139970092,0.06251002588362535,-0.3421003641605505,-0.21862135582255188,-0.0960923762456072,MNAR,brms,434
y_noMiss,phi,0.06559760991138307,0.06001864542164583,-0.05242730924405824,0.06580046009897586,0.18302412976028265,MNAR,brms,434
y_noMiss,sigma,1.0487690870753834,0.0440349235604817,0.9674539526530608,1.047455325098296,1.1386724691570955,MNAR,brms,434
y_noMiss,Intercept,-0.39284356201260195,0.06715745024471857,-0.5247628774441978,-0.39384408471954363,-0.2603560607922401,MNAR,brms,434
