missingprop_autocor,parameter,mean,sd,2.5%,50%,97.5%,missingness,type,run_no
y_noMiss,b_Intercept,2.8239746177687377,0.18204989368608007,2.4706945922772525,2.8224451643987587,3.191132276131272,MNAR,brms,435
y_noMiss,b_light,1.030596543060394,0.049115147349954244,0.9332252596459661,1.0310023203719156,1.12584956954138,MNAR,brms,435
y_noMiss,b_discharge,0.6322002090953384,0.0525770043682823,0.5290667057783991,0.6317969998801951,0.7342145922086295,MNAR,brms,435
y_noMiss,phi,0.6735194712717743,0.04402485541185433,0.5871717908321337,0.6733745313286226,0.7601140088479438,MNAR,brms,435
y_noMiss,sigma,1.0170595017881208,0.04261000132168665,0.9390011458537871,1.0152876226453098,1.1050657369521275,MNAR,brms,435
y_noMiss,Intercept,2.851848278019774,0.1820335294072374,2.498396005954452,2.8503282221623327,3.219132219279298,MNAR,brms,435
