missingprop_autocor,parameter,mean,sd,2.5%,50%,97.5%,missingness,type,run_no
y_noMiss,b_Intercept,0.06997754231556581,0.17302265725663107,-0.2623282620645014,0.06855336881815577,0.41425695649508015,MNAR,brms,436
y_noMiss,b_light,0.8224420141347409,0.04976940270096635,0.7245853395478946,0.8222684126253392,0.9199284424316304,MNAR,brms,436
y_noMiss,b_discharge,-1.087503933716036,0.05453762490758196,-1.1944229588021096,-1.08711255010068,-0.9818603886200535,MNAR,brms,436
y_noMiss,phi,0.6359450828585226,0.046636064651746814,0.5461328835049529,0.6355781663113311,0.7282226455623504,MNAR,brms,436
y_noMiss,sigma,1.0514924281438798,0.04409429474129615,0.9702432770199303,1.0496881257658996,1.142603342420466,MNAR,brms,436
y_noMiss,Intercept,0.18108733651762807,0.1729487083053589,-0.14805609992177615,0.17959149277119302,0.5263359293903066,MNAR,brms,436
