missingprop_autocor,parameter,mean,sd,2.5%,50%,97.5%,missingness,type,run_no
y_noMiss,b_Intercept,-1.0363954621972002,0.14787708497442084,-1.3266950959635029,-1.03656015486402,-0.7479934764294223,MNAR,brms,437
y_noMiss,b_light,0.18460875889124864,0.04920785594046554,0.08792609814076859,0.18431698685572429,0.28007507753691385,MNAR,brms,437
y_noMiss,b_discharge,-1.6021648424224413,0.04964714533824546,-1.6982050909322977,-1.6029389590244283,-1.5048022545017719,MNAR,brms,437
y_noMiss,phi,0.5975488313666891,0.04734830079957757,0.5037555238842276,0.5979103172771918,0.6894866546117548,MNAR,brms,437
y_noMiss,sigma,0.9847741793264433,0.04122968807132219,0.9073536218216199,0.9829616841348187,1.0690080456570499,MNAR,brms,437
y_noMiss,Intercept,-1.2339737317370905,0.1478084475172859,-1.526024300391514,-1.2343248194496836,-0.9472493335054499,MNAR,brms,437
