missingprop_autocor,parameter,mean,sd,2.5%,50%,97.5%,missingness,type,run_no
y_noMiss,b_Intercept,1.2878771026377562,0.1845473799186668,0.9312110784802701,1.2848078525782336,1.6585965351017933,MNAR,brms,438
y_noMiss,b_light,-0.34191417285346304,0.0483457454786772,-0.4374450207184043,-0.3425892083491582,-0.24745349806576222,MNAR,brms,438
y_noMiss,b_discharge,-0.1563817799250291,0.04774593888096073,-0.25000633212959983,-0.1563093785797911,-0.061906654402228686,MNAR,brms,438
y_noMiss,phi,0.6809488616067114,0.04339477764713065,0.5959523399534604,0.6812478068446006,0.7664481344559076,MNAR,brms,438
y_noMiss,sigma,0.9698630137121947,0.04116711807034717,0.8929324245831207,0.9686330242806798,1.0521883046324438,MNAR,brms,438
y_noMiss,Intercept,1.2775095719530523,0.18453182530273657,0.9217747228969756,1.2741758221148296,1.647457923165763,MNAR,brms,438
