missingprop_autocor,parameter,mean,sd,2.5%,50%,97.5%,missingness,type,run_no
y_noMiss,b_Intercept,-0.05001926197744533,0.11214062138368203,-0.2716856850313209,-0.050541798714714134,0.17388575250193536,MNAR,brms,439
y_noMiss,b_light,-1.6139793149006962,0.05182274793873903,-1.7156401870353495,-1.6142761250154,-1.5111479721285286,MNAR,brms,439
y_noMiss,b_discharge,0.487283461582352,0.054311268879959025,0.3834730476227197,0.4868534313003745,0.5931872092809387,MNAR,brms,439
y_noMiss,phi,0.49272189623739476,0.05164898883162433,0.3913887630817254,0.49281774930065564,0.5937252676861418,MNAR,brms,439
y_noMiss,sigma,0.966218212522783,0.04038985961415668,0.891432840031696,0.964702198563568,1.049237223867397,MNAR,brms,439
y_noMiss,Intercept,-0.15502068257006701,0.11198047739213128,-0.376896033108526,-0.15487032587673302,0.0668705858587835,MNAR,brms,439
