missingprop_autocor,parameter,mean,sd,2.5%,50%,97.5%,missingness,type,run_no
y_noMiss,b_Intercept,-0.5018183145426305,0.05857969260050652,-0.6184613149225058,-0.5021072719418347,-0.3873116865322156,MNAR,brms,43
y_noMiss,b_light,0.615896132253586,0.05232803771520977,0.5139462315098359,0.6161560010596125,0.7191434880642147,MNAR,brms,43
y_noMiss,b_discharge,-1.603160171654901,0.05138712839472109,-1.7042263406328093,-1.6033473898777284,-1.50286767410369,MNAR,brms,43
y_noMiss,phi,0.06126656486013507,0.05847020542352886,-0.05554672691894939,0.06077147970221944,0.17397092120554616,MNAR,brms,43
y_noMiss,sigma,0.9344255543360066,0.03939320170846414,0.8604188250276895,0.9330127851959189,1.015083773956553,MNAR,brms,43
y_noMiss,Intercept,-0.6992305941353067,0.05823647551240076,-0.8150696944499283,-0.6992459760861032,-0.5846207320982355,MNAR,brms,43
