missingprop_autocor,parameter,mean,sd,2.5%,50%,97.5%,missingness,type,run_no
y_noMiss,b_Intercept,1.4914175049195542,0.11059966309078263,1.272706401875807,1.4916648179956657,1.7079803341416788,MNAR,brms,440
y_noMiss,b_light,0.7792391623489835,0.04891895844224998,0.6831971161037784,0.77900436856099,0.8757714791503561,MNAR,brms,440
y_noMiss,b_discharge,-0.742007263674732,0.04841459416181061,-0.8366854669747918,-0.7421637117293689,-0.6450054088617844,MNAR,brms,440
y_noMiss,phi,0.4847838199786935,0.05187426816368933,0.38480692141214373,0.48539392700831896,0.5861596865080918,MNAR,brms,440
y_noMiss,sigma,0.9480051200481395,0.0397185895801072,0.874085519819515,0.9465458843381451,1.0288536164955981,MNAR,brms,440
y_noMiss,Intercept,1.4198123074220241,0.11060653801774277,1.2008023220887807,1.4202618051458016,1.6372179391172819,MNAR,brms,440
