missingprop_autocor,parameter,mean,sd,2.5%,50%,97.5%,missingness,type,run_no
y_noMiss,b_Intercept,0.44619360889791493,0.06692780141073369,0.3155333082833968,0.4459825198216721,0.5786613989575531,MNAR,brms,441
y_noMiss,b_light,-0.19257626805752265,0.06060928424447899,-0.3107474385561225,-0.192169685002886,-0.07313651067633789,MNAR,brms,441
y_noMiss,b_discharge,0.4161503830317806,0.061413101950745945,0.29466993089952775,0.4159051813774294,0.5378378254087764,MNAR,brms,441
y_noMiss,phi,0.09465881124657138,0.05829361983023133,-0.02023965722644317,0.0942991430750229,0.2110083143736698,MNAR,brms,441
y_noMiss,sigma,1.0457737270045735,0.04341184990319517,0.9635613562356171,1.0451097495827468,1.1351895593044916,MNAR,brms,441
y_noMiss,Intercept,0.4805466980192964,0.0662113394407859,0.35146921878457094,0.48081038633098483,0.6134257484776763,MNAR,brms,441
