missingprop_autocor,parameter,mean,sd,2.5%,50%,97.5%,missingness,type,run_no
y_noMiss,b_Intercept,0.984100988413194,0.17383895795649817,0.6381515549214682,0.98467000580305,1.3258460562846208,MNAR,brms,442
y_noMiss,b_light,0.21860061422720692,0.04985991475888492,0.12172846767827396,0.21831535840999794,0.31877204347322957,MNAR,brms,442
y_noMiss,b_discharge,-0.9910566460468503,0.048188629369546286,-1.0859382260130312,-0.9908523303939368,-0.8947310325567884,MNAR,brms,442
y_noMiss,phi,0.6541430771788743,0.04526093839760815,0.5671964045402675,0.6537641130862583,0.7435855348232436,MNAR,brms,442
y_noMiss,sigma,1.0251649802085832,0.04270100099239665,0.9426449361836479,1.0241636152354028,1.1129589528951316,MNAR,brms,442
y_noMiss,Intercept,0.9652308879551298,0.1738575020339933,0.6191798056495912,0.9659475867120377,1.3079790733652856,MNAR,brms,442
