missingprop_autocor,parameter,mean,sd,2.5%,50%,97.5%,missingness,type,run_no
y_noMiss,b_Intercept,1.9632975828695813,0.06823417392254964,1.8285589758374525,1.9625352069304536,2.097596773784046,MNAR,brms,443
y_noMiss,b_light,-0.2768879443036468,0.058044648180707904,-0.3906972620395485,-0.27643838416482114,-0.16145391118558236,MNAR,brms,443
y_noMiss,b_discharge,-2.370701054680077,0.057870587222422214,-2.4842094998963145,-2.37148314761781,-2.2566897591544803,MNAR,brms,443
y_noMiss,phi,0.10359922139212616,0.059576428838179304,-0.012157160478821491,0.10402299861668327,0.22216268461251634,MNAR,brms,443
y_noMiss,sigma,1.0293729389864927,0.04398134412467731,0.9469390397737676,1.0281605753088896,1.118713268976719,MNAR,brms,443
y_noMiss,Intercept,2.062471510319181,0.0676783386289891,1.9291615879531525,2.0619608444468054,2.1964162453377134,MNAR,brms,443
