missingprop_autocor,parameter,mean,sd,2.5%,50%,97.5%,missingness,type,run_no
y_noMiss,b_Intercept,0.9888244393627591,0.194293234258638,0.6065032555190345,0.9891117572144186,1.3730599993006771,MNAR,brms,444
y_noMiss,b_light,0.336974568792857,0.05072525780437372,0.23845626350073673,0.33658953848143847,0.43661746823240766,MNAR,brms,444
y_noMiss,b_discharge,0.9195915447972585,0.049385840953734536,0.8206659898152519,0.9195985959500459,1.0168452415301676,MNAR,brms,444
y_noMiss,phi,0.6842989118551704,0.043969491469373324,0.5952417098532172,0.6846458875108214,0.76997096201168,MNAR,brms,444
y_noMiss,sigma,1.0302312980284092,0.04333761841401355,0.9496018669280297,1.0288387677694693,1.119470940401026,MNAR,brms,444
y_noMiss,Intercept,1.0048761198970162,0.1942960109029249,0.6230151212640244,1.0055908215245772,1.390298512631096,MNAR,brms,444
