missingprop_autocor,parameter,mean,sd,2.5%,50%,97.5%,missingness,type,run_no
y_noMiss,b_Intercept,0.9030449009224781,0.12179428932449589,0.66532422920706,0.9035682188856248,1.1431093684049354,MNAR,brms,445
y_noMiss,b_light,0.19628919744029238,0.05809262555480728,0.08298327056285178,0.19663780373502912,0.30960636164141714,MNAR,brms,445
y_noMiss,b_discharge,1.1802262669796881,0.057387507387305546,1.068432687385494,1.180769761661225,1.29259443060258,MNAR,brms,445
y_noMiss,phi,0.4899541470623399,0.0518393841877757,0.389666733032719,0.4892500354512299,0.5940342592866643,MNAR,brms,445
y_noMiss,sigma,1.0476012227490916,0.04374334328486513,0.9666298505108778,1.0461646464146153,1.1380664421486308,MNAR,brms,445
y_noMiss,Intercept,0.8423146003539308,0.12177372023513859,0.6034330154329791,0.8428253356493289,1.082430732252718,MNAR,brms,445
