missingprop_autocor,parameter,mean,sd,2.5%,50%,97.5%,missingness,type,run_no
y_noMiss,b_Intercept,1.2399299059890916,0.060323788086865886,1.1223121052400156,1.2395940694192396,1.357966394767534,MNAR,brms,446
y_noMiss,b_light,1.1118317577655354,0.06014040698480969,0.9932223109040637,1.1109435900839046,1.2306762695540583,MNAR,brms,446
y_noMiss,b_discharge,0.32378827809512806,0.06236930948722216,0.198626643850824,0.3243372516061407,0.4479205438546373,MNAR,brms,446
y_noMiss,phi,0.018010564628649365,0.059714963636103055,-0.09695171562552587,0.017796611176813158,0.13348849494578602,MNAR,brms,446
y_noMiss,sigma,1.0114667689357226,0.042834848679208816,0.9327540447160376,1.0099201690224404,1.099498927109254,MNAR,brms,446
y_noMiss,Intercept,1.266328674795461,0.06029489344257777,1.148485414817227,1.266154253292361,1.3845753052314942,MNAR,brms,446
