missingprop_autocor,parameter,mean,sd,2.5%,50%,97.5%,missingness,type,run_no
y_noMiss,b_Intercept,0.033087213193860245,0.069660020571512965,-0.1044730225439222,0.03233458145206904,0.17179074574250222,MNAR,brms,447
y_noMiss,b_light,-2.06360416926394,0.05275606973439189,-2.167197354198522,-2.063664302543235,-1.9604267867876801,MNAR,brms,447
y_noMiss,b_discharge,1.0466354071332176,0.06060531665258546,0.9271689889337399,1.0462221389282584,1.1636980123977179,MNAR,brms,447
y_noMiss,phi,0.19378507960060584,0.059581270842968395,0.07743643204001036,0.19345632219884032,0.31028582780371444,MNAR,brms,447
y_noMiss,sigma,0.9614785043556076,0.04064023844872861,0.8861493935027377,0.9596785284325879,1.0463769887268226,MNAR,brms,447
y_noMiss,Intercept,0.11733397184754107,0.06958062783905178,-0.020643477019832126,0.116917123918127,0.25569487938534696,MNAR,brms,447
