missingprop_autocor,parameter,mean,sd,2.5%,50%,97.5%,missingness,type,run_no
y_noMiss,b_Intercept,1.0918135736750467,0.08198295644603674,0.9329673039341886,1.0911351351832494,1.2516149183700709,MNAR,brms,448
y_noMiss,b_light,-0.6647854578874609,0.05673058869522839,-0.77711263975451494,-0.6645644896170335,-0.55430698247672,MNAR,brms,448
y_noMiss,b_discharge,-1.1043997124058982,0.05665049672281385,-1.2154192641851747,-1.103906790595339,-0.9954859581219635,MNAR,brms,448
y_noMiss,phi,0.2752470849662348,0.057270898516338396,0.1619425519193024,0.2750415668716104,0.38622107962492447,MNAR,brms,448
y_noMiss,sigma,0.9873699556419927,0.04184084469373303,0.9090600821599596,0.985576688605827,1.0715406494695794,MNAR,brms,448
y_noMiss,Intercept,0.9257498186420438,0.0818099671417033,0.7660105104612642,0.92545126501188,1.0850680531358152,MNAR,brms,448
