missingprop_autocor,parameter,mean,sd,2.5%,50%,97.5%,missingness,type,run_no
y_noMiss,b_Intercept,1.3765480954548415,0.18553199438662668,1.0000460334223664,1.379944807848208,1.7423444990364823,MNAR,brms,449
y_noMiss,b_light,0.9669213532554178,0.0479720934917653,0.8731873501870925,0.9664158100934231,1.0609732528792593,MNAR,brms,449
y_noMiss,b_discharge,0.5962950121295839,0.04879204670175418,0.5017623975369083,0.5965990361972111,0.69037553034907,MNAR,brms,449
y_noMiss,phi,0.6948075604990454,0.04351842594590276,0.610585091321987,0.6944577766523023,0.78116225041164,MNAR,brms,449
y_noMiss,sigma,0.9574955077178041,0.04045688492572877,0.8831777066061224,0.9557405481279763,1.0414217702220063,MNAR,brms,449
y_noMiss,Intercept,1.4046650352300036,0.18553480277297782,1.0281877780361486,1.4084762147500685,1.7705589968777775,MNAR,brms,449
