missingprop_autocor,parameter,mean,sd,2.5%,50%,97.5%,missingness,type,run_no
y_noMiss,b_Intercept,-0.7510562417170444,0.09730451721004454,-0.9450704633497883,-0.7508237425061145,-0.5584484401955278,MNAR,brms,44
y_noMiss,b_light,0.09838321111690665,0.05997283996746241,-0.01871359440129289,0.0983606725383257,0.21659097794044824,MNAR,brms,44
y_noMiss,b_discharge,0.5537314992924457,0.05411972263772039,0.44697837708597243,0.5529556003782796,0.6609322159718339,MNAR,brms,44
y_noMiss,phi,0.38538123193011187,0.0551045010882367,0.27851690547362656,0.3850116008029979,0.49217230123233746,MNAR,brms,44
y_noMiss,sigma,1.0158160376349528,0.04380847316371387,0.9346434094838719,1.0147591973637908,1.105440310636153,MNAR,brms,44
y_noMiss,Intercept,-0.7490426218544808,0.09725980668843469,-0.9432423022425087,-0.7485877501805016,-0.5571044614474377,MNAR,brms,44
