missingprop_autocor,parameter,mean,sd,2.5%,50%,97.5%,missingness,type,run_no
y_noMiss,b_Intercept,-0.662112743672903,0.11687371506201885,-0.8953101500926114,-0.66154630631192,-0.4342198524012002,MNAR,brms,450
y_noMiss,b_light,1.1545479939078511,0.0528700315896475,1.0518156153533316,1.1547657082645602,1.2580907105641685,MNAR,brms,450
y_noMiss,b_discharge,-1.4428740186202529,0.05410158826122218,-1.549323240107685,-1.4427410935258544,-1.3371104193382628,MNAR,brms,450
y_noMiss,phi,0.4705886486392363,0.05256159706269909,0.3667498362187899,0.47095852000820493,0.5729857240738176,MNAR,brms,450
y_noMiss,sigma,1.0491533597565632,0.043910237226422844,0.9665562354284979,1.0476559776250989,1.141431326304146,MNAR,brms,450
y_noMiss,Intercept,-0.7651080946191515,0.11682635117669178,-0.998923484440837,-0.7646265862395252,-0.5372450148177301,MNAR,brms,450
