missingprop_autocor,parameter,mean,sd,2.5%,50%,97.5%,missingness,type,run_no
y_noMiss,b_Intercept,0.8982677482315188,0.1549877437295024,0.5927730125942795,0.8996988435396724,1.2007803708364504,MNAR,brms,451
y_noMiss,b_light,-0.20573762174304785,0.052797736397898434,-0.30789192173827795,-0.2065259395245469,-0.10209362121628193,MNAR,brms,451
y_noMiss,b_discharge,-0.16343219212215535,0.05482504255507986,-0.27072396121196335,-0.16347426314707247,-0.05702216267620262,MNAR,brms,451
y_noMiss,phi,0.6139084527274855,0.047144605660106996,0.5231332914134167,0.6137128597358719,0.7047569237606214,MNAR,brms,451
y_noMiss,sigma,1.029174490736252,0.04280415031636285,0.9488890577376492,1.027869510537215,1.1162573426535858,MNAR,brms,451
y_noMiss,Intercept,0.9047941161749974,0.1547973517235666,0.6014031439768296,0.9060885287660965,1.2061441605257317,MNAR,brms,451
