missingprop_autocor,parameter,mean,sd,2.5%,50%,97.5%,missingness,type,run_no
y_noMiss,b_Intercept,-0.7875387366559737,0.07245181270413757,-0.9301752938542194,-0.7874511761514211,-0.6437906230192133,MNAR,brms,452
y_noMiss,b_light,-1.7032526649337774,0.061941183460473406,-1.8267420696793222,-1.7024721850276778,-1.5837533715205905,MNAR,brms,452
y_noMiss,b_discharge,-0.6562886628453257,0.061176887730168474,-0.7756605459459346,-0.6561015521967948,-0.5369536370228848,MNAR,brms,452
y_noMiss,phi,0.14389044367427978,0.05896982749556866,0.029998379029261484,0.14363942666685553,0.2595316503264898,MNAR,brms,452
y_noMiss,sigma,1.0450364781423072,0.043758532772704306,0.9630040965462556,1.0441249434198085,1.134710337302365,MNAR,brms,452
y_noMiss,Intercept,-0.6400340102758678,0.07229487705944286,-0.7822315809238207,-0.6400517047857954,-0.49623019640414273,MNAR,brms,452
