missingprop_autocor,parameter,mean,sd,2.5%,50%,97.5%,missingness,type,run_no
y_noMiss,b_Intercept,-0.1358355435193563,0.13193278873644215,-0.3980074412939166,-0.1368118657813192,0.12547025272093912,MNAR,brms,453
y_noMiss,b_light,0.1522965311168046,0.05681161910318017,0.04070945477971477,0.15247250079773217,0.26383617260304515,MNAR,brms,453
y_noMiss,b_discharge,-0.6941665654033752,0.055535284224709054,-0.8014660279721039,-0.6943500625380727,-0.5841667875485957,MNAR,brms,453
y_noMiss,phi,0.5373326225316627,0.05062609253502245,0.4372767884175141,0.5372298184203586,0.6376893011715299,MNAR,brms,453
y_noMiss,sigma,1.039983700972377,0.0425119204541021,0.960141692436178,1.038485731836964,1.1278160909905968,MNAR,brms,453
y_noMiss,Intercept,-0.037683082567927705,0.13169815995982775,-0.29866930274192144,-0.038576613614462574,0.22354977808215654,MNAR,brms,453
