missingprop_autocor,parameter,mean,sd,2.5%,50%,97.5%,missingness,type,run_no
y_noMiss,b_Intercept,0.8726390706856132,0.05324378977443299,0.7678865029122165,0.8722775714535946,0.9781940599092808,MNAR,brms,454
y_noMiss,b_light,0.20865798111913478,0.06335967025482676,0.0858585602635998,0.2085257372405571,0.33299637924361514,MNAR,brms,454
y_noMiss,b_discharge,0.9208563379269793,0.05455701400606778,0.8133402690032394,0.9215252581287792,1.024863831994072,MNAR,brms,454
y_noMiss,phi,-0.08780437898557061,0.05917343808352194,-0.20492400166116315,-0.08735381858107051,0.027705951438546324,MNAR,brms,454
y_noMiss,sigma,0.9700478226718445,0.04199346323375275,0.8917382688816662,0.9683111711581442,1.0578292346383986,MNAR,brms,454
y_noMiss,Intercept,0.8375099068704717,0.0532059769215913,0.7331706066826069,0.8375820442040547,0.9437878607727982,MNAR,brms,454
