missingprop_autocor,parameter,mean,sd,2.5%,50%,97.5%,missingness,type,run_no
y_noMiss,b_Intercept,0.024114015010903697,0.07918807247878305,-0.13110643010970688,0.024933501831146898,0.17709060745832692,MNAR,brms,455
y_noMiss,b_light,-0.9722946993415403,0.05694510456088407,-1.0837282475330665,-0.9721782655673239,-0.8575696330717398,MNAR,brms,455
y_noMiss,b_discharge,-0.7661482950745055,0.05830832492613825,-0.8822154735721561,-0.7662774895185531,-0.6527777211988371,MNAR,brms,455
y_noMiss,phi,0.2585297359174524,0.059744845326075796,0.14154621957069627,0.25810301320193985,0.37577274266081817,MNAR,brms,455
y_noMiss,sigma,0.9778238638717086,0.04020180682752404,0.9037950501262436,0.9764162404735373,1.0609443503276457,MNAR,brms,455
y_noMiss,Intercept,-0.08316326491143498,0.07883149915803069,-0.2372002947968671,-0.0826087137568669,0.06935987936307494,MNAR,brms,455
