missingprop_autocor,parameter,mean,sd,2.5%,50%,97.5%,missingness,type,run_no
y_noMiss,b_Intercept,-2.515349427795028,0.06929034865091896,-2.648937754769056,-2.5146113029829777,-2.378402304494353,MNAR,brms,456
y_noMiss,b_light,-2.246630820062945,0.05714647771753568,-2.3597428522057307,-2.2454627873514124,-2.134148296283412,MNAR,brms,456
y_noMiss,b_discharge,0.39566470192017683,0.05567960859272039,0.2863303257109113,0.3958202972161622,0.5038461456828839,MNAR,brms,456
y_noMiss,phi,0.179901801846077,0.05949795988646372,0.06130999713858959,0.18044501953188066,0.29534691817664266,MNAR,brms,456
y_noMiss,sigma,0.9570527607317615,0.03998021588728339,0.8831018059476455,0.955284554221616,1.0392687942369512,MNAR,brms,456
y_noMiss,Intercept,-2.3270498898817635,0.06907919888088951,-2.4598506560915814,-2.3264266745982334,-2.190257242607707,MNAR,brms,456
