missingprop_autocor,parameter,mean,sd,2.5%,50%,97.5%,missingness,type,run_no
y_noMiss,b_Intercept,0.048001637142671055,0.07529793882454937,-0.09892710557018856,0.047506922706624814,0.19710538204943828,MNAR,brms,457
y_noMiss,b_light,-0.25187726083838996,0.060757465391858036,-0.3715761131412088,-0.25163652874198883,-0.13183525656134445,MNAR,brms,457
y_noMiss,b_discharge,1.8214815846929078,0.06285768191799282,1.6970262861386392,1.8209568597968033,1.9427150705505642,MNAR,brms,457
y_noMiss,phi,0.17982270078435997,0.05875166031003167,0.06386511439185583,0.1801657305120728,0.2941078399677255,MNAR,brms,457
y_noMiss,sigma,1.0303321837323711,0.042977687625711844,0.9509760617795969,1.0286321119033532,1.117775971697916,MNAR,brms,457
y_noMiss,Intercept,0.1541156829819276,0.07509126541414249,0.006885458924476784,0.15411060710902713,0.3025792845776996,MNAR,brms,457
