missingprop_autocor,parameter,mean,sd,2.5%,50%,97.5%,missingness,type,run_no
y_noMiss,b_Intercept,-0.21888205927210858,0.06470013028073932,-0.34387079544791554,-0.2181148632666784,-0.09122757968815039,MNAR,brms,458
y_noMiss,b_light,-0.5081025984061567,0.05746258605651445,-0.6190159749888363,-0.5083150212871963,-0.39536967335849604,MNAR,brms,458
y_noMiss,b_discharge,0.735069981875956,0.06103974679757155,0.6150937536240347,0.7353907960994719,0.8563088871818748,MNAR,brms,458
y_noMiss,phi,0.09312872796859664,0.05899964437842062,-0.022254231938315584,0.09283797356308557,0.20819210070690206,MNAR,brms,458
y_noMiss,sigma,1.0096501130518813,0.04243364513334815,0.930550023223019,1.0084941362461413,1.0971336041529751,MNAR,brms,458
y_noMiss,Intercept,-0.1688703935030477,0.06462427668662016,-0.2933655322219398,-0.1682756382086268,-0.042066547997976676,MNAR,brms,458
