missingprop_autocor,parameter,mean,sd,2.5%,50%,97.5%,missingness,type,run_no
y_noMiss,b_Intercept,1.8900343961556432,0.1484139520374856,1.5899688819676023,1.8915484867323045,2.1797409111838144,MNAR,brms,459
y_noMiss,b_light,-0.6455516942940219,0.04949217108859156,-0.740940233561303,-0.6454104569971295,-0.5476921632140894,MNAR,brms,459
y_noMiss,b_discharge,1.7292702668317719,0.051914037225540464,1.6276027060615237,1.729792991630182,1.8298116009838075,MNAR,brms,459
y_noMiss,phi,0.5991240760008935,0.047153769836368355,0.5077126374440306,0.5984028343701835,0.6914728139573278,MNAR,brms,459
y_noMiss,sigma,1.0130542261702993,0.04209401723360851,0.934925199311828,1.0114754571963889,1.0997757562661852,MNAR,brms,459
y_noMiss,Intercept,1.8485173650436355,0.14838062120965367,1.5495813194813646,1.8504065055448669,2.137805349736082,MNAR,brms,459
