missingprop_autocor,parameter,mean,sd,2.5%,50%,97.5%,missingness,type,run_no
y_noMiss,b_Intercept,-1.1396910116059515,0.10113020280087041,-1.3358741728961314,-1.1410153213469334,-0.9387298543756258,MNAR,brms,45
y_noMiss,b_light,-0.09292707986352979,0.05474208158054551,-0.1989592486233206,-0.09340416554510853,0.012319979693279647,MNAR,brms,45
y_noMiss,b_discharge,-1.0006532917626314,0.05421438155022057,-1.1065454875996834,-1.0007032204766158,-0.8947515454803928,MNAR,brms,45
y_noMiss,phi,0.43595100381182267,0.05350208431053191,0.33184702369035257,0.4364815327472445,0.5435528656030102,MNAR,brms,45
y_noMiss,sigma,0.9665554371773335,0.040937853982670844,0.8882769853673226,0.9651074376636906,1.0506611294774428,MNAR,brms,45
y_noMiss,Intercept,-1.1229863837337348,0.1011645237607866,-1.3185531535325479,-1.1242509875461566,-0.9218114516271471,MNAR,brms,45
