missingprop_autocor,parameter,mean,sd,2.5%,50%,97.5%,missingness,type,run_no
y_noMiss,b_Intercept,-2.1729479384975687,0.06522026400098863,-2.2988317705412693,-2.172472701205349,-2.040064349759969,MNAR,brms,460
y_noMiss,b_light,-1.32997731513619,0.057656763972706214,-1.441762153900954,-1.3301569288861037,-1.2176302217877104,MNAR,brms,460
y_noMiss,b_discharge,-0.9114172623966864,0.05730896302842019,-1.0241785493226951,-0.911710857254538,-0.7979583861843877,MNAR,brms,460
y_noMiss,phi,0.11885482339782287,0.05845682861599173,0.004442831772519514,0.1184126425966869,0.2335184199579323,MNAR,brms,460
y_noMiss,sigma,0.9678596656338321,0.03970698875960609,0.8927882423324084,0.9671285432050555,1.0503193636292778,MNAR,brms,460
y_noMiss,Intercept,-2.177655462780572,0.06499474826161772,-2.304024226309096,-2.177204627681547,-2.046278884422463,MNAR,brms,460
