missingprop_autocor,parameter,mean,sd,2.5%,50%,97.5%,missingness,type,run_no
y_noMiss,b_Intercept,-0.029466151448403737,0.11317893731316964,-0.24928408525646137,-0.029048150838397784,0.19734389029721167,MNAR,brms,461
y_noMiss,b_light,-0.7832775717844657,0.0528915301951111,-0.8863475188735453,-0.7831540745953445,-0.679294018979806,MNAR,brms,461
y_noMiss,b_discharge,0.28786010980724214,0.05568925759131664,0.18219777174988175,0.28655081616663836,0.4005319016961347,MNAR,brms,461
y_noMiss,phi,0.45470360278205574,0.05379210151653684,0.35097320630604445,0.45371523468339536,0.5614757561000951,MNAR,brms,461
y_noMiss,sigma,1.037550463509544,0.04294367363542128,0.9576851997209307,1.0362937661052503,1.1243273261008262,MNAR,brms,461
y_noMiss,Intercept,0.02824015032764993,0.1129366949914862,-0.1925886013193618,0.0287882013539706,0.25264339474503006,MNAR,brms,461
