missingprop_autocor,parameter,mean,sd,2.5%,50%,97.5%,missingness,type,run_no
y_noMiss,b_Intercept,1.3073234680802113,0.15584920958695292,0.9917016737786521,1.3109752450383079,1.6129087341019706,MNAR,brms,462
y_noMiss,b_light,-2.4808372628891826,0.049262171131761054,-2.5792387728407733,-2.4802239798918086,-2.3851495010187582,MNAR,brms,462
y_noMiss,b_discharge,0.42275985145911443,0.051480309628528446,0.3201276144123341,0.42293694245512486,0.5227418499782935,MNAR,brms,462
y_noMiss,phi,0.6242742117353276,0.04605844304102884,0.5336500115717793,0.6244290692505692,0.7157201964257708,MNAR,brms,462
y_noMiss,sigma,0.9948035401369153,0.04160230318006723,0.9168294705751159,0.9932217586103154,1.0803543692103272,MNAR,brms,462
y_noMiss,Intercept,1.28456741620073,0.15592166990342002,0.9699650483758435,1.2883389660047149,1.59042853773019,MNAR,brms,462
