missingprop_autocor,parameter,mean,sd,2.5%,50%,97.5%,missingness,type,run_no
y_noMiss,b_Intercept,-0.9995789361800058,0.11081579781982354,-1.2138701524095186,-0.998956899103096,-0.7779868490965804,MNAR,brms,463
y_noMiss,b_light,1.9941565243912034,0.0528002796514249,1.8920243269242734,1.993926025709701,2.096499742203077,MNAR,brms,463
y_noMiss,b_discharge,-0.22114179016134197,0.05475641568694527,-0.3284541756714678,-0.22106562914447558,-0.11527745537585828,MNAR,brms,463
y_noMiss,phi,0.47526447376219255,0.053399448150270847,0.3696520608752383,0.47525811203180113,0.5808864006157137,MNAR,brms,463
y_noMiss,sigma,0.9881075828057321,0.04143578372485579,0.9109076822234066,0.9865641913973417,1.0744894918200905,MNAR,brms,463
y_noMiss,Intercept,-0.8885020609007782,0.11073234298092129,-1.1040691054527698,-0.8879397030365649,-0.6663453685080012,MNAR,brms,463
