missingprop_autocor,parameter,mean,sd,2.5%,50%,97.5%,missingness,type,run_no
y_noMiss,b_Intercept,-1.25506892578828,0.16407137705052258,-1.5868161094099014,-1.2530788397977308,-0.9398625702058389,MNAR,brms,464
y_noMiss,b_light,-0.7278218887978599,0.049269125341311074,-0.8262651551253954,-0.7278306143068703,-0.6316806727272292,MNAR,brms,464
y_noMiss,b_discharge,-0.02465155363476545,0.0495918448927131,-0.12308237551771613,-0.02429154351797471,0.07163677084581586,MNAR,brms,464
y_noMiss,phi,0.6546011503456363,0.04575533778116237,0.5674686377187543,0.6544732115026599,0.744877278502023,MNAR,brms,464
y_noMiss,sigma,0.9755596558492318,0.040834918563958496,0.9006631162712051,0.9738573969428972,1.0594538887765657,MNAR,brms,464
y_noMiss,Intercept,-1.264579877988658,0.16406582089416522,-1.5966414173355703,-1.2625660366483937,-0.9495326518249061,MNAR,brms,464
