missingprop_autocor,parameter,mean,sd,2.5%,50%,97.5%,missingness,type,run_no
y_noMiss,b_Intercept,-0.27538224316563303,0.25652828284173956,-0.7663081634876396,-0.28071853625960974,0.2488466035884387,MNAR,brms,465
y_noMiss,b_light,-0.08211964138870126,0.04591320590313002,-0.17184206218668233,-0.08255818455838386,0.007445349497704355,MNAR,brms,465
y_noMiss,b_discharge,-1.208312691923949,0.047125777283577835,-1.3009839257369675,-1.2078989504986022,-1.11695317778856,MNAR,brms,465
y_noMiss,phi,0.768475473873743,0.03937677922837872,0.6924555516095781,0.7678309390131233,0.8471684596236895,MNAR,brms,465
y_noMiss,sigma,0.985456784449914,0.04110971048593374,0.9092214456835088,0.9839589750570105,1.0685468877760995,MNAR,brms,465
y_noMiss,Intercept,-0.4274291755577019,0.2563242053270066,-0.9164113157632787,-0.43322493604941137,0.09608884067983893,MNAR,brms,465
