missingprop_autocor,parameter,mean,sd,2.5%,50%,97.5%,missingness,type,run_no
y_noMiss,b_Intercept,-0.6514743987360477,0.20836609712467116,-1.0637630319158957,-0.6504530679293341,-0.25061104810841583,MNAR,brms,466
y_noMiss,b_light,0.32537423535424637,0.052483985189227984,0.2220716072310832,0.32523669121144394,0.42803292448682045,MNAR,brms,466
y_noMiss,b_discharge,-0.5905074723634045,0.04703918918670381,-0.682009767016278,-0.5910276308761779,-0.49658371768696496,MNAR,brms,466
y_noMiss,phi,0.703854829991688,0.042631705785044285,0.6195029620710579,0.7036678320123295,0.786611225208753,MNAR,brms,466
y_noMiss,sigma,1.0430856791954584,0.04352187417205826,0.9621172566911038,1.040920459735263,1.1320680899595374,MNAR,brms,466
y_noMiss,Intercept,-0.6146126695709957,0.20826432338094542,-1.0275465588176491,-0.6141034840638517,-0.21471665184004532,MNAR,brms,466
