missingprop_autocor,parameter,mean,sd,2.5%,50%,97.5%,missingness,type,run_no
y_noMiss,b_Intercept,0.11355589119516289,0.06392775645871966,-0.011703306558283158,0.11311933619918643,0.24270735868280438,MNAR,brms,467
y_noMiss,b_light,-0.7912174288707948,0.05300993246311126,-0.8946047080265059,-0.7915906931885704,-0.6862821329917723,MNAR,brms,467
y_noMiss,b_discharge,-1.250862753976378,0.05621643562868902,-1.3611536797181578,-1.2513045090493895,-1.1393903369294618,MNAR,brms,467
y_noMiss,phi,0.12663737376563358,0.05756110142570912,0.015576864386746953,0.12669432665076236,0.23786593557956834,MNAR,brms,467
y_noMiss,sigma,0.9485215938147388,0.03992041179398683,0.8748444102860844,0.9475747838548885,1.0299218898917188,MNAR,brms,467
y_noMiss,Intercept,0.09832075077695736,0.06390672402760292,-0.026844565061027514,0.09797088507985297,0.22725856665892208,MNAR,brms,467
