missingprop_autocor,parameter,mean,sd,2.5%,50%,97.5%,missingness,type,run_no
y_noMiss,b_Intercept,0.8224345033361236,0.15769671071058192,0.5184658762699937,0.8198137049060086,1.1510904576451635,MNAR,brms,468
y_noMiss,b_light,-1.3239687834095666,0.04751076720828473,-1.4162283819041261,-1.3248020493259873,-1.2292409258705634,MNAR,brms,468
y_noMiss,b_discharge,-1.0017879125733755,0.04849476822589392,-1.0977808488875496,-1.0018101387978902,-0.9067671628877851,MNAR,brms,468
y_noMiss,phi,0.6402861103310103,0.04739970884235442,0.5487465770651058,0.6401343766504928,0.7354490100927553,MNAR,brms,468
y_noMiss,sigma,0.965365241890756,0.04043007424500998,0.8911779679634401,0.9638542642393254,1.0473561174927033,MNAR,brms,468
y_noMiss,Intercept,0.7105295928627348,0.15761988727136245,0.40676046122729526,0.7077529334028886,1.0394555076722092,MNAR,brms,468
