missingprop_autocor,parameter,mean,sd,2.5%,50%,97.5%,missingness,type,run_no
y_noMiss,b_Intercept,-0.05208880880178744,0.0716232833364661,-0.19039434261192342,-0.051443057802048886,0.09072401008972586,MNAR,brms,469
y_noMiss,b_light,-0.3267498811725701,0.05640741674883695,-0.43984648243691815,-0.32695460773340623,-0.216243177597418,MNAR,brms,469
y_noMiss,b_discharge,-1.1897283106392538,0.054311786900830356,-1.2978363526321635,-1.190071406814258,-1.0818531091370776,MNAR,brms,469
y_noMiss,phi,0.19207074397770066,0.059084498209408545,0.07597643466680755,0.1920557534610816,0.3085277512528555,MNAR,brms,469
y_noMiss,sigma,0.9899145877967611,0.04146478729283281,0.9146199308259035,0.9881117683945143,1.075766661874957,MNAR,brms,469
y_noMiss,Intercept,-0.015525669937402344,0.07158315530757905,-0.15326504972920377,-0.014894529397721797,0.12752448634961244,MNAR,brms,469
