missingprop_autocor,parameter,mean,sd,2.5%,50%,97.5%,missingness,type,run_no
y_noMiss,b_Intercept,1.1118224058383825,0.08406269706866173,0.9442988809943555,1.1123829562469214,1.2776181419634984,MNAR,brms,46
y_noMiss,b_light,-0.4960284471799746,0.05498277161519388,-0.6036350776694138,-0.4954546310800425,-0.3896706752300134,MNAR,brms,46
y_noMiss,b_discharge,1.323493239632995,0.05438989036826934,1.217101717623325,1.3240901142298962,1.428854944206784,MNAR,brms,46
y_noMiss,phi,0.2949394034201455,0.057236329142442095,0.18390205322851727,0.2944448965778492,0.4079647135236012,MNAR,brms,46
y_noMiss,sigma,0.9884486718006735,0.04107828638214762,0.9112347060679735,0.9870789562551441,1.0726034326095055,MNAR,brms,46
y_noMiss,Intercept,1.0008869552667903,0.08398143457342144,0.8344632360460853,1.0007306219786463,1.1677604408068736,MNAR,brms,46
