missingprop_autocor,parameter,mean,sd,2.5%,50%,97.5%,missingness,type,run_no
y_noMiss,b_Intercept,-1.653473967394671,0.06137849515004257,-1.7714148733510329,-1.653867828582848,-1.5299076167142096,MNAR,brms,470
y_noMiss,b_light,-1.953677984673836,0.060598244035690106,-2.0737564384754505,-1.95376608418642,-1.836109511773158,MNAR,brms,470
y_noMiss,b_discharge,0.33835552355644355,0.05897327264994686,0.2217167605928162,0.33859196754799603,0.4518001792255082,MNAR,brms,470
y_noMiss,phi,0.043024276262094756,0.060590257786674234,-0.07755683257889848,0.04426520185120981,0.16221140497650438,MNAR,brms,470
y_noMiss,sigma,0.9996786941351627,0.042301073215798644,0.9217181468315769,0.9976855906486756,1.08750866903001,MNAR,brms,470
y_noMiss,Intercept,-1.6426601571694894,0.0613796531642977,-1.7606083568696091,-1.6429883835674448,-1.519135668849617,MNAR,brms,470
