missingprop_autocor,parameter,mean,sd,2.5%,50%,97.5%,missingness,type,run_no
y_noMiss,b_Intercept,-2.1040950298502286,0.16130213992257494,-2.417460482419621,-2.1041331207879157,-1.7887362009076195,MNAR,brms,471
y_noMiss,b_light,-1.1195465062538643,0.050427294166819715,-1.2197154404535673,-1.1195354837158278,-1.0212638588190268,MNAR,brms,471
y_noMiss,b_discharge,-0.6398087096545028,0.0561995804315188,-0.752926478450048,-0.6389389208208776,-0.5300394349503853,MNAR,brms,471
y_noMiss,phi,0.6093689249871331,0.04774209575742912,0.516444482605398,0.6095128839298027,0.7033463686520711,MNAR,brms,471
y_noMiss,sigma,1.072469852368355,0.044860871715895465,0.9895955944885487,1.070932077835244,1.16434755825421,MNAR,brms,471
y_noMiss,Intercept,-2.265323373855958,0.16122874352644875,-2.578252130752063,-2.265103743131638,-1.9506999531342883,MNAR,brms,471
