missingprop_autocor,parameter,mean,sd,2.5%,50%,97.5%,missingness,type,run_no
y_noMiss,b_Intercept,-0.03594361331653533,0.08452291029904893,-0.2017053342376982,-0.03587067383465467,0.12995681611530616,MNAR,brms,472
y_noMiss,b_light,1.2344439918563617,0.06066533961285752,1.1149398214424429,1.2342794986104515,1.3545957961649007,MNAR,brms,472
y_noMiss,b_discharge,-0.4093848933508095,0.06210217453563972,-0.5321926353911631,-0.4091959061151412,-0.28676370584200644,MNAR,brms,472
y_noMiss,phi,0.26644558610336916,0.05587296881792601,0.15667817882271112,0.26627643394876843,0.37545347561621023,MNAR,brms,472
y_noMiss,sigma,1.0582706722310065,0.04395943417770084,0.97678951513539225,1.0567944529583255,1.1484657995901317,MNAR,brms,472
y_noMiss,Intercept,-0.07292021168242707,0.08460466723107951,-0.2378379380275344,-0.07284339408260017,0.09216739339099274,MNAR,brms,472
