missingprop_autocor,parameter,mean,sd,2.5%,50%,97.5%,missingness,type,run_no
y_noMiss,b_Intercept,-0.9300059596574664,0.10806258714327259,-1.1391372308041225,-0.9308623027528188,-0.7144552299844559,MNAR,brms,473
y_noMiss,b_light,0.5426036245836484,0.04226117153789935,0.4585734202468682,0.5425794088475242,0.6263899773091192,MNAR,brms,473
y_noMiss,b_discharge,-0.026880414695981684,0.041305937166183776,-0.10766200352008472,-0.02676951024240093,0.05431337389015055,MNAR,brms,473
y_noMiss,phi,0.500955988232626,0.051146705051446584,0.3970321565711068,0.5002943612537869,0.6009715358571149,MNAR,brms,473
y_noMiss,sigma,0.9121823372104184,0.03845377108337829,0.8405683695775183,0.9104176040125187,0.992684995180672,MNAR,brms,473
y_noMiss,Intercept,-0.8977741307284006,0.10808160423514428,-1.1071531492310702,-0.8989123861522614,-0.6838905066008292,MNAR,brms,473
