missingprop_autocor,parameter,mean,sd,2.5%,50%,97.5%,missingness,type,run_no
y_noMiss,b_Intercept,-0.29179142165962574,0.09391635465551379,-0.4821993303346803,-0.29122894037974384,-0.10694844972751051,MNAR,brms,474
y_noMiss,b_light,1.1708866805576819,0.05568078945415568,1.0615019951584532,1.1708709644122524,1.2790260834657023,MNAR,brms,474
y_noMiss,b_discharge,1.8773802163569953,0.054336151403998015,1.7690806295277577,1.877704656720168,1.9823406590800814,MNAR,brms,474
y_noMiss,phi,0.37413486851826977,0.05456461005931488,0.26688439988953855,0.37436509989674527,0.4805036811763207,MNAR,brms,474
y_noMiss,sigma,0.9843153202445217,0.040903060754647606,0.9080383736892061,0.9829012285021556,1.0697306759511396,MNAR,brms,474
y_noMiss,Intercept,-0.18698801681184005,0.09377819297085109,-0.37733170983591235,-0.18633232339077965,-0.001769253308107226,MNAR,brms,474
