missingprop_autocor,parameter,mean,sd,2.5%,50%,97.5%,missingness,type,run_no
y_noMiss,b_Intercept,0.1712743642287219,0.08089777945503737,0.014986792218816606,0.17066202860072316,0.331313342757737,MNAR,brms,475
y_noMiss,b_light,-0.27275035012771276,0.05912980133686707,-0.3898220699288872,-0.27254598814266995,-0.15598113598436456,MNAR,brms,475
y_noMiss,b_discharge,1.3173058864398042,0.05651035752983236,1.2060663772542763,1.3178077443051577,1.429117030148803,MNAR,brms,475
y_noMiss,phi,0.23051084289085463,0.05868316905959619,0.11575745880681922,0.23038469779441667,0.34659678132581156,MNAR,brms,475
y_noMiss,sigma,1.0597262024455667,0.043678406304605386,0.97793015971295,1.0577318221174572,1.148163508404035,MNAR,brms,475
y_noMiss,Intercept,0.19518659268506833,0.08075585005884674,0.03805256109071757,0.1943843107338294,0.35546098220061234,MNAR,brms,475
