missingprop_autocor,parameter,mean,sd,2.5%,50%,97.5%,missingness,type,run_no
y_noMiss,b_Intercept,0.5207554210568602,0.08372929703400005,0.35646710990120656,0.5192829304745776,0.683954093731596,MNAR,brms,476
y_noMiss,b_light,-0.19024001463753076,0.0559829794971563,-0.30110128046133505,-0.18954693645523418,-0.0822088816702795,MNAR,brms,476
y_noMiss,b_discharge,-0.8101807806877094,0.05500055406282304,-0.9186908118757517,-0.8101888133279939,-0.7027713556901011,MNAR,brms,476
y_noMiss,phi,0.30166280470816353,0.056034587381949906,0.19514745849500525,0.3013626902739203,0.4116445764601092,MNAR,brms,476
y_noMiss,sigma,0.9871262974642776,0.04137230020038248,0.9114335263648797,0.9855815417258178,1.0716810744177283,MNAR,brms,476
y_noMiss,Intercept,0.513815070057738,0.08326905802500142,0.35125925359790766,0.512928436820888,0.6758389950105262,MNAR,brms,476
