missingprop_autocor,parameter,mean,sd,2.5%,50%,97.5%,missingness,type,run_no
y_noMiss,b_Intercept,-0.3505553395476814,0.07083765788058316,-0.48969156607440223,-0.35041049459982343,-0.2138075051316791,MNAR,brms,477
y_noMiss,b_light,-1.3512483622583784,0.05534104552058983,-1.45821367286067,-1.351702531986005,-1.2439076931138913,MNAR,brms,477
y_noMiss,b_discharge,0.07322579291262529,0.05496436096183551,-0.035354150067508396,0.07377008310739767,0.18015215694073128,MNAR,brms,477
y_noMiss,phi,0.2134829696827019,0.057306809283831445,0.09812758880068147,0.2132001370681491,0.32602103228786417,MNAR,brms,477
y_noMiss,sigma,0.9560422093299054,0.04050520624307396,0.8824660705046814,0.9545166588662748,1.038605483769084,MNAR,brms,477
y_noMiss,Intercept,-0.260832712987429,0.0706750622723939,-0.3991508207540859,-0.26028317613926555,-0.12336274477777892,MNAR,brms,477
