missingprop_autocor,parameter,mean,sd,2.5%,50%,97.5%,missingness,type,run_no
y_noMiss,b_Intercept,-0.24565495180359662,0.15633885529457414,-0.5591398293225601,-0.2454870864640482,0.06482934752547694,MNAR,brms,478
y_noMiss,b_light,-0.002765235146577394,0.049244568897513594,-0.09838528746436428,-0.002833882934492205,0.09599263352718616,MNAR,brms,478
y_noMiss,b_discharge,0.8000223614579473,0.04669075410016994,0.708864615839119,0.799888777858613,0.8907013434752472,MNAR,brms,478
y_noMiss,phi,0.6310079060344242,0.04739449586882609,0.537862705028766,0.6311362236486764,0.7227025888451978,MNAR,brms,478
y_noMiss,sigma,0.9871516542506205,0.04124432575906342,0.9102177391212609,0.9858950958906776,1.0708773392142639,MNAR,brms,478
y_noMiss,Intercept,-0.20435485064415385,0.15626166495009866,-0.5188100816189863,-0.20431735465613232,0.10498147458164085,MNAR,brms,478
