missingprop_autocor,parameter,mean,sd,2.5%,50%,97.5%,missingness,type,run_no
y_noMiss,b_Intercept,-1.085603853045223,0.1326423487879505,-1.3459148577296152,-1.08493963176859,-0.8239929903146287,MNAR,brms,479
y_noMiss,b_light,0.3696071147861902,0.05510829885799465,0.2633443053777926,0.36870819839041585,0.4782335677284191,MNAR,brms,479
y_noMiss,b_discharge,-0.2268506057470775,0.05449069371952864,-0.33303523499704846,-0.22640988188377642,-0.12202072109411623,MNAR,brms,479
y_noMiss,phi,0.5547572026304342,0.0505087748819311,0.457598896461118,0.5543545005007713,0.6536793187196468,MNAR,brms,479
y_noMiss,sigma,0.9925214976459266,0.041156468415641155,0.9173244579466502,0.9909297226553649,1.0794317447920052,MNAR,brms,479
y_noMiss,Intercept,-1.1292147862679445,0.1324607364548219,-1.3889474732931448,-1.1283287976084315,-0.8684424194127208,MNAR,brms,479
