missingprop_autocor,parameter,mean,sd,2.5%,50%,97.5%,missingness,type,run_no
y_noMiss,b_Intercept,-0.42353197775781504,0.08635766564714459,-0.5925340208808207,-0.4226941235468895,-0.2533605513490862,MNAR,brms,47
y_noMiss,b_light,2.069795817145511,0.055826295547018616,1.961301085378047,2.0699424568731875,2.1793102071778736,MNAR,brms,47
y_noMiss,b_discharge,-2.021956522592573,0.05891466096954201,-2.137658351160793,-2.0221763116058566,-1.9072888147792657,MNAR,brms,47
y_noMiss,phi,0.32213691028635283,0.05652315275444877,0.21324447011503553,0.32162797281138567,0.4317705149139302,MNAR,brms,47
y_noMiss,sigma,1.0053110353543169,0.04079243318648101,0.9285457265217415,1.004307413087317,1.0898308186233292,MNAR,brms,47
y_noMiss,Intercept,-0.32699411908500076,0.08633999475821767,-0.496322713084026,-0.3264446000712965,-0.15655676975925564,MNAR,brms,47
