missingprop_autocor,parameter,mean,sd,2.5%,50%,97.5%,missingness,type,run_no
y_noMiss,b_Intercept,0.7470041869236363,0.17493346940269897,0.4043058087916255,0.7445100811321845,1.096413386883638,MNAR,brms,480
y_noMiss,b_light,1.165028035740955,0.05293645878874744,1.0645122910663356,1.1641023920491316,1.2689990218923681,MNAR,brms,480
y_noMiss,b_discharge,-1.7104498817884732,0.054310134609694805,-1.8176821125087488,-1.7102205251233107,-1.604189541725265,MNAR,brms,480
y_noMiss,phi,0.6344644662717661,0.04637453504503861,0.5441183321598484,0.6344578549889622,0.7267375714995497,MNAR,brms,480
y_noMiss,sigma,1.0844437750084042,0.04476103285792635,1.001297495081198,1.0824935850164321,1.174980270323713,MNAR,brms,480
y_noMiss,Intercept,0.7560365881958249,0.17485131425959713,0.4124700169049358,0.7538137581149359,1.1051591902731146,MNAR,brms,480
