missingprop_autocor,parameter,mean,sd,2.5%,50%,97.5%,missingness,type,run_no
y_noMiss,b_Intercept,-0.9826369237775044,0.17336160030154626,-1.316684093874686,-0.9810909421488332,-0.6380365389610079,MNAR,brms,481
y_noMiss,b_light,0.9733988137656702,0.053467195625052394,0.8667118469919226,0.9737885150047807,1.077645518507839,MNAR,brms,481
y_noMiss,b_discharge,-0.7497970242366357,0.051227365235535526,-0.8492057119296734,-0.7499157999587491,-0.6484889129224534,MNAR,brms,481
y_noMiss,phi,0.6404556922157087,0.046439638703698556,0.5510475440665447,0.6406501934300194,0.7305754304879243,MNAR,brms,481
y_noMiss,sigma,1.053493028638326,0.04401212038838648,0.9704090149910447,1.0520410996396752,1.1432637067640414,MNAR,brms,481
y_noMiss,Intercept,-0.9608194072046393,0.17337295208608927,-1.2956893548907371,-0.95978383665423606,-0.6162343160045359,MNAR,brms,481
