missingprop_autocor,parameter,mean,sd,2.5%,50%,97.5%,missingness,type,run_no
y_noMiss,b_Intercept,0.20357794916069186,0.18071353944714263,-0.14577154780243468,0.20224435329130896,0.5603844864245218,MNAR,brms,482
y_noMiss,b_light,-0.3976003463216379,0.04818854444483269,-0.49369598076866394,-0.39768587743137,-0.3033845426192815,MNAR,brms,482
y_noMiss,b_discharge,1.6938525921732528,0.05479143495901495,1.5866591289332121,1.694106002244129,1.8007328218741916,MNAR,brms,482
y_noMiss,phi,0.6703765682772026,0.04464833227386147,0.582407449975381,0.6706352997454708,0.7588876682115061,MNAR,brms,482
y_noMiss,sigma,1.01387053912131,0.04307524793943244,0.9348658807366718,1.0125271984617459,1.1022264233078207,MNAR,brms,482
y_noMiss,Intercept,0.1397770229557351,0.18066440423491267,-0.21053409352772662,0.13794053151318847,0.49631612151485427,MNAR,brms,482
