missingprop_autocor,parameter,mean,sd,2.5%,50%,97.5%,missingness,type,run_no
y_noMiss,b_Intercept,-0.8573036066375227,0.27480819518121286,-1.3858924206867347,-0.861430673999863,-0.3043875448170531,MNAR,brms,483
y_noMiss,b_light,-0.12060831643664487,0.04699172500339922,-0.21252693326272076,-0.12056588547176178,-0.028909724799528674,MNAR,brms,483
y_noMiss,b_discharge,-0.06394343151084471,0.052692388923569006,-0.1676977417978428,-0.06346466907505943,0.038102898962707445,MNAR,brms,483
y_noMiss,phi,0.7799780880275397,0.03782593753376262,0.7067960861723038,0.7796544020685965,0.8552707561021108,MNAR,brms,483
y_noMiss,sigma,1.0320549156216894,0.04259599274413744,0.9529225886763484,1.031059041157671,1.117930820076904,MNAR,brms,483
y_noMiss,Intercept,-0.8565152676936334,0.27468796022803155,-1.3849612221771912,-0.8608038032710807,-0.3047354854856859,MNAR,brms,483
