missingprop_autocor,parameter,mean,sd,2.5%,50%,97.5%,missingness,type,run_no
y_noMiss,b_Intercept,-0.2103654730081629,0.10980597573170178,-0.4293697468954591,-0.21061826424530913,0.004008162229359602,MNAR,brms,484
y_noMiss,b_light,-1.3173731173008596,0.04830259583305297,-1.4119002309200395,-1.3170591956780608,-1.2213517563266358,MNAR,brms,484
y_noMiss,b_discharge,-1.0096470920351441,0.04908204291609347,-1.1058522819913268,-1.0096900553816326,-0.9118062998957472,MNAR,brms,484
y_noMiss,phi,0.5002931373922676,0.052178455690266995,0.39818381251623997,0.5001949879126533,0.6010558578388073,MNAR,brms,484
y_noMiss,sigma,0.929579935750309,0.03825032434197134,0.8581483563247343,0.928007915834618,1.0083780197317607,MNAR,brms,484
y_noMiss,Intercept,-0.06693508893950854,0.10976066945197642,-0.286452992017903,-0.06670666425040347,0.1485603441406286,MNAR,brms,484
