missingprop_autocor,parameter,mean,sd,2.5%,50%,97.5%,missingness,type,run_no
y_noMiss,b_Intercept,-1.1881756455434,0.08352335430902838,-1.3530186835503237,-1.1874137364286366,-1.0264881174608917,MNAR,brms,485
y_noMiss,b_light,-1.8151265238969438,0.056781891680659495,-1.9282849121492165,-1.8153924042413363,-1.7056301082399106,MNAR,brms,485
y_noMiss,b_discharge,0.8431112587227424,0.05659922917240924,0.7327133073014015,0.8434480113022091,0.952734818557519,MNAR,brms,485
y_noMiss,phi,0.2879239554347741,0.057131921937929146,0.17323375894775445,0.2879698682404418,0.40157257516553113,MNAR,brms,485
y_noMiss,sigma,1.0069053646265462,0.043013511376075814,0.9275358025198008,1.0052957156333329,1.0935631021636762,MNAR,brms,485
y_noMiss,Intercept,-1.0936497715959137,0.08336131455543595,-1.2597154692092905,-1.093053626850379,-0.9312319676439486,MNAR,brms,485
