missingprop_autocor,parameter,mean,sd,2.5%,50%,97.5%,missingness,type,run_no
y_noMiss,b_Intercept,0.5251407016231806,0.08285396744185468,0.3633166603312371,0.5251176474065891,0.6899824161901035,MNAR,brms,486
y_noMiss,b_light,0.9086622659945772,0.053958492615272774,0.803864570975944,0.9088713982483124,1.0143389976155481,MNAR,brms,486
y_noMiss,b_discharge,-1.877786733487911,0.05484394005358911,-1.9869151851181603,-1.8774188999038446,-1.7710949935598623,MNAR,brms,486
y_noMiss,phi,0.30296344598590946,0.05820165837420164,0.18744077462405084,0.302750137623482,0.4174963727602399,MNAR,brms,486
y_noMiss,sigma,0.9947066160046003,0.041972190982362774,0.9160469815772848,0.9930271086761782,1.0807049755785318,MNAR,brms,486
y_noMiss,Intercept,0.3657145901643903,0.0828134178080609,0.20279227596850075,0.36599991178218794,0.5321615000742631,MNAR,brms,486
