missingprop_autocor,parameter,mean,sd,2.5%,50%,97.5%,missingness,type,run_no
y_noMiss,b_Intercept,1.2427588249517156,0.06592841590674933,1.11284843445058,1.2421945299246702,1.371480201121526,MNAR,brms,487
y_noMiss,b_light,-0.8723735603780876,0.053510006362938026,-0.9757026611906777,-0.8720716736163733,-0.7686696480907482,MNAR,brms,487
y_noMiss,b_discharge,-1.2771615567337753,0.051096588980395305,-1.376580487244492,-1.2767197906224987,-1.1791960632592655,MNAR,brms,487
y_noMiss,phi,0.15246135247718526,0.05973273890691038,0.037140067784152984,0.15242977865655638,0.2691897682230152,MNAR,brms,487
y_noMiss,sigma,0.927097944767634,0.03912958246359518,0.8521438074262233,0.9261191282739896,1.0072914781661553,MNAR,brms,487
y_noMiss,Intercept,1.1684919131507567,0.06590057508824952,1.0378808198057439,1.168480979260976,1.2964584336605633,MNAR,brms,487
