missingprop_autocor,parameter,mean,sd,2.5%,50%,97.5%,missingness,type,run_no
y_noMiss,b_Intercept,0.5826988080013931,0.06624151587784119,0.44957526069720505,0.5829280003302231,0.7112072953338743,MNAR,brms,488
y_noMiss,b_light,-0.7951270756769413,0.05892321861325862,-0.9107760335643774,-0.795224927448659,-0.6775816725868029,MNAR,brms,488
y_noMiss,b_discharge,0.0755361829355031,0.05495888424891963,-0.03427859370239307,0.07572145023365817,0.18209791221061528,MNAR,brms,488
y_noMiss,phi,0.1171066744757358,0.05981155879051429,-0.0021989392643403795,0.11606189043263293,0.23294851091961805,MNAR,brms,488
y_noMiss,sigma,0.9857678462423437,0.040781809266874795,0.9100302305453393,0.9836548218692537,1.0694224178933238,MNAR,brms,488
y_noMiss,Intercept,0.5883483087914605,0.06623876193063946,0.45535985946229607,0.5883928133540972,0.7167677435607815,MNAR,brms,488
