missingprop_autocor,parameter,mean,sd,2.5%,50%,97.5%,missingness,type,run_no
y_noMiss,b_Intercept,0.2949795686584252,0.08847121080160272,0.1255421761649257,0.2940344156258772,0.46840944574338694,MNAR,brms,489
y_noMiss,b_light,-1.1811519639219898,0.06004030540166034,-1.296094042262566,-1.1810227757985687,-1.062860948319923,MNAR,brms,489
y_noMiss,b_discharge,-0.1557524185388091,0.05481935036847685,-0.2642746251924311,-0.15595297465296484,-0.046493599936094,MNAR,brms,489
y_noMiss,phi,0.32504545395016615,0.056350584364216486,0.2152457728520673,0.32576414692467826,0.43663004854929,MNAR,brms,489
y_noMiss,sigma,1.0157255416345115,0.043081581627841425,0.9350426110503554,1.0151022844248638,1.103582005976801,MNAR,brms,489
y_noMiss,Intercept,0.3419626826296791,0.08848635938328786,0.17058297544773032,0.3412129228932279,0.5166783022723019,MNAR,brms,489
