missingprop_autocor,parameter,mean,sd,2.5%,50%,97.5%,missingness,type,run_no
y_noMiss,b_Intercept,-0.5044151150884606,0.06315598955334117,-0.628110203977144,-0.50379046539064265,-0.3799132817565956,MNAR,brms,48
y_noMiss,b_light,-1.0199382924912805,0.055511145514656204,-1.1273458367562081,-1.0202322093581544,-0.910250513920212,MNAR,brms,48
y_noMiss,b_discharge,1.2791067076739593,0.05428417512161683,1.170550951059089,1.2801477643167751,1.3849052143243732,MNAR,brms,48
y_noMiss,phi,0.08507504585967464,0.05896409064129901,-0.03046880725552103,0.08473676702372704,0.2003200917525636,MNAR,brms,48
y_noMiss,sigma,0.9828178244593976,0.041858430826949435,0.9059801821409309,0.9813752534734769,1.0697254206332278,MNAR,brms,48
y_noMiss,Intercept,-0.4197720750035005,0.0630793013822621,-0.5434413195979011,-0.41887829680645217,-0.2951930571009836,MNAR,brms,48
