missingprop_autocor,parameter,mean,sd,2.5%,50%,97.5%,missingness,type,run_no
y_noMiss,b_Intercept,-1.6031093796926956,0.11026217565610948,-1.8221394168459695,-1.6025445074616378,-1.3869429031845764,MNAR,brms,490
y_noMiss,b_light,0.8150683737901862,0.05852009400763465,0.6990524403949513,0.814953686342723,0.9322417055189446,MNAR,brms,490
y_noMiss,b_discharge,1.3223439151217042,0.05246385349503811,1.220377106932758,1.3224002667554915,1.4248384926890452,MNAR,brms,490
y_noMiss,phi,0.4480191910922813,0.0545504548948995,0.34094756481452243,0.4481527576597477,0.5561276599011171,MNAR,brms,490
y_noMiss,sigma,1.0127755551119328,0.04266023264525807,0.9331366523571397,1.011032814958274,1.1017995135161216,MNAR,brms,490
y_noMiss,Intercept,-1.637830149391887,0.11027018381462443,-1.8551750508073575,-1.6371770908892573,-1.4217134074551439,MNAR,brms,490
