missingprop_autocor,parameter,mean,sd,2.5%,50%,97.5%,missingness,type,run_no
y_noMiss,b_Intercept,-0.07317366810452125,0.09854263289838922,-0.26462996383417814,-0.07318932633768957,0.11999661215351952,MNAR,brms,491
y_noMiss,b_light,0.6781871898176192,0.05724749138966357,0.564349933189832,0.6787212834369383,0.7907276552376464,MNAR,brms,491
y_noMiss,b_discharge,-1.6928710109706282,0.057083347832686836,-1.8051744293685434,-1.6920034133059019,-1.5810068603350618,MNAR,brms,491
y_noMiss,phi,0.40250539763454146,0.05372883369040553,0.29646792319555537,0.4024768739147059,0.5061736815709074,MNAR,brms,491
y_noMiss,sigma,1.0151190453263825,0.043246087351411236,0.9352857005586258,1.0132612981871594,1.1012941913418066,MNAR,brms,491
y_noMiss,Intercept,-0.001929931777196529,0.09847439573123913,-0.1932864322144361,-0.001849012127575403,0.19089132993615232,MNAR,brms,491
