missingprop_autocor,parameter,mean,sd,2.5%,50%,97.5%,missingness,type,run_no
y_noMiss,b_Intercept,-1.4591055830229485,0.07026585394093599,-1.5959808395516568,-1.4599371306016216,-1.3226696862519824,MNAR,brms,492
y_noMiss,b_light,2.385503235006697,0.05761379624166854,2.2702312311216772,2.386342212382921,2.4984859937257125,MNAR,brms,492
y_noMiss,b_discharge,0.6161889454521607,0.055091655852259586,0.5071692517341623,0.6170588503880983,0.7236297404991265,MNAR,brms,492
y_noMiss,phi,0.17916727579056227,0.05830985764840724,0.06510459038817863,0.17932305645687002,0.2946234093163277,MNAR,brms,492
y_noMiss,sigma,0.976980542100946,0.04128047977756267,0.9001773405663971,0.9757530549107296,1.0633637263363505,MNAR,brms,492
y_noMiss,Intercept,-1.6171925131726281,0.07010977194225364,-1.7546653151111904,-1.6180560927351821,-1.4805071878293818,MNAR,brms,492
