missingprop_autocor,parameter,mean,sd,2.5%,50%,97.5%,missingness,type,run_no
y_noMiss,b_Intercept,1.7579686576085238,0.090432111649834,1.5812264239365734,1.7569480483649547,1.938114269566491,MNAR,brms,493
y_noMiss,b_light,-0.3667449890350036,0.05862923372674379,-0.4786782030706684,-0.366638482383486,-0.2512111501904473,MNAR,brms,493
y_noMiss,b_discharge,-1.6214379699030725,0.05784583484695576,-1.7346362412991747,-1.6211163510857332,-1.5088744323077004,MNAR,brms,493
y_noMiss,phi,0.3006420976009555,0.05670315310128672,0.18946612622185058,0.3010589687345547,0.4101926933127389,MNAR,brms,493
y_noMiss,sigma,1.0875002683568213,0.04507427476492046,1.0043618656203561,1.0852862758753137,1.1804259263427634,MNAR,brms,493
y_noMiss,Intercept,1.6816424827372771,0.09030080632570797,1.5046370678257792,1.680916372603867,1.861770431849692,MNAR,brms,493
