missingprop_autocor,parameter,mean,sd,2.5%,50%,97.5%,missingness,type,run_no
y_noMiss,b_Intercept,0.5627362636007308,0.10647624175278601,0.35295550895889927,0.5628946464099259,0.76688624592329,MNAR,brms,494
y_noMiss,b_light,-0.06472120318033547,0.05057855457216983,-0.16471340829194864,-0.06462126318466954,0.03366425655858713,MNAR,brms,494
y_noMiss,b_discharge,0.6369174399147549,0.05319873256183618,0.5310638510008231,0.63610195742801,0.7407320779131109,MNAR,brms,494
y_noMiss,phi,0.46548342896970274,0.05318119099798277,0.3624785309837903,0.4656145409814818,0.5683137409919934,MNAR,brms,494
y_noMiss,sigma,0.9608323152250144,0.040151720678413,0.8854732537242582,0.9595852425854843,1.0427086485682373,MNAR,brms,494
y_noMiss,Intercept,0.6250205181531222,0.10624027815505414,0.4153818736513109,0.6256476385655072,0.8305613061790911,MNAR,brms,494
