missingprop_autocor,parameter,mean,sd,2.5%,50%,97.5%,missingness,type,run_no
y_noMiss,b_Intercept,0.7656043046337322,0.15656913995959448,0.4579412462549543,0.7659590620975693,1.074416710860696,MNAR,brms,495
y_noMiss,b_light,-1.5851901832082276,0.045104306251277246,-1.674026602513127,-1.5856066101070105,-1.4958024675561694,MNAR,brms,495
y_noMiss,b_discharge,0.33916416707213637,0.045693691069172544,0.24861126513377968,0.3399016401411773,0.42785089789913355,MNAR,brms,495
y_noMiss,phi,0.652185102342658,0.04585174104559418,0.5621513900293424,0.6520258234880854,0.7435868082584932,MNAR,brms,495
y_noMiss,sigma,0.935484015927024,0.040030297790968665,0.8616703361219468,0.9349439293557456,1.0172035772363999,MNAR,brms,495
y_noMiss,Intercept,0.6370490700204685,0.15648611128539436,0.3289228917043613,0.6375209003723157,0.9455202184628385,MNAR,brms,495
