missingprop_autocor,parameter,mean,sd,2.5%,50%,97.5%,missingness,type,run_no
y_noMiss,b_Intercept,1.178272867108648,0.15183185776454092,0.8823775906783646,1.177041503632894,1.4827801258097986,MNAR,brms,496
y_noMiss,b_light,0.4896889203199266,0.051566432332831716,0.38727910246082264,0.48972754160110943,0.5902457989368546,MNAR,brms,496
y_noMiss,b_discharge,-1.2614276384388572,0.05832962816142588,-1.376872416053959,-1.2616702921414324,-1.145508383897151,MNAR,brms,496
y_noMiss,phi,0.5765804539354126,0.049575641885453575,0.47934215223859644,0.5762310944790647,0.6735808444387065,MNAR,brms,496
y_noMiss,sigma,1.0729929752890852,0.04468105419668822,0.9916648406716391,1.0721878278192252,1.1633504569451028,MNAR,brms,496
y_noMiss,Intercept,1.3374092482501576,0.15176777027011987,1.0396056076400233,1.3368542198222295,1.6410403329331917,MNAR,brms,496
