missingprop_autocor,parameter,mean,sd,2.5%,50%,97.5%,missingness,type,run_no
y_noMiss,b_Intercept,0.45865937811836055,0.07010382832228261,0.3208773174802499,0.4582736306453763,0.595497800748699,MNAR,brms,497
y_noMiss,b_light,0.16128510277501462,0.05600336721298849,0.05000932431542951,0.1603149538377718,0.27176415516709584,MNAR,brms,497
y_noMiss,b_discharge,-1.0627987406712531,0.061764483244710365,-1.1824382577699748,-1.0626940000355534,-0.9443766850931259,MNAR,brms,497
y_noMiss,phi,0.14063150001296607,0.05895591226699481,0.028459171753384,0.14004344124659754,0.255941173825467,MNAR,brms,497
y_noMiss,sigma,1.0006490624604316,0.041775946822768015,0.9217468461360588,0.9998407693435918,1.0846783491384213,MNAR,brms,497
y_noMiss,Intercept,0.46732328353354946,0.06939081111940851,0.3322861312235567,0.4670562755950236,0.60214482980853,MNAR,brms,497
