missingprop_autocor,parameter,mean,sd,2.5%,50%,97.5%,missingness,type,run_no
y_noMiss,b_Intercept,0.8197203653743036,0.10531132493045202,0.6116596085671361,0.8197914973286776,1.0266034335921597,MNAR,brms,498
y_noMiss,b_light,-1.3553695836149156,0.06109680094730885,-1.4747376671655472,-1.3558088719541583,-1.236688996868902,MNAR,brms,498
y_noMiss,b_discharge,-0.2994359097201604,0.05798925432218424,-0.41096132727101947,-0.2994403610681969,-0.18470911660226136,MNAR,brms,498
y_noMiss,phi,0.3692321565872024,0.055920971593439193,0.2593097299861921,0.3692747432326996,0.4806580235428562,MNAR,brms,498
y_noMiss,sigma,1.1078173621140017,0.046567678287741165,1.0212572510370899,1.1063860070529494,1.206154691942126,MNAR,brms,498
y_noMiss,Intercept,0.6837395693640907,0.1050734551834776,0.47700320335738383,0.6843531040508255,0.8902329026022441,MNAR,brms,498
