missingprop_autocor,parameter,mean,sd,2.5%,50%,97.5%,missingness,type,run_no
y_noMiss,b_Intercept,-1.05377130361508,0.14395338649207182,-1.3303192039635756,-1.0554477625414007,-0.7572988901349759,MNAR,brms,499
y_noMiss,b_light,0.677152665580525,0.057725194735478984,0.5639195854495722,0.6775294047964835,0.789772877030233,MNAR,brms,499
y_noMiss,b_discharge,-0.6626770580902644,0.04767704633003754,-0.7561198800828307,-0.6636282205177939,-0.569028289195211,MNAR,brms,499
y_noMiss,phi,0.587701219126322,0.04812242342977782,0.4911717232482426,0.5885407668305704,0.6800230196551154,MNAR,brms,499
y_noMiss,sigma,0.9796525487500737,0.04124110698811812,0.9030009078459428,0.9785428209775733,1.0648886084813551,MNAR,brms,499
y_noMiss,Intercept,-1.0088356966409602,0.1438908025449023,-1.2852836082585415,-1.0104472809578844,-0.7114694630225811,MNAR,brms,499
