missingprop_autocor,parameter,mean,sd,2.5%,50%,97.5%,missingness,type,run_no
y_noMiss,b_Intercept,-0.22744734755900053,0.056913773548852,-0.3410156450866919,-0.22718133240485167,-0.11575350251233586,MNAR,brms,49
y_noMiss,b_light,-1.0339835131419162,0.05709543838961322,-1.1446109090316856,-1.0344635178392996,-0.9205451649814052,MNAR,brms,49
y_noMiss,b_discharge,0.29764352925765347,0.06138188814287463,0.1793583338293381,0.2967850357006891,0.4186965250508322,MNAR,brms,49
y_noMiss,phi,0.009809523681307617,0.059482742668863324,-0.1047587505418393,0.009156824120252876,0.12831200409062937,MNAR,brms,49
y_noMiss,sigma,0.946847057580557,0.03912030588154389,0.8742733293736693,0.945500575460551,1.0265666736125942,MNAR,brms,49
y_noMiss,Intercept,-0.24217016577945177,0.056915061106716514,-0.3556388366632935,-0.24177483670363342,-0.13045888861260127,MNAR,brms,49
