missingprop_autocor,parameter,mean,sd,2.5%,50%,97.5%,missingness,type,run_no
y_noMiss,b_Intercept,-0.6281344590736949,0.26179300574362785,-1.144662176007016,-0.6273005929215272,-0.10969165161669776,MNAR,brms,4
y_noMiss,b_light,0.19949760347573947,0.043019392922604836,0.11573768745732226,0.1998342061626489,0.28477899714317273,MNAR,brms,4
y_noMiss,b_discharge,0.16475609469058536,0.047637461627160094,0.07072477169457969,0.16457686775471936,0.2582104170608628,MNAR,brms,4
y_noMiss,phi,0.7882209646346491,0.037655992470514835,0.7148538879776859,0.7879966500918342,0.8639771547059981,MNAR,brms,4
y_noMiss,sigma,0.9378637645023749,0.03939256566538522,0.8628872596001891,0.936591621458174,1.0192106005711075,MNAR,brms,4
y_noMiss,Intercept,-0.6434724526904995,0.2617582257308099,-1.1594298128191407,-0.6428597584987552,-0.12560686266062987,MNAR,brms,4
