missingprop_autocor,parameter,mean,sd,2.5%,50%,97.5%,missingness,type,run_no
y_noMiss,b_Intercept,-0.4161043797149837,0.0714517518340509,-0.5580090899301597,-0.41525467302686647,-0.27670105428622993,MNAR,brms,500
y_noMiss,b_light,-0.06863106508314364,0.052035941297010564,-0.17024427072687137,-0.0693558933039839,0.03226874965803287,MNAR,brms,500
y_noMiss,b_discharge,-0.3621242199779156,0.06160934510944014,-0.4837817550952638,-0.36187402518913625,-0.2420686391306918,MNAR,brms,500
y_noMiss,phi,0.17541401423295044,0.058297959435129054,0.0583226424679083,0.1753901714627426,0.2890894142624923,MNAR,brms,500
y_noMiss,sigma,1.0037478334127863,0.042373258489290404,0.9248163193619671,1.001596794681936,1.0921711643849978,MNAR,brms,500
y_noMiss,Intercept,-0.3949584822388941,0.07126411954009555,-0.5354973838312074,-0.3942904122808164,-0.2560573462754376,MNAR,brms,500
