missingprop_autocor,parameter,mean,sd,2.5%,50%,97.5%,missingness,type,run_no
y_noMiss,b_Intercept,1.3946670016408267,0.06790825541003703,1.2601317020209104,1.3945956464874243,1.5289955207856853,MNAR,brms,501
y_noMiss,b_light,-0.4562310871803711,0.05845845358711781,-0.5743944932902667,-0.45593017074439657,-0.34158632279399975,MNAR,brms,501
y_noMiss,b_discharge,-0.728629942958802,0.06059331695248994,-0.8487383672760782,-0.7289313603518854,-0.60802347108142,MNAR,brms,501
y_noMiss,phi,0.1213749357654163,0.05867170032324963,0.007653043283407544,0.12099214089423577,0.23646916154948394,MNAR,brms,501
y_noMiss,sigma,1.0068056922001043,0.042257428867385045,0.92767891173902,1.0054812058682472,1.092869417019495,MNAR,brms,501
y_noMiss,Intercept,1.423859775493293,0.06782396785099772,1.2891811369005532,1.4233888928077902,1.5580378269254807,MNAR,brms,501
