missingprop_autocor,parameter,mean,sd,2.5%,50%,97.5%,missingness,type,run_no
y_noMiss,b_Intercept,-0.3670197861670237,0.09226933222962443,-0.5526673760818966,-0.3676502149662876,-0.18748246310584063,MNAR,brms,502
y_noMiss,b_light,-0.31144959957245505,0.05483864820073859,-0.4176329529667277,-0.3115679589975534,-0.20451039390113857,MNAR,brms,502
y_noMiss,b_discharge,0.11934476251158989,0.05847483659997447,0.0054292544428607165,0.1192532239829085,0.2320912852926336,MNAR,brms,502
y_noMiss,phi,0.3337214148889063,0.05564308602433799,0.22487122906830004,0.33383008197953895,0.44194008609309143,MNAR,brms,502
y_noMiss,sigma,1.0436383254905666,0.04407593272643714,0.9615331643256727,1.0423309196960133,1.1340737589671768,MNAR,brms,502
y_noMiss,Intercept,-0.3948471609423551,0.09218231223774459,-0.580690710834563,-0.3956007939558279,-0.2153513931535142,MNAR,brms,502
