missingprop_autocor,parameter,mean,sd,2.5%,50%,97.5%,missingness,type,run_no
y_noMiss,b_Intercept,-1.600311251141213,0.05928928195491501,-1.720344438607773,-1.6004228642553255,-1.4831236888611505,MNAR,brms,503
y_noMiss,b_light,0.5404141649221765,0.05710648065061124,0.43022902518904044,0.5401425617824323,0.6506113650532196,MNAR,brms,503
y_noMiss,b_discharge,1.6418855907602634,0.05908469260120226,1.5242513496397976,1.641974033028419,1.758481856571703,MNAR,brms,503
y_noMiss,phi,0.020095091566381534,0.0594325043152185,-0.09833526761443055,0.020758703233950272,0.13600969219213332,MNAR,brms,503
y_noMiss,sigma,0.9733594591667712,0.04048172923696676,0.8972213415275131,0.9727061772081704,1.0565430634883228,MNAR,brms,503
y_noMiss,Intercept,-1.7225626761383135,0.05912175354354188,-1.8416092107293753,-1.7228108244005584,-1.6066390390170744,MNAR,brms,503
