missingprop_autocor,parameter,mean,sd,2.5%,50%,97.5%,missingness,type,run_no
y_noMiss,b_Intercept,0.29616327656819125,0.06299153046564193,0.17256098363293207,0.29609780618054615,0.4217326204569213,MNAR,brms,504
y_noMiss,b_light,0.18452298595159858,0.06082728888531565,0.06594958301466135,0.1848212765445599,0.3016987548438272,MNAR,brms,504
y_noMiss,b_discharge,0.6343663990106688,0.05833111570306234,0.51863585985891,0.6352474704669708,0.7469248729168799,MNAR,brms,504
y_noMiss,phi,0.11174615180410816,0.058338290613901514,-6.153647390474112e-4,0.11153826874573108,0.2254237816245226,MNAR,brms,504
y_noMiss,sigma,0.9686793582580182,0.04041264520418175,0.8934599071187276,0.9677442944445156,1.0510250983191205,MNAR,brms,504
y_noMiss,Intercept,0.28433729886768827,0.06295410616218637,0.16115104992045456,0.28429457570121014,0.4097700256278542,MNAR,brms,504
