missingprop_autocor,parameter,mean,sd,2.5%,50%,97.5%,missingness,type,run_no
y_noMiss,b_Intercept,0.6214613119417707,0.14390628189987606,0.3374829087476475,0.6209385372845874,0.9069460836021912,MNAR,brms,505
y_noMiss,b_light,0.652932053693095,0.04850694003539633,0.5565263157186937,0.6529129168330026,0.7484065734967901,MNAR,brms,505
y_noMiss,b_discharge,1.9872097641645412,0.0471689056953062,1.8947242582942052,1.9878935524652683,2.081259236711841,MNAR,brms,505
y_noMiss,phi,0.5934417922754385,0.04866389535898264,0.499725638636921,0.5930912346673809,0.6899521686709117,MNAR,brms,505
y_noMiss,sigma,0.998027844101149,0.04189148706088664,0.9193902751378489,0.9963747493235431,1.0846657751137938,MNAR,brms,505
y_noMiss,Intercept,0.5046453047348968,0.14381600783451104,0.22068959885583816,0.5037657516282594,0.7892818943244443,MNAR,brms,505
