missingprop_autocor,parameter,mean,sd,2.5%,50%,97.5%,missingness,type,run_no
y_noMiss,b_Intercept,-0.12966112816306552,0.08323487497875208,-0.2938978203671277,-0.13056340998647825,0.035317059609764806,MNAR,brms,506
y_noMiss,b_light,-1.0221803046365676,0.05662679053468509,-1.1327127569002673,-1.0225889219061493,-0.9086986237091113,MNAR,brms,506
y_noMiss,b_discharge,-0.27897367548593777,0.06012417451545641,-0.3962719620480958,-0.2791258957926839,-0.16126400735638055,MNAR,brms,506
y_noMiss,phi,0.3021258407382296,0.05697373186621394,0.19008050162074833,0.30209186701878266,0.4143527750385103,MNAR,brms,506
y_noMiss,sigma,0.9915744796937834,0.041451333710228945,0.9149418863864861,0.9899240827566776,1.075580141610965,MNAR,brms,506
y_noMiss,Intercept,-0.12879232533467264,0.08324745565400928,-0.2927980693707887,-0.1296980532653797,0.035932634370097784,MNAR,brms,506
