missingprop_autocor,parameter,mean,sd,2.5%,50%,97.5%,missingness,type,run_no
y_noMiss,b_Intercept,-0.9182018247429686,0.08739008101129536,-1.0896054904369912,-0.9177306867215989,-0.7496522762844143,MNAR,brms,507
y_noMiss,b_light,-0.6099948972479281,0.05952652364426262,-0.7292587491465019,-0.6097216484626911,-0.4942246667936273,MNAR,brms,507
y_noMiss,b_discharge,-0.6532430628407516,0.06394957258346094,-0.7761250659830446,-0.653132826255697,-0.5293313229509679,MNAR,brms,507
y_noMiss,phi,0.2805418453810625,0.057171236336471934,0.16712669934249227,0.28076834516914967,0.39203918345758526,MNAR,brms,507
y_noMiss,sigma,1.0636716640123687,0.04530961817702624,0.9794554705938527,1.0615831348011813,1.1544164872255962,MNAR,brms,507
y_noMiss,Intercept,-0.9736120120528423,0.08725104220256386,-1.14549429751952,-0.9737540747560611,-0.8054001242523878,MNAR,brms,507
