missingprop_autocor,parameter,mean,sd,2.5%,50%,97.5%,missingness,type,run_no
y_noMiss,b_Intercept,-0.4285140667052173,0.06472183236392798,-0.555866968505665,-0.42904920745408914,-0.30127783655658574,MNAR,brms,508
y_noMiss,b_light,0.7289343519565726,0.06120089603195325,0.6084298068841593,0.7285988694135439,0.8503556388104726,MNAR,brms,508
y_noMiss,b_discharge,0.09920102896626089,0.06326695201645186,-0.028128127757249165,0.09992691733006057,0.2229159837791135,MNAR,brms,508
y_noMiss,phi,0.05382185141484509,0.05867558335091368,-0.0615021193807871,0.05419363745738525,0.16681484384964002,MNAR,brms,508
y_noMiss,sigma,1.0525876410260295,0.04419790750924067,0.9705672693360531,1.050874986271812,1.1446248455792076,MNAR,brms,508
y_noMiss,Intercept,-0.42517548463967514,0.06466446279815258,-0.5523609728502912,-0.4259372550990844,-0.2976095119504625,MNAR,brms,508
