missingprop_autocor,parameter,mean,sd,2.5%,50%,97.5%,missingness,type,run_no
y_noMiss,b_Intercept,-0.058766044298069274,0.21617202752686376,-0.4979928947174924,-0.05774551057196488,0.36827322861525946,MNAR,brms,509
y_noMiss,b_light,-1.1574092055489704,0.048374756839165506,-1.249828812577075,-1.1576828106027834,-1.0612836855030159,MNAR,brms,509
y_noMiss,b_discharge,-0.7552474467065544,0.04705270116266613,-0.8484979706470566,-0.7546322070038751,-0.6642753290233131,MNAR,brms,509
y_noMiss,phi,0.7226179208956669,0.04160227540768426,0.6405076287072824,0.7228626013999411,0.8042746613520599,MNAR,brms,509
y_noMiss,sigma,0.9935147526589402,0.0420666940454532,0.9149251404313911,0.9923475895346284,1.0776764909214607,MNAR,brms,509
y_noMiss,Intercept,-0.19094594449679939,0.21611001145777192,-0.6321849849027263,-0.19012419751882648,0.23789590164726482,MNAR,brms,509
