missingprop_autocor,parameter,mean,sd,2.5%,50%,97.5%,missingness,type,run_no
y_noMiss,b_Intercept,-0.5790917566087025,0.06292420711323865,-0.7009401869775369,-0.5791159881600022,-0.45676777054442486,MNAR,brms,50
y_noMiss,b_light,-0.8575532404449526,0.06063776346791962,-0.9755179983180412,-0.8579189159031497,-0.7380803443675042,MNAR,brms,50
y_noMiss,b_discharge,1.018421839328204,0.06417111018785156,0.8943962927268961,1.0178613326132995,1.1436498523249716,MNAR,brms,50
y_noMiss,phi,0.02990385566223764,0.059922265638210015,-0.08847951338644006,0.030386765313811005,0.14850861249789996,MNAR,brms,50
y_noMiss,sigma,1.029650566682588,0.04417712151411544,0.9474613031320046,1.0281401059862456,1.119506808806874,MNAR,brms,50
y_noMiss,Intercept,-0.6790457760511706,0.0625763444997975,-0.8023042542760651,-0.6788331961888003,-0.5576474481046672,MNAR,brms,50
