missingprop_autocor,parameter,mean,sd,2.5%,50%,97.5%,missingness,type,run_no
y_noMiss,b_Intercept,-1.145651763755075,0.09921098428601967,-1.3406961849859003,-1.1463594422274916,-0.9513965956146218,MNAR,brms,510
y_noMiss,b_light,1.5714979098275754,0.050747277532147556,1.4735817479647126,1.5707663004323362,1.6724799091953841,MNAR,brms,510
y_noMiss,b_discharge,-0.09634515074495757,0.05106705617813975,-0.19514823294682127,-0.09672071354198775,0.005068063894408167,MNAR,brms,510
y_noMiss,phi,0.41426015570667885,0.05480632002800635,0.3071523828318901,0.41345864646544983,0.5215964327471683,MNAR,brms,510
y_noMiss,sigma,0.977316292263598,0.040817354219882564,0.9014255820936478,0.9760522974412353,1.0613503881674782,MNAR,brms,510
y_noMiss,Intercept,-1.3786722717189457,0.09910434635214656,-1.5725477203879952,-1.378238862420609,-1.1837963776890557,MNAR,brms,510
