missingprop_autocor,parameter,mean,sd,2.5%,50%,97.5%,missingness,type,run_no
y_noMiss,b_Intercept,0.28726316943774943,0.09062717701854614,0.10839753153841879,0.28805509532459905,0.46434593565174037,MNAR,brms,511
y_noMiss,b_light,1.1319230585055413,0.05716222363455185,1.0198721745402333,1.131738343653982,1.2433615974944658,MNAR,brms,511
y_noMiss,b_discharge,-0.28281361903193314,0.05837521613689906,-0.3976961019277341,-0.2825605861107775,-0.1678022157830877,MNAR,brms,511
y_noMiss,phi,0.3441967538597596,0.05554442720394941,0.23560267191041148,0.34368837592528245,0.45394040905685734,MNAR,brms,511
y_noMiss,sigma,1.004103072239846,0.04189538019432693,0.9255779379663485,1.0027548137082385,1.088588454083016,MNAR,brms,511
y_noMiss,Intercept,0.32867344976986856,0.09059708482032648,0.15123448086243088,0.32947686351336414,0.5056428024657809,MNAR,brms,511
