missingprop_autocor,parameter,mean,sd,2.5%,50%,97.5%,missingness,type,run_no
y_noMiss,b_Intercept,-0.18470284541592236,0.12079899626950244,-0.4222069111902529,-0.1850715529210208,0.05402392230722848,MNAR,brms,512
y_noMiss,b_light,0.6685474542863684,0.05313229744683551,0.563878275219839,0.6690011455792841,0.7695558300566687,MNAR,brms,512
y_noMiss,b_discharge,0.12154835453928453,0.05218106765258452,0.017443144188243526,0.12100954598784325,0.22242715227664864,MNAR,brms,512
y_noMiss,phi,0.4732395653675876,0.05215728887260949,0.36941821691270144,0.47347155384528994,0.5760136642484199,MNAR,brms,512
y_noMiss,sigma,1.0728848526056134,0.04532605192308008,0.9900027324741508,1.0709831468037905,1.1677829456448712,MNAR,brms,512
y_noMiss,Intercept,-0.1784323226057304,0.12077760235164668,-0.41688549679676207,-0.17907656630177374,0.06019408554675667,MNAR,brms,512
