missingprop_autocor,parameter,mean,sd,2.5%,50%,97.5%,missingness,type,run_no
y_noMiss,b_Intercept,-0.29706262196747757,0.13148790584419554,-0.5624511542789802,-0.2966103004141897,-0.03263935692784436,MNAR,brms,513
y_noMiss,b_light,-0.685652549252722,0.04973464193062435,-0.7826362566906149,-0.6857707637531958,-0.5875894321269645,MNAR,brms,513
y_noMiss,b_discharge,1.617246839476112,0.05062199636684162,1.5171641612162978,1.6166187149809195,1.718368113049589,MNAR,brms,513
y_noMiss,phi,0.5640555744607868,0.04899336897463187,0.4693512470930885,0.5645330411573293,0.6618402881804664,MNAR,brms,513
y_noMiss,sigma,0.98650655968808,0.04048415288502156,0.9109948976308693,0.9851216778576014,1.0694409928452149,MNAR,brms,513
y_noMiss,Intercept,-0.23091639705030254,0.13148946694718408,-0.4972061986245699,-0.23041520600313303,0.03345860970345247,MNAR,brms,513
