missingprop_autocor,parameter,mean,sd,2.5%,50%,97.5%,missingness,type,run_no
y_noMiss,b_Intercept,-0.8109843133515651,0.20900359465297214,-1.2300811099856364,-0.8091931650631714,-0.41439908709632134,MNAR,brms,514
y_noMiss,b_light,-2.808166784641941,0.046617361789865495,-2.9000423011080203,-2.8081832898332655,-2.7191895428208963,MNAR,brms,514
y_noMiss,b_discharge,-0.7257199809514072,0.04746126500147198,-0.8199819885785292,-0.7258993579622894,-0.632851230647133,MNAR,brms,514
y_noMiss,phi,0.7162943167640463,0.042139049210996864,0.6335923678152143,0.7162869703350767,0.7979175166801847,MNAR,brms,514
y_noMiss,sigma,0.9893284424941977,0.04103537741048579,0.9145780401097433,0.987204841609409,1.074966803796604,MNAR,brms,514
y_noMiss,Intercept,-1.1330030471183732,0.20893837061351941,-1.5536568037813276,-1.130499951944858,-0.7364589082995429,MNAR,brms,514
