missingprop_autocor,parameter,mean,sd,2.5%,50%,97.5%,missingness,type,run_no
y_noMiss,b_Intercept,-0.9452460422420571,0.13700868351669007,-1.2194451478858728,-0.9445953096906872,-0.683378520273952,MNAR,brms,515
y_noMiss,b_light,0.3421746930031762,0.0528867208726175,0.23829428922149987,0.34301508116649304,0.4439861318765659,MNAR,brms,515
y_noMiss,b_discharge,0.5670849390890067,0.052371097199869585,0.4645820163069665,0.5673240540771021,0.6692592222518016,MNAR,brms,515
y_noMiss,phi,0.5671059666786518,0.04819352137699092,0.4733625090141361,0.56643084566124835,0.6633731485177565,MNAR,brms,515
y_noMiss,sigma,1.001078889530094,0.04196863087982933,0.9232904389494447,0.9996204222223024,1.0873084322959887,MNAR,brms,515
y_noMiss,Intercept,-0.9795078488830061,0.1369448354475857,-1.252838216263541,-0.9789366073628105,-0.7154730933334832,MNAR,brms,515
