missingprop_autocor,parameter,mean,sd,2.5%,50%,97.5%,missingness,type,run_no
y_noMiss,b_Intercept,0.28055876428841675,0.13249285369608024,0.023376613828845455,0.2801910003867883,0.5404984230053059,MNAR,brms,516
y_noMiss,b_light,-0.40777561681878827,0.05290244230537542,-0.5098731383330669,-0.4080550003257085,-0.3033293898339959,MNAR,brms,516
y_noMiss,b_discharge,-0.07232435815830661,0.05184970538863376,-0.1763379293013971,-0.07092901959126457,0.02912614753723688,MNAR,brms,516
y_noMiss,phi,0.5431671730547528,0.048488369248190624,0.44952917851659174,0.5430689968773867,0.6398868705847132,MNAR,brms,516
y_noMiss,sigma,1.0161503458561165,0.04227918757676621,0.938105692475905,1.0146453321113438,1.1040647059820863,MNAR,brms,516
y_noMiss,Intercept,0.2448463429526545,0.13228368911929947,-0.012890816235304667,0.24455629178286714,0.5075854680540846,MNAR,brms,516
