missingprop_autocor,parameter,mean,sd,2.5%,50%,97.5%,missingness,type,run_no
y_noMiss,b_Intercept,0.5143884678080868,0.06881066417883874,0.3773034172428199,0.5139987803660313,0.649913074697736,MNAR,brms,517
y_noMiss,b_light,1.2010972487114129,0.055645266163344476,1.0913371482670773,1.2017099525843542,1.3090637389844508,MNAR,brms,517
y_noMiss,b_discharge,-0.06363065512367055,0.053925030172456825,-0.16776117688527992,-0.0641995814359609,0.042782021935474486,MNAR,brms,517
y_noMiss,phi,0.19551977221032626,0.057745271376315035,0.0829430840904964,0.19453270994425928,0.30907378108423017,MNAR,brms,517
y_noMiss,sigma,0.9373634262908971,0.03888260799189623,0.8649119052611398,0.936050154843709,1.0184866639300971,MNAR,brms,517
y_noMiss,Intercept,0.5348254064513737,0.06861423178974731,0.3990193048833367,0.5342638763792318,0.672138026933173,MNAR,brms,517
