missingprop_autocor,parameter,mean,sd,2.5%,50%,97.5%,missingness,type,run_no
y_noMiss,b_Intercept,-0.06965450284151685,0.15373387466668514,-0.3702122231107698,-0.07206276959310795,0.23240126968323824,MNAR,brms,518
y_noMiss,b_light,-0.4178930665031352,0.05235009871639148,-0.5210705246580943,-0.41838243125494234,-0.3152140681825607,MNAR,brms,518
y_noMiss,b_discharge,-0.5388920328611773,0.05141674052087421,-0.6395307844517916,-0.5387533289131603,-0.43702027772943614,MNAR,brms,518
y_noMiss,phi,0.5856121471199333,0.049358506432636035,0.4895265580760843,0.5860368284102616,0.6810081037533505,MNAR,brms,518
y_noMiss,sigma,1.0648995214627164,0.045602732962629074,0.9810533870713232,1.0631544680076226,1.157074846280779,MNAR,brms,518
y_noMiss,Intercept,-0.03412302953636764,0.15364885870721146,-0.33399853283582964,-0.036171532529020584,0.2674995601534728,MNAR,brms,518
