missingprop_autocor,parameter,mean,sd,2.5%,50%,97.5%,missingness,type,run_no
y_noMiss,b_Intercept,2.0793414155610686,0.11275459466805618,1.854870605503187,2.0809144493663156,2.3040188622603686,MNAR,brms,519
y_noMiss,b_light,0.03205746098183425,0.05689156803798674,-0.07976989676604597,0.031929054706086785,0.14420635619381902,MNAR,brms,519
y_noMiss,b_discharge,0.5808511954252418,0.04735982686119302,0.48641569442228,0.5807435135421838,0.6730646120162365,MNAR,brms,519
y_noMiss,phi,0.47500613083469845,0.05186234024703607,0.3721237645088863,0.4753351777529103,0.5780854958406586,MNAR,brms,519
y_noMiss,sigma,1.0095111595046475,0.04259714548628311,0.9296651139836787,1.0074567582830747,1.099099641292826,MNAR,brms,519
y_noMiss,Intercept,2.0436977315897527,0.11266375261334408,1.8210962592340272,2.0446388086709746,2.2691601776897787,MNAR,brms,519
