missingprop_autocor,parameter,mean,sd,2.5%,50%,97.5%,missingness,type,run_no
y_noMiss,b_Intercept,-0.1603737283542137,0.1704621960851217,-0.4984262869321284,-0.158531835033318,0.17112558683884355,MNAR,brms,51
y_noMiss,b_light,0.4098711846671267,0.05112305301368446,0.3103616672010705,0.4100069811668452,0.5105073160635711,MNAR,brms,51
y_noMiss,b_discharge,1.7241424829965997,0.055726117790068926,1.615963303770159,1.723627510131848,1.833556097168878,MNAR,brms,51
y_noMiss,phi,0.6358036849110914,0.04758109608179747,0.5431705835489041,0.6355369135983691,0.7286585945643318,MNAR,brms,51
y_noMiss,sigma,1.0426530740648692,0.044164984616688024,0.9594604201154361,1.041407711932224,1.1346638442937145,MNAR,brms,51
y_noMiss,Intercept,-0.0054673655239128385,0.1703786171657521,-0.3425343132318618,-0.0027345488968582724,0.32507048878454337,MNAR,brms,51
