missingprop_autocor,parameter,mean,sd,2.5%,50%,97.5%,missingness,type,run_no
y_noMiss,b_Intercept,-2.1617948159607874,0.07452736913646398,-2.3082306213890567,-2.1615417617913586,-2.015458811769734,MNAR,brms,520
y_noMiss,b_light,-2.1047672877240684,0.05497614629556292,-2.211793260207873,-2.1051357769272827,-1.9965538856560041,MNAR,brms,520
y_noMiss,b_discharge,0.7176679379764037,0.06005371045572461,0.5999547136674124,0.71778886834213,0.8345622056411794,MNAR,brms,520
y_noMiss,phi,0.20449308651073653,0.05903488892357413,0.09172122968269827,0.2044517636249781,0.32068984171776177,MNAR,brms,520
y_noMiss,sigma,1.0218802290673077,0.04275546836211748,0.9422627188650927,1.020217301573744,1.1088932655895696,MNAR,brms,520
y_noMiss,Intercept,-1.9687954896801936,0.07451089196717273,-2.11573069041354,-1.968539487826575,-1.8221343797818201,MNAR,brms,520
