missingprop_autocor,parameter,mean,sd,2.5%,50%,97.5%,missingness,type,run_no
y_noMiss,b_Intercept,1.2237122550687598,0.08120887304300788,1.0641579381186592,1.2229269358455408,1.3873727325451224,MNAR,brms,521
y_noMiss,b_light,-0.44195039409634795,0.04958107869536054,-0.5380963868962766,-0.4417274552809576,-0.34566697716744127,MNAR,brms,521
y_noMiss,b_discharge,0.29971860936778605,0.04883839922355083,0.2045257966978621,0.2993344738173694,0.39723529642031563,MNAR,brms,521
y_noMiss,phi,0.2997985418208905,0.05694475040396125,0.1869427293743837,0.29934583467680637,0.4096359771276788,MNAR,brms,521
y_noMiss,sigma,0.96572277353827,0.039852233343421584,0.8910839864418764,0.9647917548644046,1.0474247191917079,MNAR,brms,521
y_noMiss,Intercept,1.2192486188878675,0.08114176619062789,1.0597064196747437,1.2187921218111173,1.3824535985201563,MNAR,brms,521
