missingprop_autocor,parameter,mean,sd,2.5%,50%,97.5%,missingness,type,run_no
y_noMiss,b_Intercept,-0.4405633176911206,0.09216095274027679,-0.6234383931144958,-0.44016430179314203,-0.26257889972969306,MNAR,brms,522
y_noMiss,b_light,-2.531613004906227,0.055376314540641694,-2.6393129888203277,-2.5322602095996736,-2.4230779140612335,MNAR,brms,522
y_noMiss,b_discharge,0.28711704008830347,0.05453717677699844,0.17977201756855096,0.2877186307005489,0.39104431171799314,MNAR,brms,522
y_noMiss,phi,0.3599203034355273,0.055718047979833776,0.24930640126563108,0.3597223778103795,0.4660294235742595,MNAR,brms,522
y_noMiss,sigma,0.9896366437337085,0.04092837369179696,0.9137560005419729,0.9879284856419221,1.0735032168130383,MNAR,brms,522
y_noMiss,Intercept,-0.5284983278253034,0.09198806995501085,-0.7116402598936749,-0.5280066156001628,-0.35107983211636873,MNAR,brms,522
