missingprop_autocor,parameter,mean,sd,2.5%,50%,97.5%,missingness,type,run_no
y_noMiss,b_Intercept,2.322780765071894,0.062289332611012264,2.2015505289631565,2.3219289332924835,2.4470384824670743,MNAR,brms,523
y_noMiss,b_light,0.9349171452362562,0.06374491651423905,0.8113651230556044,0.9344405852550958,1.0592260036052301,MNAR,brms,523
y_noMiss,b_discharge,1.5671158864775652,0.06430406605488455,1.4404319119261308,1.5673111036522802,1.6913503808579295,MNAR,brms,523
y_noMiss,phi,0.02804122927316934,0.059094336859026084,-0.08748479753612015,0.0274661616783941,0.14233347488342826,MNAR,brms,523
y_noMiss,sigma,1.0372377777601653,0.04330873020007955,0.956443080944889,1.0359696228276682,1.1269881990800814,MNAR,brms,523
y_noMiss,Intercept,2.326842620693971,0.06230371173400258,2.2056681876695197,2.325965746331268,2.4508134006493014,MNAR,brms,523
