missingprop_autocor,parameter,mean,sd,2.5%,50%,97.5%,missingness,type,run_no
y_noMiss,b_Intercept,1.3811641142106486,0.07156501105284457,1.2432286356664952,1.3806857324570312,1.5217081231802034,MNAR,brms,524
y_noMiss,b_light,-0.7202456367022723,0.05169300968706742,-0.8210826087973001,-0.720525714124078,-0.6187278183842985,MNAR,brms,524
y_noMiss,b_discharge,0.5491040102019406,0.05634655655316629,0.4385208917113272,0.5490639744402643,0.6587481754874656,MNAR,brms,524
y_noMiss,phi,0.1999339599012321,0.05802166031216,0.08491443457818566,0.2003281061669642,0.3130052183227475,MNAR,brms,524
y_noMiss,sigma,0.9651826166114078,0.03965811027689235,0.890032219842173,0.9634467749157528,1.0473809198257538,MNAR,brms,524
y_noMiss,Intercept,1.3861364721024578,0.07156390907155216,1.2481731303144656,1.3857249907084173,1.5269429956034328,MNAR,brms,524
