missingprop_autocor,parameter,mean,sd,2.5%,50%,97.5%,missingness,type,run_no
y_noMiss,b_Intercept,1.0995716524436872,0.06918901455292606,0.962887491687895,1.098883180361672,1.2330338703847867,MNAR,brms,525
y_noMiss,b_light,0.1552996354105022,0.05085773974907589,0.055417143258161494,0.15511403010137126,0.2534637233425456,MNAR,brms,525
y_noMiss,b_discharge,1.0650883254515675,0.05503952172985484,0.9547869448240406,1.0651150181991476,1.173242169198633,MNAR,brms,525
y_noMiss,phi,0.20506024370059908,0.057573001937140385,0.09023855548499445,0.20502497740330022,0.31844933610622606,MNAR,brms,525
y_noMiss,sigma,0.9435734858575682,0.03905029420320643,0.8703331337486262,0.9421028562009707,1.0230653006537778,MNAR,brms,525
y_noMiss,Intercept,1.0574780230198502,0.06913406830071903,0.9215201479000765,1.0570868106138942,1.1916686439108917,MNAR,brms,525
