missingprop_autocor,parameter,mean,sd,2.5%,50%,97.5%,missingness,type,run_no
y_noMiss,b_Intercept,1.1453040438615145,0.1890014905508491,0.7667660364421325,1.1435570054201458,1.5211664376920009,MNAR,brms,526
y_noMiss,b_light,-0.8736985923172019,0.05312352380658655,-0.9815814035586765,-0.8729830885850967,-0.7687438905705207,MNAR,brms,526
y_noMiss,b_discharge,0.06849630666909685,0.05065783318490525,-0.029191197692236798,0.06766494581664619,0.1682909636537499,MNAR,brms,526
y_noMiss,phi,0.6720847861089396,0.04384806050399366,0.5861670887504006,0.6722663121229793,0.7569761266940135,MNAR,brms,526
y_noMiss,sigma,1.0692029934556957,0.04515424043714707,0.9853040501143918,1.0682440000257394,1.1611968237764492,MNAR,brms,526
y_noMiss,Intercept,1.2119318595654742,0.18891536284847468,0.8330344846868577,1.2101786956367877,1.589810267771047,MNAR,brms,526
