missingprop_autocor,parameter,mean,sd,2.5%,50%,97.5%,missingness,type,run_no
y_noMiss,b_Intercept,0.6304137086330881,0.0646577083398857,0.5041027926651934,0.6303072081047851,0.7553580118655108,MNAR,brms,527
y_noMiss,b_light,0.0015159476935150066,0.06461079304839272,-0.12633679809456705,0.0013530606798913265,0.12934108189629656,MNAR,brms,527
y_noMiss,b_discharge,-0.010709254498261387,0.06523794498822924,-0.13697169876653245,-0.010789531953608416,0.11887826195366712,MNAR,brms,527
y_noMiss,phi,0.03068177972309001,0.059800914180219066,-0.08488513799390038,0.03098528351183907,0.1475533120484999,MNAR,brms,527
y_noMiss,sigma,1.0642592807226106,0.045366778738145694,0.9794222130577757,1.0628680740591445,1.1585428940176306,MNAR,brms,527
y_noMiss,Intercept,0.6290238461831158,0.06413578240257915,0.5040491008168377,0.6289530392579743,0.7548976187902646,MNAR,brms,527
