missingprop_autocor,parameter,mean,sd,2.5%,50%,97.5%,missingness,type,run_no
y_noMiss,b_Intercept,0.5771667121805667,0.10521492709758086,0.37119062047385165,0.5771034298207578,0.7822858354427478,MNAR,brms,528
y_noMiss,b_light,1.3195228469532647,0.055333045507404845,1.208670820763488,1.3192461768942383,1.4291743064958466,MNAR,brms,528
y_noMiss,b_discharge,-0.27078776389922743,0.05864068612661703,-0.388121394759461,-0.27126054465147065,-0.1574200748465178,MNAR,brms,528
y_noMiss,phi,0.41738592287173165,0.05378889048255938,0.311689406922285,0.4170773021458315,0.5222502211141229,MNAR,brms,528
y_noMiss,sigma,1.0328929676220744,0.04273732760791675,0.9528897927411373,1.031569144129005,1.1207584623469822,MNAR,brms,528
y_noMiss,Intercept,0.6037807488552385,0.10524729968590298,0.3978310128526344,0.6041766756889295,0.8082489838463991,MNAR,brms,528
