missingprop_autocor,parameter,mean,sd,2.5%,50%,97.5%,missingness,type,run_no
y_noMiss,b_Intercept,0.016291060229370654,0.1741811182691972,-0.32501478068219697,0.01692312689039273,0.3667133621837395,MNAR,brms,529
y_noMiss,b_light,1.4156433544576965,0.0534696408857781,1.312358742019957,1.4151782432489757,1.5212794192211323,MNAR,brms,529
y_noMiss,b_discharge,0.4984009863262696,0.05262996020703883,0.3940535021750717,0.4980935398135938,0.6000048411662668,MNAR,brms,529
y_noMiss,phi,0.6400895116191502,0.04613993004827388,0.5478329064289389,0.640419645316196,0.7298319380025451,MNAR,brms,529
y_noMiss,sigma,1.050111392532601,0.04554620121115696,0.9652472839712235,1.0480960983460321,1.143177659622767,MNAR,brms,529
y_noMiss,Intercept,-0.16478809342958453,0.17398177524928574,-0.5050046378940276,-0.16433703450823423,0.1850775962631254,MNAR,brms,529
