missingprop_autocor,parameter,mean,sd,2.5%,50%,97.5%,missingness,type,run_no
y_noMiss,b_Intercept,-0.4059004106301627,0.12345797902628636,-0.6508526998238099,-0.404373095947753,-0.16402687574157443,MNAR,brms,52
y_noMiss,b_light,-1.2232198832149357,0.05121733493660055,-1.3247864574899861,-1.2231567487649015,-1.1233200728191008,MNAR,brms,52
y_noMiss,b_discharge,-0.049215142876047634,0.05165229636512671,-0.150891231488567,-0.04943424808555983,0.0517672897538659,MNAR,brms,52
y_noMiss,phi,0.5402101485351027,0.05036531778794251,0.44145353083458555,0.540795530672908,0.6383283391604706,MNAR,brms,52
y_noMiss,sigma,0.9697012882055601,0.041226239855289226,0.8928368789342931,0.9682557268776306,1.0547529906500221,MNAR,brms,52
y_noMiss,Intercept,-0.4439302832514116,0.12349024445939527,-0.6884223717895211,-0.44247320823022823,-0.20084862686478355,MNAR,brms,52
