missingprop_autocor,parameter,mean,sd,2.5%,50%,97.5%,missingness,type,run_no
y_noMiss,b_Intercept,-0.21608370811656755,0.2753673806343737,-0.7474041832172916,-0.22047289151727267,0.3343375462709804,MNAR,brms,530
y_noMiss,b_light,-0.44963140514793354,0.04579811624609933,-0.5385656074654466,-0.4497961917434523,-0.35768916057822037,MNAR,brms,530
y_noMiss,b_discharge,2.2346009895541457,0.04967519994618665,2.1365906899087763,2.2350913617828763,2.330444142270221,MNAR,brms,530
y_noMiss,phi,0.7813516845916102,0.036964653595849925,0.7086253608747106,0.7808180958666007,0.8548378279653921,MNAR,brms,530
y_noMiss,sigma,1.0285195561100846,0.0429323852312364,0.9493359712711882,1.0266202640153064,1.1172579301879804,MNAR,brms,530
y_noMiss,Intercept,-0.32701775941016525,0.27533064430596366,-0.8584840507456782,-0.3318278701233737,0.2225048177149191,MNAR,brms,530
