missingprop_autocor,parameter,mean,sd,2.5%,50%,97.5%,missingness,type,run_no
y_noMiss,b_Intercept,1.996352277644237,0.07697865220230786,1.8465062175951357,1.9961882229971348,2.1445134865653146,MNAR,brms,531
y_noMiss,b_light,-0.10155861808515987,0.05689219648197466,-0.21230543557759723,-0.10217727250338726,0.010511558047948528,MNAR,brms,531
y_noMiss,b_discharge,-0.18941893941169766,0.05343595070313792,-0.2948049922472649,-0.18931860905872666,-0.08514765208102483,MNAR,brms,531
y_noMiss,phi,0.26719521673491003,0.058308506152843165,0.15340236476878003,0.26734058911508934,0.38038925090057296,MNAR,brms,531
y_noMiss,sigma,0.9512232888409122,0.03935306682998324,0.8791557021909518,0.9501824306515487,1.0333011886002033,MNAR,brms,531
y_noMiss,Intercept,1.9938913682719563,0.07696451263549346,1.844102607158585,1.9942322326040594,2.1423073648357724,MNAR,brms,531
