missingprop_autocor,parameter,mean,sd,2.5%,50%,97.5%,missingness,type,run_no
y_noMiss,b_Intercept,0.34915408634708217,0.15787244501726924,0.04269995169204669,0.34918250643322857,0.6598286610792262,MNAR,brms,532
y_noMiss,b_light,-0.9886212063287317,0.049607330674113555,-1.0876024244916482,-0.9884199434471329,-0.8902522338568017,MNAR,brms,532
y_noMiss,b_discharge,-2.66130596962956,0.04714872050526684,-2.753729868163675,-2.661119380076353,-2.569056765081972,MNAR,brms,532
y_noMiss,phi,0.6129281324217786,0.04771757344755573,0.5193567106345731,0.6135397528358715,0.7064164339258192,MNAR,brms,532
y_noMiss,sigma,1.0292258481217613,0.042936455287415014,0.9504047559211664,1.028101062663585,1.1183924580307225,MNAR,brms,532
y_noMiss,Intercept,0.4089739546726575,0.15793683280703208,0.10299018272379483,0.40917675762904626,0.717667611101622,MNAR,brms,532
