missingprop_autocor,parameter,mean,sd,2.5%,50%,97.5%,missingness,type,run_no
y_noMiss,b_Intercept,-0.006407740973070034,0.08346382928171578,-0.16981092932162978,-0.005413029359805845,0.15880269238880917,MNAR,brms,533
y_noMiss,b_light,-0.4513721358604346,0.0640506727851013,-0.577444649228344,-0.45208304625116413,-0.3242071529492795,MNAR,brms,533
y_noMiss,b_discharge,0.7986874639495617,0.06101296259051796,0.6793025579417881,0.7985228872193675,0.9177562197326916,MNAR,brms,533
y_noMiss,phi,0.28368640178159943,0.05828365238477251,0.16780275480471418,0.2833839811342985,0.3991972285030327,MNAR,brms,533
y_noMiss,sigma,1.0256925559004137,0.04340343103456311,0.9435106845020673,1.0241129713027415,1.1137445014871057,MNAR,brms,533
y_noMiss,Intercept,-0.12415673908050508,0.08337333949477892,-0.288685015959739,-0.12339044359462406,0.04071956526128007,MNAR,brms,533
