missingprop_autocor,parameter,mean,sd,2.5%,50%,97.5%,missingness,type,run_no
y_noMiss,b_Intercept,1.1335048429172885,0.06572888845941968,1.0057585940722236,1.1326685027298695,1.2647571311900145,MNAR,brms,534
y_noMiss,b_light,-0.4825708206524205,0.06010407017148002,-0.5983639388995068,-0.482585218592013,-0.3650583886805931,MNAR,brms,534
y_noMiss,b_discharge,-0.128990029848082,0.06478998820377624,-0.25690736707966627,-0.12855690573405287,-0.005476683759341053,MNAR,brms,534
y_noMiss,phi,0.06852977096446862,0.060310889735739885,-0.04855525139456878,0.06869441948331566,0.18546321347181172,MNAR,brms,534
y_noMiss,sigma,1.0288187857731268,0.04325892530151014,0.949368596404628,1.0265146254647899,1.1181267452542372,MNAR,brms,534
y_noMiss,Intercept,1.1741013267452496,0.06549048389552398,1.046053669457821,1.1734116371502694,1.3047808544830126,MNAR,brms,534
