missingprop_autocor,parameter,mean,sd,2.5%,50%,97.5%,missingness,type,run_no
y_noMiss,b_Intercept,-1.66719922106795,0.11806698962599817,-1.8980124794712832,-1.668636724583748,-1.4300200855934175,MNAR,brms,535
y_noMiss,b_light,0.8129839109745282,0.05533700836320098,0.7048214071349057,0.8136368356168937,0.922224673505182,MNAR,brms,535
y_noMiss,b_discharge,-0.9735658859549862,0.05308302602152385,-1.0783114070291349,-0.9731761258537177,-0.8686993799212702,MNAR,brms,535
y_noMiss,phi,0.5012335255499658,0.05215735572692198,0.39893150152954243,0.5011230952994817,0.6045118693607759,MNAR,brms,535
y_noMiss,sigma,0.9781379297209581,0.041071637037682955,0.9011937737257347,0.976843616739586,1.062246149129763,MNAR,brms,535
y_noMiss,Intercept,-1.4814382173394307,0.11765264276864525,-1.7105450250777876,-1.4820791664071171,-1.2471280582129458,MNAR,brms,535
