missingprop_autocor,parameter,mean,sd,2.5%,50%,97.5%,missingness,type,run_no
y_noMiss,b_Intercept,-0.550026179071872,0.08380732701368261,-0.7159917397749386,-0.5508598522594403,-0.3849463212491978,MNAR,brms,536
y_noMiss,b_light,0.12330951781994545,0.057555458865553105,0.010230515894800141,0.1229609931706791,0.2369388489007006,MNAR,brms,536
y_noMiss,b_discharge,0.8950219104732712,0.05996327796760341,0.7771510273573553,0.8940664208548035,1.0132396042026492,MNAR,brms,536
y_noMiss,phi,0.27378567409058846,0.05675062696325094,0.16211864050928437,0.2738994277401444,0.38567432427370324,MNAR,brms,536
y_noMiss,sigma,1.0299713496102483,0.044000644639591434,0.9487912635326705,1.0285095009818774,1.1222783659388484,MNAR,brms,536
y_noMiss,Intercept,-0.5822647234440342,0.08376287684587727,-0.747597778808971,-0.5829454263529374,-0.4166288055840955,MNAR,brms,536
