missingprop_autocor,parameter,mean,sd,2.5%,50%,97.5%,missingness,type,run_no
y_noMiss,b_Intercept,-0.0024240894631585804,0.2917502720840996,-0.5852076491672149,-0.0012759171702334746,0.5672963355051662,MNAR,brms,537
y_noMiss,b_light,0.17561966151348393,0.048569768038019795,0.07753500205117479,0.1758709794856071,0.271416326093106,MNAR,brms,537
y_noMiss,b_discharge,1.0258847032795417,0.052209764081793134,0.9228255078886161,1.0255558390841517,1.1302291381138314,MNAR,brms,537
y_noMiss,phi,0.791508970265546,0.03641007242854843,0.7205718576841605,0.7911425402612633,0.8631889400058097,MNAR,brms,537
y_noMiss,sigma,1.0353577332100357,0.04331117597028668,0.9558770577359095,1.033811039422684,1.124651917423215,MNAR,brms,537
y_noMiss,Intercept,0.08169255192897161,0.2915242753130107,-0.5011516343270962,0.08216474839124882,0.6495487279571621,MNAR,brms,537
