missingprop_autocor,parameter,mean,sd,2.5%,50%,97.5%,missingness,type,run_no
y_noMiss,b_Intercept,0.6523807078110608,0.18388769367012303,0.28402363979866824,0.6540005904123336,1.0114919432958112,MNAR,brms,538
y_noMiss,b_light,-0.6374609965950455,0.05017511911328088,-0.73805359401526,-0.6369634989391151,-0.5398031751226833,MNAR,brms,538
y_noMiss,b_discharge,1.188340116795092,0.05180352460969338,1.087103016439567,1.1892008478119407,1.2881660039667187,MNAR,brms,538
y_noMiss,phi,0.6510603741468873,0.04602643087806416,0.5612120880459119,0.6506842177719274,0.7398447113513682,MNAR,brms,538
y_noMiss,sigma,1.070503403817866,0.04386816502649736,0.9890168176023983,1.069093033077716,1.1598037325681911,MNAR,brms,538
y_noMiss,Intercept,0.606704159506435,0.18378248740350606,0.23740419768988136,0.6077940651394937,0.9660226174337171,MNAR,brms,538
