missingprop_autocor,parameter,mean,sd,2.5%,50%,97.5%,missingness,type,run_no
y_noMiss,b_Intercept,0.6913949363704368,0.0738944998914464,0.5480532914304408,0.6910344090370434,0.8367778468150666,MNAR,brms,539
y_noMiss,b_light,0.769933638017214,0.05692128992154082,0.6567200304311848,0.7708533308808645,0.8819708987986292,MNAR,brms,539
y_noMiss,b_discharge,-0.2627110057335389,0.057265100521868416,-0.3745454465251983,-0.26358354113665383,-0.15163581003810936,MNAR,brms,539
y_noMiss,phi,0.21115616143088473,0.05964338777314924,0.09349700881741788,0.21171111736564255,0.32792152235456834,MNAR,brms,539
y_noMiss,sigma,0.9960884619821434,0.04159477117026946,0.9189209158766161,0.9948113006032981,1.0794314472114486,MNAR,brms,539
y_noMiss,Intercept,0.7309340222069669,0.0738495889851084,0.5878006126163681,0.7305405423737078,0.8758073958400969,MNAR,brms,539
