missingprop_autocor,parameter,mean,sd,2.5%,50%,97.5%,missingness,type,run_no
y_noMiss,b_Intercept,-1.8249152134408368,0.07758686826468732,-1.975132116259112,-1.8241671291682917,-1.672292128719659,MNAR,brms,53
y_noMiss,b_light,-0.3979797098483046,0.061827210287560753,-0.5184853642858344,-0.3983498974184828,-0.27395568186280045,MNAR,brms,53
y_noMiss,b_discharge,1.8287128493715081,0.06359552512237425,1.7048604015525881,1.8285199483282644,1.9535432388341711,MNAR,brms,53
y_noMiss,phi,0.23172520381774772,0.058553323917570316,0.11791214817492394,0.23197364659883116,0.34470252670000434,MNAR,brms,53
y_noMiss,sigma,1.0019158475259893,0.04207250742959121,0.922466188497047,1.0006092016636043,1.0876461760581606,MNAR,brms,53
y_noMiss,Intercept,-1.7271322161256155,0.07747926727843434,-1.878913672967016,-1.7269322303768047,-1.575121841396172,MNAR,brms,53
