missingprop_autocor,parameter,mean,sd,2.5%,50%,97.5%,missingness,type,run_no
y_noMiss,b_Intercept,-0.7102805180570099,0.1612306675262119,-1.024793909322576,-0.709250446174539,-0.38691407703266906,MNAR,brms,540
y_noMiss,b_light,-2.885872185926776,0.047345674063110986,-2.9779326886611734,-2.8858884039351262,-2.7930410497629,MNAR,brms,540
y_noMiss,b_discharge,3.290026034265589,0.046794906258519654,3.1970041096068984,3.290211304852675,3.3825000682722712,MNAR,brms,540
y_noMiss,phi,0.6586034648676171,0.044967324598315234,0.5698827094768527,0.6583250461926429,0.7482632124027727,MNAR,brms,540
y_noMiss,sigma,0.9440209343331359,0.040038390968725995,0.8700249543663799,0.9429305647224608,1.0250740402520155,MNAR,brms,540
y_noMiss,Intercept,-0.23888363104884197,0.16117372402757046,-0.5534042163680801,-0.23844542581116962,0.08539303736048269,MNAR,brms,540
