missingprop_autocor,parameter,mean,sd,2.5%,50%,97.5%,missingness,type,run_no
y_noMiss,b_Intercept,-1.8506787074079754,0.09181534016347702,-2.0326284273645463,-1.8492678918104406,-1.6718127135177323,MNAR,brms,541
y_noMiss,b_light,-0.2282548778225847,0.05825834125674059,-0.3423281474943447,-0.22779058748419112,-0.11228483745578774,MNAR,brms,541
y_noMiss,b_discharge,0.9854970236685239,0.053532897013066,0.8811343928887678,0.9854349364974426,1.0914643954666887,MNAR,brms,541
y_noMiss,phi,0.3730544780996437,0.055678451325651725,0.2650972998332115,0.37290368884615266,0.48197950416972557,MNAR,brms,541
y_noMiss,sigma,0.9811500570594421,0.04096285606056798,0.9052837541241876,0.9797749510341551,1.0642648629978686,MNAR,brms,541
y_noMiss,Intercept,-1.9417018132958235,0.09170162397657267,-2.123872571423889,-1.9403692090067166,-1.7641121064741492,MNAR,brms,541
