missingprop_autocor,parameter,mean,sd,2.5%,50%,97.5%,missingness,type,run_no
y_noMiss,b_Intercept,0.6180753684474227,0.07102327985787868,0.47775706361188286,0.6191905559980603,0.7550820093468625,MNAR,brms,542
y_noMiss,b_light,-0.06597626284521123,0.06206098923654497,-0.18862219690677148,-0.06570876196071204,0.054111200647094605,MNAR,brms,542
y_noMiss,b_discharge,-1.2595507398394714,0.058739757480422684,-1.3751136265573565,-1.2597661322719906,-1.1439910099270227,MNAR,brms,542
y_noMiss,phi,0.1607725849016222,0.05889933305347689,0.04454221590190145,0.16081024678934888,0.27588764777872804,MNAR,brms,542
y_noMiss,sigma,1.023840043532273,0.042374881436295087,0.9442452483822439,1.022498628234528,1.1101491413075726,MNAR,brms,542
y_noMiss,Intercept,0.5574606354313427,0.07074390099673186,0.418000203726959,0.5583350678343815,0.6945246284466035,MNAR,brms,542
