missingprop_autocor,parameter,mean,sd,2.5%,50%,97.5%,missingness,type,run_no
y_noMiss,b_Intercept,-2.3060939488897376,0.1496211490442807,-2.6020658904824083,-2.303865474599396,-2.0104227747663646,MNAR,brms,543
y_noMiss,b_light,-1.3967528322302498,0.04956876325748986,-1.49455796435664,-1.3973605824336397,-1.2988870803583925,MNAR,brms,543
y_noMiss,b_discharge,0.2557961168601648,0.053222427947926275,0.1509710793615486,0.25595271402775366,0.35978307544660254,MNAR,brms,543
y_noMiss,phi,0.5979447720444664,0.04852682058832924,0.5010044986435206,0.5977832104180203,0.6932296583588893,MNAR,brms,543
y_noMiss,sigma,0.9778242221399555,0.04118181630924151,0.8997367584369649,0.9763662498131764,1.0625485205445173,MNAR,brms,543
y_noMiss,Intercept,-2.5417684599413835,0.14922375504109267,-2.8356868580527683,-2.540509912367068,-2.246121492436546,MNAR,brms,543
