missingprop_autocor,parameter,mean,sd,2.5%,50%,97.5%,missingness,type,run_no
y_noMiss,b_Intercept,0.09572576117617536,0.06178574832239161,-0.023542956474894645,0.09553741599738191,0.21827053917663602,MNAR,brms,544
y_noMiss,b_light,-0.23156091750510494,0.05885018266672901,-0.3484128612194223,-0.23128548448698338,-0.1179587230955506,MNAR,brms,544
y_noMiss,b_discharge,-0.04166354014436646,0.05878927848749315,-0.15787261681084674,-0.04176640976441176,0.07481217619694792,MNAR,brms,544
y_noMiss,phi,0.07243415236974599,0.05935857283591102,-0.04214303819494238,0.07298659459238972,0.1873234607833328,MNAR,brms,544
y_noMiss,sigma,0.9671963873822147,0.0405590578563966,0.8918255681771309,0.9659856861249247,1.0516409118442474,MNAR,brms,544
y_noMiss,Intercept,0.08826894722616412,0.061751823588435235,-0.03186656346594306,0.08825516009412729,0.2113315250397778,MNAR,brms,544
