missingprop_autocor,parameter,mean,sd,2.5%,50%,97.5%,missingness,type,run_no
y_noMiss,b_Intercept,0.4331752449782048,0.07577997854388753,0.28350294645620006,0.4328603382463894,0.5811856890301279,MNAR,brms,545
y_noMiss,b_light,0.2817164077233265,0.06520895172852091,0.1552547060683564,0.28119896049494797,0.4104001571539334,MNAR,brms,545
y_noMiss,b_discharge,0.39932878757422646,0.05915318477688975,0.2830574598689043,0.39891111927255885,0.5173783482847578,MNAR,brms,545
y_noMiss,phi,0.17557288795453585,0.0591659471668872,0.058967275053909134,0.17519717542106317,0.29152855811746975,MNAR,brms,545
y_noMiss,sigma,1.0419938929760113,0.0437115877281072,0.9601847037264393,1.0406677612738333,1.1325531765249757,MNAR,brms,545
y_noMiss,Intercept,0.4544383297956633,0.07576077844022021,0.3054646973764405,0.4545491772321145,0.6029874880761203,MNAR,brms,545
