missingprop_autocor,parameter,mean,sd,2.5%,50%,97.5%,missingness,type,run_no
y_noMiss,b_Intercept,1.0294398248978531,0.08301429975414495,0.8680474481946281,1.0297473055626667,1.1965491617319506,MNAR,brms,546
y_noMiss,b_light,-0.15980072563255923,0.06383939559586221,-0.2865678940415187,-0.15925926664839193,-0.03591172670827109,MNAR,brms,546
y_noMiss,b_discharge,-0.8097270295435256,0.05744690487453931,-0.9232952067744397,-0.80964137363399,-0.6977440370424086,MNAR,brms,546
y_noMiss,phi,0.2834431521060116,0.0577880865758297,0.17016862859430976,0.2840634039072056,0.39682893529640434,MNAR,brms,546
y_noMiss,sigma,1.022093630880281,0.0425888811128857,0.9421273975028998,1.0208328957381294,1.1081405073896442,MNAR,brms,546
y_noMiss,Intercept,0.9898255074893887,0.08295516043255252,0.828788969905627,0.9901491160673802,1.1565808344752384,MNAR,brms,546
