missingprop_autocor,parameter,mean,sd,2.5%,50%,97.5%,missingness,type,run_no
y_noMiss,b_Intercept,0.6582246672216893,0.14388313604338232,0.3680951003814176,0.659255573687781,0.9415346588642832,MNAR,brms,547
y_noMiss,b_light,-0.893275177557582,0.050528758538561244,-0.9928935297147732,-0.8932654791256176,-0.7974715073311125,MNAR,brms,547
y_noMiss,b_discharge,0.25786315124661396,0.04787648647978799,0.16462023554278743,0.25821672541492463,0.3519417325603563,MNAR,brms,547
y_noMiss,phi,0.6081943619532973,0.04650690885637792,0.5160873294855505,0.608130054941759,0.6996362104100918,MNAR,brms,547
y_noMiss,sigma,0.9559037879471931,0.0399618458220948,0.8805378642587814,0.955073303568441,1.037849973729291,MNAR,brms,547
y_noMiss,Intercept,0.6823613506690119,0.14390932816242213,0.3931691945963835,0.6833520186916542,0.9663939541906974,MNAR,brms,547
