missingprop_autocor,parameter,mean,sd,2.5%,50%,97.5%,missingness,type,run_no
y_noMiss,b_Intercept,0.5477227680082963,0.09135569482628055,0.36282460945185535,0.548202646668178,0.7254421629231643,MNAR,brms,548
y_noMiss,b_light,0.6525038818460261,0.05989955804870036,0.5360494127526463,0.6527159246818169,0.7712877442363789,MNAR,brms,548
y_noMiss,b_discharge,0.3982554533692375,0.070856864194823,0.25850065852457055,0.3987815744343523,0.5362808707945029,MNAR,brms,548
y_noMiss,phi,0.3008913152550968,0.05712136026035808,0.18825110855752616,0.30079190231460723,0.41425400736143225,MNAR,brms,548
y_noMiss,sigma,1.07444473013816,0.044706003769845855,0.9920186395792043,1.0725362821518327,1.1672194787197951,MNAR,brms,548
y_noMiss,Intercept,0.5367168741002275,0.09110423561883411,0.3514179928473602,0.5373653600424187,0.7146030189067121,MNAR,brms,548
