missingprop_autocor,parameter,mean,sd,2.5%,50%,97.5%,missingness,type,run_no
y_noMiss,b_Intercept,0.24585507205759724,0.07964631173589401,0.08573072946910422,0.24668845161009442,0.39693856480670087,MNAR,brms,549
y_noMiss,b_light,-0.4200735508038595,0.055066294716903864,-0.5312986684113016,-0.41965483427324424,-0.31158425782805027,MNAR,brms,549
y_noMiss,b_discharge,0.926484045788018,0.05090005018307771,0.8257017110461032,0.9269975367419498,1.025690774757573,MNAR,brms,549
y_noMiss,phi,0.26836072170884895,0.057088547678752335,0.15813902659404389,0.2680409146318732,0.38265000258657117,MNAR,brms,549
y_noMiss,sigma,0.9842245510071683,0.0415538548507038,0.9089522582086806,0.9831595366884854,1.0694969509721954,MNAR,brms,549
y_noMiss,Intercept,0.3167915502211553,0.07949111423631443,0.1570384047142238,0.3177460331882741,0.4683499337321776,MNAR,brms,549
