missingprop_autocor,parameter,mean,sd,2.5%,50%,97.5%,missingness,type,run_no
y_noMiss,b_Intercept,-1.5929705741224063,0.0702838269384141,-1.7310357424018965,-1.5938600522962836,-1.456307537617603,MNAR,brms,54
y_noMiss,b_light,2.37623342971169,0.04971294761563961,2.279342452013781,2.3760587471469554,2.473029846289153,MNAR,brms,54
y_noMiss,b_discharge,-0.6509226653220425,0.05758492530197033,-0.76339092336175,-0.651280607849188,-0.5386060428916993,MNAR,brms,54
y_noMiss,phi,0.22290159678845475,0.057645461451618786,0.11037273263917151,0.2226993264307759,0.33533128057126055,MNAR,brms,54
y_noMiss,sigma,0.9125927144659327,0.037831494411825546,0.842014639843072,0.9109673104062013,0.9897354061945122,MNAR,brms,54
y_noMiss,Intercept,-1.6456361663500183,0.07003920736520734,-1.784416427274143,-1.646317988601898,-1.510101273808901,MNAR,brms,54
