missingprop_autocor,parameter,mean,sd,2.5%,50%,97.5%,missingness,type,run_no
y_noMiss,b_Intercept,-1.0757289852679723,0.06230628288677372,-1.1958266452858075,-1.0764180944249135,-0.9526047090202386,MNAR,brms,550
y_noMiss,b_light,-0.2203205422370952,0.06032594428966723,-0.33979074132913617,-0.2198483863209958,-0.10350347586236193,MNAR,brms,550
y_noMiss,b_discharge,1.6604363660931254,0.06424118187533433,1.5351157878129396,1.6612841135203942,1.7879449106066163,MNAR,brms,550
y_noMiss,phi,0.018168031087805986,0.060717147713846585,-0.10380417492356418,0.01856888567614453,0.1374943544227478,MNAR,brms,550
y_noMiss,sigma,1.0205756923126332,0.04312919664626622,0.9393290574184068,1.0196195146733018,1.1074412010821615,MNAR,brms,550
y_noMiss,Intercept,-1.1811019523470885,0.06209391516426561,-1.300502737937974,-1.18218580484727,-1.0593522790209642,MNAR,brms,550
