missingprop_autocor,parameter,mean,sd,2.5%,50%,97.5%,missingness,type,run_no
y_noMiss,b_Intercept,-0.938460172955174,0.14234602511355954,-1.2179548822521924,-0.9393611734742247,-0.6596275372082866,MNAR,brms,551
y_noMiss,b_light,-0.19288330170212326,0.054332433247547676,-0.2996075806671232,-0.19315653537036478,-0.08617375698066256,MNAR,brms,551
y_noMiss,b_discharge,-0.9693430129179824,0.04956291967150564,-1.0665984255849812,-0.9691667775641404,-0.8735333499754422,MNAR,brms,551
y_noMiss,phi,0.5603671295873219,0.049650108599607806,0.4610876341588143,0.5604583145510412,0.6596455811596154,MNAR,brms,551
y_noMiss,sigma,1.0497819446224261,0.043233361896547806,0.9687781704660245,1.048484962952575,1.1403218885770245,MNAR,brms,551
y_noMiss,Intercept,-1.0295237889059912,0.14237041181112195,-1.3091501780657178,-1.0307133109301718,-0.7502496047983173,MNAR,brms,551
