missingprop_autocor,parameter,mean,sd,2.5%,50%,97.5%,missingness,type,run_no
y_noMiss,b_Intercept,0.922833313683001,0.12193158326955555,0.6830336221154855,0.9226745810736625,1.1633143576036953,MNAR,brms,552
y_noMiss,b_light,0.3127051367362914,0.05393970837365715,0.20468736298408188,0.3127738309691541,0.41740188696790936,MNAR,brms,552
y_noMiss,b_discharge,-1.711940519389641,0.05201583733468912,-1.8132398706753183,-1.7118443106580858,-1.6093990762092276,MNAR,brms,552
y_noMiss,phi,0.5019401977491098,0.05208002018427429,0.39945999961991835,0.5011958697657832,0.6045507550075532,MNAR,brms,552
y_noMiss,sigma,1.009443452878308,0.04197713996402359,0.9305271614949822,1.0078840573559775,1.0963144995036749,MNAR,brms,552
y_noMiss,Intercept,0.9819809415877393,0.12196850744657185,0.7430034271899976,0.98171978638361,1.2219616979253691,MNAR,brms,552
