missingprop_autocor,parameter,mean,sd,2.5%,50%,97.5%,missingness,type,run_no
y_noMiss,b_Intercept,-0.35103662441913663,0.095016489593387,-0.5387931917660757,-0.35094075099541444,-0.163591174565685,MNAR,brms,553
y_noMiss,b_light,1.6625926033838248,0.05184675898613281,1.560293336362978,1.6629371817217173,1.7640291787804974,MNAR,brms,553
y_noMiss,b_discharge,-2.1336663653893577,0.04959684973954388,-2.229429737905059,-2.133351854939743,-2.036382221179049,MNAR,brms,553
y_noMiss,phi,0.388157018303235,0.056281278802247765,0.27724614253559676,0.3876753234319922,0.49629347974789634,MNAR,brms,553
y_noMiss,sigma,0.9747006725663385,0.04038624160378355,0.8998117591211978,0.9733271752583166,1.0588673421808918,MNAR,brms,553
y_noMiss,Intercept,-0.45480267498393884,0.09497953187390135,-0.6428553914274308,-0.4541527538029381,-0.2678398651362767,MNAR,brms,553
