missingprop_autocor,parameter,mean,sd,2.5%,50%,97.5%,missingness,type,run_no
y_noMiss,b_Intercept,-0.9747327885174351,0.14456293744214005,-1.2554393638320476,-0.9719169775670546,-0.6949268073088481,MNAR,brms,554
y_noMiss,b_light,-0.4280402198140526,0.05499496100987545,-0.5362065598632879,-0.4281385979262917,-0.3225591904404082,MNAR,brms,554
y_noMiss,b_discharge,-0.3848506797208478,0.04829474801736752,-0.47976785509294806,-0.38481279768577026,-0.28882889618241975,MNAR,brms,554
y_noMiss,phi,0.5889152533054451,0.048298733191109715,0.49540992216516944,0.589575923448558,0.6845257265880961,MNAR,brms,554
y_noMiss,sigma,1.0131726969194095,0.04252957754521295,0.9338836972050988,1.0119628938629064,1.098612300347458,MNAR,brms,554
y_noMiss,Intercept,-0.973316394819445,0.14456614748518934,-1.2534798973449657,-0.9702910888474323,-0.693981584339006,MNAR,brms,554
