missingprop_autocor,parameter,mean,sd,2.5%,50%,97.5%,missingness,type,run_no
y_noMiss,b_Intercept,0.6584596004213482,0.06301176162255563,0.5312457222971998,0.6590233970962448,0.7800808532818071,MNAR,brms,555
y_noMiss,b_light,0.2570387895667872,0.05776674484459991,0.14375876753363795,0.25683954641674467,0.3719282261982329,MNAR,brms,555
y_noMiss,b_discharge,0.7213935019801796,0.061867710720691756,0.6013064718715547,0.7215857537944523,0.8429121892409186,MNAR,brms,555
y_noMiss,phi,0.057832664967054505,0.05916052645065345,-0.05898845874925724,0.05815563837205993,0.1745508207105788,MNAR,brms,555
y_noMiss,sigma,1.024795953716472,0.043104365973609934,0.9447179447200902,1.0240830465502708,1.1138262883748848,MNAR,brms,555
y_noMiss,Intercept,0.6653027556765639,0.0629660198059103,0.5382456824101031,0.6658456309975659,0.7869962131105621,MNAR,brms,555
