missingprop_autocor,parameter,mean,sd,2.5%,50%,97.5%,missingness,type,run_no
y_noMiss,b_Intercept,1.85785403215549,0.05367204583441526,1.7542974547203627,1.8574266191128648,1.9611483861027164,MNAR,brms,556
y_noMiss,b_light,-1.3699326739572217,0.05944761881835052,-1.487948153147532,-1.3701754194073343,-1.2524160039802674,MNAR,brms,556
y_noMiss,b_discharge,-0.47281411004007406,0.05203476322530172,-0.574071398117606,-0.4723768186868417,-0.37052214027306535,MNAR,brms,556
y_noMiss,phi,-0.041221176035251404,0.05936742883564387,-0.15940476089883715,-0.0412083744340595,0.07254807674355408,MNAR,brms,556
y_noMiss,sigma,0.9271537448092401,0.038134240064072504,0.8562104956719206,0.9256333555564411,1.0080276998275477,MNAR,brms,556
y_noMiss,Intercept,1.9076144593463285,0.05352456679820407,1.8048257456075398,1.9071897415965613,2.010656511722017,MNAR,brms,556
