missingprop_autocor,parameter,mean,sd,2.5%,50%,97.5%,missingness,type,run_no
y_noMiss,b_Intercept,1.1133292308817604,0.10833115389551203,0.8971196614797788,1.1147706649084346,1.3242012906886158,MNAR,brms,557
y_noMiss,b_light,-0.7746866158923265,0.05006706424437164,-0.8727417125885764,-0.774904582498996,-0.677332353228312,MNAR,brms,557
y_noMiss,b_discharge,0.3530344694488375,0.04861158169405369,0.25770761759008687,0.35252886141794504,0.4494700722534521,MNAR,brms,557
y_noMiss,phi,0.45983064197971607,0.05222085048503302,0.3575622794666334,0.4589677305852449,0.5645211137139526,MNAR,brms,557
y_noMiss,sigma,0.9848480920272976,0.04117298834806162,0.9090722645346087,0.9833663859347677,1.0682380806132739,MNAR,brms,557
y_noMiss,Intercept,1.0659592927282735,0.10833175131641958,0.8490826030507419,1.0675765169438718,1.2775155401450993,MNAR,brms,557
