missingprop_autocor,parameter,mean,sd,2.5%,50%,97.5%,missingness,type,run_no
y_noMiss,b_Intercept,-0.10757372703602272,0.06838334500608063,-0.24444916290504104,-0.10760063423312732,0.029285149633568666,MNAR,brms,558
y_noMiss,b_light,-1.5924639656966382,0.05452084262151177,-1.7001353454967445,-1.5922900320110813,-1.48687164880381,MNAR,brms,558
y_noMiss,b_discharge,1.131370365434255,0.054456557863049336,1.025777363593866,1.1315581044096337,1.2381460532765303,MNAR,brms,558
y_noMiss,phi,0.1776866148195933,0.05908157886597689,0.06149374600290656,0.1777972842352491,0.29631647766775643,MNAR,brms,558
y_noMiss,sigma,0.9524026255029823,0.04028185765199414,0.8770029213185718,0.9511914260604106,1.036359185914436,MNAR,brms,558
y_noMiss,Intercept,-0.037817661771760554,0.06832396963584292,-0.17393513073956815,-0.03774893487346908,0.09847701281202091,MNAR,brms,558
