missingprop_autocor,parameter,mean,sd,2.5%,50%,97.5%,missingness,type,run_no
y_noMiss,b_Intercept,-1.543402743100316,0.06159824335078948,-1.6672891477095442,-1.5430456318897598,-1.4227124283011419,MNAR,brms,559
y_noMiss,b_light,0.49548445078566383,0.05737565271669077,0.3840581838167699,0.4954681064009529,0.6073041163049021,MNAR,brms,559
y_noMiss,b_discharge,1.4483643705372617,0.05873443147809256,1.3336293179468526,1.4486652968426124,1.5644978169320252,MNAR,brms,559
y_noMiss,phi,0.049694766159681554,0.05964923301202322,-0.06630128617319646,0.050766115820437115,0.1655228581406087,MNAR,brms,559
y_noMiss,sigma,0.9811044346425382,0.04172521320755532,0.9050078666690369,0.9788858686841864,1.0672477553773219,MNAR,brms,559
y_noMiss,Intercept,-1.668564517170834,0.06116203770679798,-1.7903987398253107,-1.668665781082845,-1.5482189198121037,MNAR,brms,559
