missingprop_autocor,parameter,mean,sd,2.5%,50%,97.5%,missingness,type,run_no
y_noMiss,b_Intercept,0.21031499152108965,0.09698436329863586,0.018766585029996292,0.20862349004024067,0.4057841861486937,MNAR,brms,55
y_noMiss,b_light,1.5003897843449658,0.05668978750607723,1.3900361640682797,1.5000918045708613,1.6129689602761692,MNAR,brms,55
y_noMiss,b_discharge,-0.2947308319349201,0.06130879503515341,-0.41472276819300274,-0.2941765199894117,-0.1775317975550401,MNAR,brms,55
y_noMiss,phi,0.3700693339813446,0.05491275960378477,0.26439016660917053,0.3701655462984823,0.4773363165752442,MNAR,brms,55
y_noMiss,sigma,1.0464475646532956,0.04362347891624632,0.9661570021456943,1.0449913724242275,1.1370552679004282,MNAR,brms,55
y_noMiss,Intercept,0.25120887674007597,0.0970033094737174,0.05845754066864256,0.2496984526492122,0.4463981825011461,MNAR,brms,55
