missingprop_autocor,parameter,mean,sd,2.5%,50%,97.5%,missingness,type,run_no
y_noMiss,b_Intercept,1.6718770851098845,0.1497661755455014,1.3758394498925914,1.6722441521221136,1.9620332566270942,MNAR,brms,560
y_noMiss,b_light,-0.38892554977856364,0.052990465856648905,-0.4929000569217352,-0.3884371253953241,-0.2850438603509274,MNAR,brms,560
y_noMiss,b_discharge,-0.9313205460054115,0.05770651406401136,-1.0469965087634137,-0.9310707389767301,-0.8184283367871342,MNAR,brms,560
y_noMiss,phi,0.5541943558489821,0.04897219029848975,0.45880493544440437,0.5542883712255217,0.6516203488864833,MNAR,brms,560
y_noMiss,sigma,1.0979494560760772,0.04556665722013759,1.0125372762933325,1.0961246666877908,1.1919110365529766,MNAR,brms,560
y_noMiss,Intercept,1.6374615440190718,0.14955733633157695,1.3411144114724864,1.6379859756988697,1.9290460640969997,MNAR,brms,560
