missingprop_autocor,parameter,mean,sd,2.5%,50%,97.5%,missingness,type,run_no
y_noMiss,b_Intercept,0.3618873957342473,0.12841362501496842,0.11009283742389742,0.36310269038010934,0.608982247569851,MNAR,brms,561
y_noMiss,b_light,-1.1386990711409424,0.050788328961197664,-1.2362811687983393,-1.138654461105716,-1.040175819877649,MNAR,brms,561
y_noMiss,b_discharge,-2.152220085159323,0.04647438371963826,-2.244033455019182,-2.152467366876407,-2.061996849865005,MNAR,brms,561
y_noMiss,phi,0.5687616618748336,0.04929190424633502,0.4715027109351817,0.5682275524899288,0.6671048547761484,MNAR,brms,561
y_noMiss,sigma,0.9432002045163015,0.03982196316808107,0.8694155585133894,0.9420113524786313,1.0230460428234458,MNAR,brms,561
y_noMiss,Intercept,0.3929079318800862,0.12838582933857423,0.141084112920279,0.3936505738280056,0.6393917278249556,MNAR,brms,561
