missingprop_autocor,parameter,mean,sd,2.5%,50%,97.5%,missingness,type,run_no
y_noMiss,b_Intercept,-0.14356781399483176,0.07240223215527927,-0.28431825435106073,-0.14332274635691095,-0.004714057959537534,MNAR,brms,562
y_noMiss,b_light,-0.665217405370519,0.05886500269734849,-0.7817826663286415,-0.6661936019559991,-0.5511452667263337,MNAR,brms,562
y_noMiss,b_discharge,0.339774335429783,0.06591255580335816,0.2117808580876356,0.3399535079099725,0.4670639064399979,MNAR,brms,562
y_noMiss,phi,0.15415250812188167,0.05774155829851099,0.040191883512588934,0.15524888126636507,0.2663812779054065,MNAR,brms,562
y_noMiss,sigma,1.0616803470623581,0.04474720749785897,0.9763187170804926,1.0602885643983542,1.1550463143531748,MNAR,brms,562
y_noMiss,Intercept,-0.1749764963937269,0.07228794715706979,-0.31476410469146027,-0.17512412548738043,-0.036146882419918404,MNAR,brms,562
