missingprop_autocor,parameter,mean,sd,2.5%,50%,97.5%,missingness,type,run_no
y_noMiss,b_Intercept,-0.1456145527908272,0.06299602837223216,-0.2713058818916518,-0.14626161815033056,-0.019009666204632413,MNAR,brms,563
y_noMiss,b_light,-1.2547912979660656,0.059057280626521214,-1.3705904290806623,-1.2548496124705493,-1.138548131402595,MNAR,brms,563
y_noMiss,b_discharge,-0.6614980194278413,0.05723253497608873,-0.7724588278038393,-0.6611308267039856,-0.5478829014191281,MNAR,brms,563
y_noMiss,phi,0.08166466422899075,0.05889303571943182,-0.03474961615538367,0.08218624709294675,0.19753802283908556,MNAR,brms,563
y_noMiss,sigma,0.961380075060076,0.0399953554199353,0.8870939322868446,0.9599394949130264,1.0446420789820663,MNAR,brms,563
y_noMiss,Intercept,-0.19474416207495546,0.06294885737689578,-0.32001594031620556,-0.19531980185095088,-0.06790263484211836,MNAR,brms,563
