missingprop_autocor,parameter,mean,sd,2.5%,50%,97.5%,missingness,type,run_no
y_noMiss,b_Intercept,-1.0174719481930705,0.19986432701209852,-1.4058750267596987,-1.017923042774993,-0.619670637824464,MNAR,brms,564
y_noMiss,b_light,1.0429620806506044,0.04938087824129189,0.946195492809507,1.0432353789356643,1.1419684851022605,MNAR,brms,564
y_noMiss,b_discharge,1.420491600420598,0.04432292370802582,1.3338490040788065,1.4204796619751083,1.5051529123836822,MNAR,brms,564
y_noMiss,phi,0.7140595368718557,0.04167873231131272,0.6330649716646695,0.7139610361998223,0.7950293475911998,MNAR,brms,564
y_noMiss,sigma,0.9588135030427771,0.04023621282816541,0.8842607786755325,0.9577670102962887,1.0419684338332675,MNAR,brms,564
y_noMiss,Intercept,-1.0432550462628811,0.19983594268099408,-1.4321919482644612,-1.0437200936905757,-0.6460954987052343,MNAR,brms,564
