missingprop_autocor,parameter,mean,sd,2.5%,50%,97.5%,missingness,type,run_no
y_noMiss,b_Intercept,-1.4196520842233809,0.2213354986584289,-1.8827034580191042,-1.41560544678588,-0.9916306430512571,MNAR,brms,565
y_noMiss,b_light,0.3385895665012092,0.0482988038015665,0.24384884501604245,0.3385304625654032,0.4329644320697798,MNAR,brms,565
y_noMiss,b_discharge,0.4743571167202074,0.04920122981985597,0.37771398279427887,0.47416904461280673,0.5721771721418885,MNAR,brms,565
y_noMiss,phi,0.7293042848963661,0.041565121741696964,0.6475456675704678,0.729457586130752,0.8107271664516656,MNAR,brms,565
y_noMiss,sigma,0.9984937952846725,0.04204249746004375,0.9194931823578274,0.9973572107009265,1.0854173484577316,MNAR,brms,565
y_noMiss,Intercept,-1.3518462758269507,0.22124602671299023,-1.8139272910448558,-1.3472306229817026,-0.9243762038848446,MNAR,brms,565
