missingprop_autocor,parameter,mean,sd,2.5%,50%,97.5%,missingness,type,run_no
y_noMiss,b_Intercept,1.45121467690746,0.0767656744238459,1.3019004216608479,1.4516472440737909,1.6010152036726384,MNAR,brms,566
y_noMiss,b_light,1.5443083127679111,0.056984504515751606,1.433100984143634,1.5434183068199379,1.6550292921527807,MNAR,brms,566
y_noMiss,b_discharge,0.4385145938069668,0.05881361899481288,0.3242923332160733,0.43836119062222256,0.5557116411646879,MNAR,brms,566
y_noMiss,phi,0.24214565071434765,0.05765975411251337,0.12924699799236458,0.24212324311830502,0.3551783283511597,MNAR,brms,566
y_noMiss,sigma,0.9860820220327181,0.04150342913912223,0.9084255358264219,0.985105536222632,1.0695467844662783,MNAR,brms,566
y_noMiss,Intercept,1.4217211217791066,0.07655502096801965,1.2730980541058703,1.4215385177248225,1.5712106726848463,MNAR,brms,566
