missingprop_autocor,parameter,mean,sd,2.5%,50%,97.5%,missingness,type,run_no
y_noMiss,b_Intercept,1.9535136977058376,0.08216281839361914,1.79460506857814,1.952935786457206,2.114532990800993,MNAR,brms,567
y_noMiss,b_light,0.2658427864021177,0.06534858960123081,0.13815775000981556,0.2659481747854786,0.39565179784816845,MNAR,brms,567
y_noMiss,b_discharge,0.8992305621001885,0.05718983265934118,0.7880004005320205,0.8993279436216152,1.012740606515222,MNAR,brms,567
y_noMiss,phi,0.24288746666244546,0.057930254492021854,0.1286591109840741,0.24329035284383221,0.3562379770340358,MNAR,brms,567
y_noMiss,sigma,1.0514515986180262,0.04297800602088092,0.9711379489079642,1.0497856236381164,1.1407286535841261,MNAR,brms,567
y_noMiss,Intercept,2.0262197178947523,0.08210237675794922,1.8677939963924801,2.0259538980647944,2.1876429328105247,MNAR,brms,567
