missingprop_autocor,parameter,mean,sd,2.5%,50%,97.5%,missingness,type,run_no
y_noMiss,b_Intercept,-0.6416718983612537,0.1871370662580889,-1.0057791456515357,-0.6440850142213707,-0.2659658776126693,MNAR,brms,568
y_noMiss,b_light,-1.0936178530510847,0.0479774158000156,-1.1884882149945892,-1.0934865491036925,-0.9996527203391793,MNAR,brms,568
y_noMiss,b_discharge,-0.7242037605192015,0.044726716359861377,-0.8136206689657689,-0.7239566399501951,-0.637948522677173,MNAR,brms,568
y_noMiss,phi,0.6726640656474523,0.0452197213414611,0.5845659955113771,0.6721134402482223,0.7628076663095259,MNAR,brms,568
y_noMiss,sigma,1.0187289969719084,0.04281202084693542,0.9393796142709459,1.0166599793279596,1.10845840926005,MNAR,brms,568
y_noMiss,Intercept,-0.5507383466181481,0.18711109089906083,-0.9136959032947418,-0.5533711467543649,-0.17485430646793632,MNAR,brms,568
