missingprop_autocor,parameter,mean,sd,2.5%,50%,97.5%,missingness,type,run_no
y_noMiss,b_Intercept,0.33004660571830097,0.18874321023996785,-0.051172556807535234,0.3317732977193255,0.6939013390958012,MNAR,brms,569
y_noMiss,b_light,0.055082499339274636,0.05164482049915143,-0.04585262004773797,0.05519698620025167,0.1574992203140666,MNAR,brms,569
y_noMiss,b_discharge,0.3031028190969847,0.04709365143242037,0.2110680183837085,0.30320345611193794,0.39567231613597026,MNAR,brms,569
y_noMiss,phi,0.68388698943565,0.04315132832627001,0.6005385298350047,0.6834500657377796,0.7689515529827153,MNAR,brms,569
y_noMiss,sigma,1.017258919723515,0.042421197050008276,0.9383206318972896,1.0158969451734436,1.1061455583754867,MNAR,brms,569
y_noMiss,Intercept,0.35102292118155487,0.18861596790789448,-0.030342719114004796,0.3535772317555004,0.7148691102842871,MNAR,brms,569
