missingprop_autocor,parameter,mean,sd,2.5%,50%,97.5%,missingness,type,run_no
y_noMiss,b_Intercept,1.1820140763164915,0.05303593156381623,1.0799039632653684,1.1815967995106729,1.2871770683932888,MNAR,brms,56
y_noMiss,b_light,0.967827727830484,0.057891887095399344,0.8548637829281184,0.9679765206224795,1.0818236765370703,MNAR,brms,56
y_noMiss,b_discharge,1.0719491216917842,0.05704800416383488,0.9592032291732506,1.0721610737307499,1.1821988080900268,MNAR,brms,56
y_noMiss,phi,-0.0592057263779972,0.05790683986573723,-0.17150137078669794,-0.058806640168949084,0.0559710651255362,MNAR,brms,56
y_noMiss,sigma,0.9654225305513114,0.040597919484756176,0.8894641218284571,0.9637247328489,1.0490042260841308,MNAR,brms,56
y_noMiss,Intercept,1.0407405615154255,0.05253197255019404,0.9381260654871009,1.0400506623730277,1.1445133033897066,MNAR,brms,56
