missingprop_autocor,parameter,mean,sd,2.5%,50%,97.5%,missingness,type,run_no
y_noMiss,b_Intercept,-0.5407480842338195,0.06890143867624127,-0.67844956306611,-0.5404557241049066,-0.4028161620063459,MNAR,brms,570
y_noMiss,b_light,1.5328705342884696,0.06330902793558167,1.4097520232795437,1.5333096542196807,1.6566679159593052,MNAR,brms,570
y_noMiss,b_discharge,1.7836272195710048,0.06074960882165205,1.6644163168341026,1.7846009276707961,1.9006920075257374,MNAR,brms,570
y_noMiss,phi,0.13544244701826894,0.058471984474536276,0.022733398301916608,0.13538725759615292,0.2510984580874188,MNAR,brms,570
y_noMiss,sigma,1.0224005913467846,0.04265649477303002,0.9435915206108262,1.0206968387038091,1.1098042950938396,MNAR,brms,570
y_noMiss,Intercept,-0.23621450856542892,0.06833781242088408,-0.371317634180562,-0.23581830362610573,-0.10118953971489748,MNAR,brms,570
