missingprop_autocor,parameter,mean,sd,2.5%,50%,97.5%,missingness,type,run_no
y_noMiss,b_Intercept,0.9240035627890507,0.15392425087428888,0.6241085875957494,0.924167423492006,1.2300743591398497,MNAR,brms,571
y_noMiss,b_light,0.04154776458477197,0.04794092627926771,-0.053578470184218574,0.04178755983401123,0.13438318783753483,MNAR,brms,571
y_noMiss,b_discharge,1.448356368179086,0.04893337310708294,1.3526537633997788,1.4487060852362124,1.5432572204548982,MNAR,brms,571
y_noMiss,phi,0.6321664492893292,0.046110111566319834,0.5413880356227119,0.632531871124679,0.722033519869074,MNAR,brms,571
y_noMiss,sigma,0.9539202506781448,0.040116612353473906,0.8793199440141133,0.9525715586140162,1.0368224433714404,MNAR,brms,571
y_noMiss,Intercept,0.8913609310279916,0.1538987651396537,0.5924087352122593,0.8912004404149931,1.1972324700153538,MNAR,brms,571
