missingprop_autocor,parameter,mean,sd,2.5%,50%,97.5%,missingness,type,run_no
y_noMiss,b_Intercept,0.28893147069681846,0.11265903502805152,0.07226239563726056,0.28789845989472085,0.5108750977521695,MNAR,brms,572
y_noMiss,b_light,0.4935568850671939,0.051244057335930404,0.39236156978563486,0.49358460637803525,0.5937480116390086,MNAR,brms,572
y_noMiss,b_discharge,0.8489841908507001,0.050453257027830406,0.749561275668176,0.8487427463960966,0.9489295303353718,MNAR,brms,572
y_noMiss,phi,0.48383778116864756,0.05183934967134081,0.3808104987151002,0.48420630177006596,0.5857816728653716,MNAR,brms,572
y_noMiss,sigma,0.9906399659636702,0.041262518784292095,0.9136344692217654,0.9899122268791404,1.0740635228268824,MNAR,brms,572
y_noMiss,Intercept,0.26456932442377284,0.112671695924166,0.047745282539638056,0.2635887260957468,0.48693797014801643,MNAR,brms,572
