missingprop_autocor,parameter,mean,sd,2.5%,50%,97.5%,missingness,type,run_no
y_noMiss,b_Intercept,0.6370400783269908,0.11590654501817295,0.4098515876511848,0.6373896968939883,0.8605941763547557,MNAR,brms,573
y_noMiss,b_light,0.5683261414219136,0.0600403644083481,0.45134724966242074,0.5678161393803429,0.6868254382628747,MNAR,brms,573
y_noMiss,b_discharge,1.104331879409856,0.059482068380838526,0.9883451324353978,1.104816871066574,1.219407344687114,MNAR,brms,573
y_noMiss,phi,0.44564733088206376,0.05343093247631325,0.34179841056675664,0.4454356797435016,0.5511006169531546,MNAR,brms,573
y_noMiss,sigma,1.0757471417294358,0.045266278823820526,0.9904716451495714,1.0742398488187939,1.1683369559624448,MNAR,brms,573
y_noMiss,Intercept,0.6182244610560377,0.11591309823716628,0.39162819740744353,0.6188916268855762,0.8424873914076694,MNAR,brms,573
