missingprop_autocor,parameter,mean,sd,2.5%,50%,97.5%,missingness,type,run_no
y_noMiss,b_Intercept,0.9082262103205303,0.14333815937281028,0.620619375471493,0.9101692743250515,1.1890660011377079,MNAR,brms,574
y_noMiss,b_light,-0.408826742788437,0.054895414242405995,-0.5162944211836126,-0.40914283140892893,-0.2999952983175418,MNAR,brms,574
y_noMiss,b_discharge,1.6782485893165064,0.051424108930602314,1.576652769251299,1.6781776995930422,1.7802262900793486,MNAR,brms,574
y_noMiss,phi,0.5720192801644416,0.04940817665420539,0.4742884044423279,0.5725853393073078,0.668550739578273,MNAR,brms,574
y_noMiss,sigma,1.0399421667380973,0.04277168829075707,0.9596053537818611,1.0382011685697738,1.1260049305546693,MNAR,brms,574
y_noMiss,Intercept,0.8595178014976356,0.14332163203788367,0.5714284661947021,0.8612984658879435,1.1406240693515786,MNAR,brms,574
