missingprop_autocor,parameter,mean,sd,2.5%,50%,97.5%,missingness,type,run_no
y_noMiss,b_Intercept,1.2597688501591044,0.15970089564536505,0.9417959308254297,1.261039365658478,1.5790331368963222,MNAR,brms,575
y_noMiss,b_light,-0.8765458557107135,0.05351433074640837,-0.9819386634248152,-0.8759882360426527,-0.770766061278147,MNAR,brms,575
y_noMiss,b_discharge,0.9975814258306873,0.05230811596218549,0.894583474840295,0.9977118752332863,1.1005110687589446,MNAR,brms,575
y_noMiss,phi,0.6200158872900506,0.04740150731798406,0.5289719670025197,0.6195270158612554,0.7123700251596501,MNAR,brms,575
y_noMiss,sigma,1.023982990122084,0.04277264731199644,0.9438036950403181,1.0221178259413262,1.1131828122897014,MNAR,brms,575
y_noMiss,Intercept,1.349328753158894,0.15957337441051733,1.0335405211755235,1.350977699150052,1.6698566768407503,MNAR,brms,575
