missingprop_autocor,parameter,mean,sd,2.5%,50%,97.5%,missingness,type,run_no
y_noMiss,b_Intercept,-0.5091514313025232,0.16502548247706716,-0.8358205567334585,-0.508664690959653,-0.18380683006164283,MNAR,brms,577
y_noMiss,b_light,-0.637003052571442,0.04783718664749081,-0.7312425095120344,-0.6367519392634972,-0.54258631581833,MNAR,brms,577
y_noMiss,b_discharge,0.3401936712364015,0.04671433447842777,0.2481680157220796,0.34048910419418804,0.4310270927578066,MNAR,brms,577
y_noMiss,phi,0.6426887696449057,0.045859516290788487,0.5531371010865879,0.6424501024507475,0.7315721565089516,MNAR,brms,577
y_noMiss,sigma,0.9839749753720822,0.041016875684340065,0.9063057945007311,0.9829474527679491,1.0684779328278446,MNAR,brms,577
y_noMiss,Intercept,-0.5050622848513018,0.1649721953312046,-0.8303370423273465,-0.504595628782932,-0.18320350131417334,MNAR,brms,577
