missingprop_autocor,parameter,mean,sd,2.5%,50%,97.5%,missingness,type,run_no
y_noMiss,b_Intercept,-0.729913837323507,0.14159716587625815,-1.011483626675396,-0.7288043124141322,-0.4546480872430715,MNAR,brms,578
y_noMiss,b_light,1.2928444137880573,0.05421669312221501,1.1899806076010009,1.2922695986895603,1.4019691406727086,MNAR,brms,578
y_noMiss,b_discharge,0.5538882046612967,0.05552053673790076,0.4439543749766055,0.5543039033078395,0.6637501988465444,MNAR,brms,578
y_noMiss,phi,0.5666127053437665,0.04899126853098057,0.47004555890391564,0.5675521088202184,0.6638517482996283,MNAR,brms,578
y_noMiss,sigma,1.064757800009642,0.044587519245430494,0.9819962339256041,1.0633727442068714,1.1548242922976346,MNAR,brms,578
y_noMiss,Intercept,-0.7869455638446117,0.1415328601905222,-1.0652150402262266,-0.7853941080199985,-0.5111708646727979,MNAR,brms,578
