missingprop_autocor,parameter,mean,sd,2.5%,50%,97.5%,missingness,type,run_no
y_noMiss,b_Intercept,-1.0752406851541707,0.09933401038577672,-1.2670569871697004,-1.0749154215888375,-0.8838767993425517,MNAR,brms,579
y_noMiss,b_light,1.5373659046506711,0.05690238959626244,1.4263220924182876,1.5375668078314955,1.6524469110695976,MNAR,brms,579
y_noMiss,b_discharge,0.23378789043913897,0.05946968251155754,0.1184356479464406,0.23406220605718464,0.3488918947161167,MNAR,brms,579
y_noMiss,phi,0.4025870527099728,0.05511989167192588,0.2959051864048854,0.4019086992220668,0.5123168106701629,MNAR,brms,579
y_noMiss,sigma,1.0003847522213056,0.04173998066879073,0.9219897816582014,0.999116863524514,1.087248560599052,MNAR,brms,579
y_noMiss,Intercept,-1.0170716034468152,0.09921275680693854,-1.2081581406853192,-1.0172337781468033,-0.8253024243423488,MNAR,brms,579
