missingprop_autocor,parameter,mean,sd,2.5%,50%,97.5%,missingness,type,run_no
y_noMiss,b_Intercept,-1.3567622756016855,0.37180563523799354,-2.066128654470928,-1.3683599522095706,-0.5811212788511784,MNAR,brms,57
y_noMiss,b_light,0.7902757470223266,0.04685433683604723,0.700893028917958,0.7903182169125488,0.8813052901166836,MNAR,brms,57
y_noMiss,b_discharge,-0.6900365837351033,0.046558752736519105,-0.7811210951557317,-0.6901375074619427,-0.5981347861597638,MNAR,brms,57
y_noMiss,phi,0.8372233069619942,0.03409514592125548,0.7707070912931046,0.8369855702347198,0.9051795252479582,MNAR,brms,57
y_noMiss,sigma,1.0363728417140623,0.04336194818722893,0.9554149023980842,1.0350366893141811,1.1250880793108164,MNAR,brms,57
y_noMiss,Intercept,-1.3924689065596916,0.37174731690764945,-2.1026419604239557,-1.4037364961303767,-0.6174408657401388,MNAR,brms,57
