missingprop_autocor,parameter,mean,sd,2.5%,50%,97.5%,missingness,type,run_no
y_noMiss,b_Intercept,-1.5017841032117043,0.1739225463205088,-1.8418548316886632,-1.501435552427365,-1.1628833228820117,MNAR,brms,580
y_noMiss,b_light,0.8264378107816219,0.052284924299748695,0.7268256309674721,0.8264772375245002,0.9284436044027716,MNAR,brms,580
y_noMiss,b_discharge,-2.8156392159484054,0.05154375842408947,-2.914893563399225,-2.815616188151008,-2.7152909015431677,MNAR,brms,580
y_noMiss,phi,0.6343467141931998,0.04616336190735014,0.5421952969921942,0.6342311166624328,0.727754717742388,MNAR,brms,580
y_noMiss,sigma,1.0737983221404843,0.04527389001862466,0.9907188693547372,1.0719761991510923,1.1656423594572503,MNAR,brms,580
y_noMiss,Intercept,-1.5684392508296323,0.1738377339419697,-1.9075254463094138,-1.5684692578829338,-1.2281870646217647,MNAR,brms,580
