missingprop_autocor,parameter,mean,sd,2.5%,50%,97.5%,missingness,type,run_no
y_noMiss,b_Intercept,0.2668979460101624,0.0637219372447173,0.1410655817346963,0.2667023531040327,0.39373512485301876,MNAR,brms,581
y_noMiss,b_light,1.6737864021550426,0.052494174491301795,1.5702915637284556,1.674639117444733,1.775737473961898,MNAR,brms,581
y_noMiss,b_discharge,0.7739517413950545,0.05628340718055799,0.6641128372172218,0.7734510137638901,0.885737773320985,MNAR,brms,581
y_noMiss,phi,0.09512512707706554,0.0598093034286183,-0.02205476242206755,0.095240624578711075,0.2136731091243908,MNAR,brms,581
y_noMiss,sigma,0.965853138447181,0.039890227226297766,0.8923429046521791,0.964658351000683,1.048956489621175,MNAR,brms,581
y_noMiss,Intercept,0.10718445238376997,0.06330568115575286,-0.017246778803233782,0.10715268407239073,0.23216964221239159,MNAR,brms,581
