missingprop_autocor,parameter,mean,sd,2.5%,50%,97.5%,missingness,type,run_no
y_noMiss,b_Intercept,-0.6989251696949548,0.1431424935636332,-0.9752732147891163,-0.6982958826858439,-0.4164884887504228,MNAR,brms,582
y_noMiss,b_light,-1.0627927539252742,0.050773494825034064,-1.1638825545304394,-1.0624175941310654,-0.9638186349677239,MNAR,brms,582
y_noMiss,b_discharge,-0.3528646931214195,0.048136131817930174,-0.44873963260253363,-0.3527866695999097,-0.2593360563154954,MNAR,brms,582
y_noMiss,phi,0.5840571907548588,0.048579809488474714,0.48975695903897004,0.5840442718237551,0.6780002576706595,MNAR,brms,582
y_noMiss,sigma,1.0164982060254164,0.043019356715111916,0.9360946391100294,1.0152686377498772,1.1052149850060737,MNAR,brms,582
y_noMiss,Intercept,-0.6581719442239528,0.14315169728378163,-0.935765843660626,-0.6576622330226215,-0.3749709598313141,MNAR,brms,582
