missingprop_autocor,parameter,mean,sd,2.5%,50%,97.5%,missingness,type,run_no
y_noMiss,b_Intercept,0.7958570582883694,0.2547276661559121,0.3132454353580537,0.7901567211776539,1.3148232660870873,MNAR,brms,583
y_noMiss,b_light,-0.2075167842960702,0.052453036398612325,-0.31153340210793146,-0.20749849326184633,-0.10389715381981265,MNAR,brms,583
y_noMiss,b_discharge,-0.6428857207676261,0.04808067483137254,-0.7365198810734817,-0.6431545729572159,-0.54847178496708,MNAR,brms,583
y_noMiss,phi,0.7534449530363341,0.0399339292002321,0.6750305940085944,0.7533975352298001,0.8323875915796368,MNAR,brms,583
y_noMiss,sigma,1.056294549501264,0.0441456884734206,0.9739853861251379,1.0550175120587308,1.1471927329864964,MNAR,brms,583
y_noMiss,Intercept,0.7182454987764996,0.2544928823831154,0.23811125099261876,0.713695414549061,1.2333644244329045,MNAR,brms,583
