missingprop_autocor,parameter,mean,sd,2.5%,50%,97.5%,missingness,type,run_no
y_noMiss,b_Intercept,-0.6685273132211659,0.06593185076964711,-0.7971358092765646,-0.669063686219229,-0.5383620729456422,MNAR,brms,584
y_noMiss,b_light,-0.2231545345960979,0.05742149933710365,-0.33280767780988957,-0.22304937172718925,-0.11044741257696691,MNAR,brms,584
y_noMiss,b_discharge,-1.026392960671525,0.05328583806058749,-1.1281388353801372,-1.0265881241577421,-0.9221134540811056,MNAR,brms,584
y_noMiss,phi,0.1609689185160684,0.05936461382434525,0.04438026021191498,0.16059168335509716,0.2785048376995412,MNAR,brms,584
y_noMiss,sigma,0.9266536156689579,0.03877833108077603,0.8537136368314573,0.924927610044018,1.0078882086534722,MNAR,brms,584
y_noMiss,Intercept,-0.6893372848122516,0.06561511294521626,-0.8175509352673461,-0.6894649353820786,-0.5590493458047867,MNAR,brms,584
