missingprop_autocor,parameter,mean,sd,2.5%,50%,97.5%,missingness,type,run_no
y_noMiss,b_Intercept,2.3187155071943737,0.06430915715698907,2.1932944998546344,2.3178334182939633,2.4466056209911726,MNAR,brms,585
y_noMiss,b_light,1.3097040006214826,0.06808653700834102,1.174551516957277,1.3102648549210645,1.4451056524928456,MNAR,brms,585
y_noMiss,b_discharge,0.4582469404623238,0.0564362648540947,0.34803472046015277,0.45806080736645116,0.5703051260186346,MNAR,brms,585
y_noMiss,phi,0.08204780363686642,0.05985467581987882,-0.03578409712973214,0.08210552316799814,0.19893196836071608,MNAR,brms,585
y_noMiss,sigma,1.0049095005385622,0.042975429303188546,0.925398095744969,1.0032214278466616,1.0938538512817215,MNAR,brms,585
y_noMiss,Intercept,2.2908892251394337,0.06416922085086754,2.1663947915099246,2.289943720307833,2.41848517668891,MNAR,brms,585
