missingprop_autocor,parameter,mean,sd,2.5%,50%,97.5%,missingness,type,run_no
y_noMiss,b_Intercept,1.2502728724568326,0.14940690866371933,0.9612147990830278,1.2523215806635506,1.5447258838650915,MNAR,brms,586
y_noMiss,b_light,1.001886096317484,0.054936333261031006,0.8953108703101724,1.0020791365996817,1.1112156831610451,MNAR,brms,586
y_noMiss,b_discharge,0.12776577722174334,0.04774849917104173,0.032750840835879584,0.12810192580379492,0.22189555141202452,MNAR,brms,586
y_noMiss,phi,0.6055209683083589,0.04746385777289964,0.5126139381010285,0.6045734715332667,0.7011467850124077,MNAR,brms,586
y_noMiss,sigma,0.995232338221574,0.04229277868245143,0.9169109082167693,0.9937435963595974,1.08290910595442,MNAR,brms,586
y_noMiss,Intercept,1.3009770255404272,0.14943950245645954,1.0114107012634377,1.302359883300519,1.5960861714233172,MNAR,brms,586
