missingprop_autocor,parameter,mean,sd,2.5%,50%,97.5%,missingness,type,run_no
y_noMiss,b_Intercept,-2.0584049303500236,0.06899762528055453,-2.1949781781374997,-2.058614838883996,-1.9226894585561631,MNAR,brms,587
y_noMiss,b_light,1.301309896794168,0.05682474408460138,1.1877557027838292,1.3013596508633922,1.4117757115229532,MNAR,brms,587
y_noMiss,b_discharge,1.0178815954991793,0.05521522433772731,0.9091807602606126,1.0184031471607007,1.1258018591820118,MNAR,brms,587
y_noMiss,phi,0.1814930806432002,0.059064664352756306,0.06586665030899186,0.18164281740788712,0.2979486210041733,MNAR,brms,587
y_noMiss,sigma,0.952832795874945,0.039318534153011134,0.8804258953952198,0.9520182055834269,1.0358204806120865,MNAR,brms,587
y_noMiss,Intercept,-2.090325474779181,0.06893065507839798,-2.2261693773117353,-2.090565036974619,-1.9539947239714648,MNAR,brms,587
