missingprop_autocor,parameter,mean,sd,2.5%,50%,97.5%,missingness,type,run_no
y_noMiss,b_Intercept,0.155585224161505,0.11546746731977348,-0.07570039157761807,0.15655857330138906,0.3782502897868508,MNAR,brms,588
y_noMiss,b_light,0.7485661785983354,0.04805714481158265,0.6544203182951838,0.7480362449469424,0.8424481072394133,MNAR,brms,588
y_noMiss,b_discharge,-0.3913395961610248,0.053214913607310524,-0.49516614751101895,-0.39201037284921814,-0.28395507367618106,MNAR,brms,588
y_noMiss,phi,0.5002009778413918,0.0518372942525024,0.39939728731034757,0.500842399522915,0.602896487771932,MNAR,brms,588
y_noMiss,sigma,0.9616514374229732,0.04112556124500537,0.8864133609543101,0.960448367538991,1.0458806128116538,MNAR,brms,588
y_noMiss,Intercept,0.17231279559089208,0.11540835233069878,-0.0583546353182064,0.17390223737953991,0.39709333846179035,MNAR,brms,588
