missingprop_autocor,parameter,mean,sd,2.5%,50%,97.5%,missingness,type,run_no
y_noMiss,b_Intercept,-0.47789654938299864,0.0899598186101021,-0.6580525426894203,-0.4788125098477009,-0.2979141567719762,MNAR,brms,589
y_noMiss,b_light,0.8031882905678921,0.06032805044058662,0.6836733374138121,0.8027620141995564,0.9198868957621923,MNAR,brms,589
y_noMiss,b_discharge,-0.6712745396889264,0.055943606041006066,-0.7794434579360887,-0.6710782772315225,-0.5604513139439051,MNAR,brms,589
y_noMiss,phi,0.3119548601922576,0.05704668362470278,0.1985252982880287,0.31234474820354763,0.42439018321579974,MNAR,brms,589
y_noMiss,sigma,1.0506516066693674,0.043898860351854425,0.9687705742296693,1.048549629012832,1.1420408886476712,MNAR,brms,589
y_noMiss,Intercept,-0.4750715439647822,0.08994191058059393,-0.6550655475060313,-0.4757458083260072,-0.29491250085746734,MNAR,brms,589
