missingprop_autocor,parameter,mean,sd,2.5%,50%,97.5%,missingness,type,run_no
y_noMiss,b_Intercept,0.6095789784441041,0.13567811312751954,0.3476809229189955,0.609064126947825,0.8812527335089595,MNAR,brms,58
y_noMiss,b_light,0.35547771434815834,0.04802998211434422,0.2604592488011973,0.35522707191680775,0.44952901442346926,MNAR,brms,58
y_noMiss,b_discharge,-0.5669460583727869,0.0459339045488845,-0.6589120805357533,-0.5662372234172459,-0.4770643646186524,MNAR,brms,58
y_noMiss,phi,0.5849762311239531,0.04803275439920789,0.4890355791112638,0.5846647577920474,0.6792146947788482,MNAR,brms,58
y_noMiss,sigma,0.9487856680750536,0.039397699724010124,0.8759263505765302,0.9481211766050666,1.0293222414626337,MNAR,brms,58
y_noMiss,Intercept,0.7386200653702698,0.13546368948480936,0.4768490104800324,0.7378771447184123,1.0082029800100545,MNAR,brms,58
