missingprop_autocor,parameter,mean,sd,2.5%,50%,97.5%,missingness,type,run_no
y_noMiss,b_Intercept,0.995567829956781,0.10982507146393454,0.7804120470241699,0.9954729852472066,1.2135700934140239,MNAR,brms,590
y_noMiss,b_light,1.0929484390852218,0.06050141611828181,0.9738207132705954,1.0927496643548338,1.2114729356490062,MNAR,brms,590
y_noMiss,b_discharge,-0.648248645819706,0.05680157232417819,-0.7604263529348265,-0.6481404430136195,-0.5376088694646901,MNAR,brms,590
y_noMiss,phi,0.4235570061623157,0.053004002001528903,0.319413701356292,0.4239030827413989,0.526849595736268,MNAR,brms,590
y_noMiss,sigma,1.0885550149958252,0.04548843998613753,1.0035708108404955,1.0864755671065305,1.1831428659576648,MNAR,brms,590
y_noMiss,Intercept,0.9230299486330283,0.10966077102570518,0.7088088979679859,0.9226132150948729,1.142766039505923,MNAR,brms,590
