missingprop_autocor,parameter,mean,sd,2.5%,50%,97.5%,missingness,type,run_no
y_noMiss,b_Intercept,-1.5820588173597805,0.28741364444328443,-2.1451153943495616,-1.5847674921207675,-1.0012004691507221,MNAR,brms,591
y_noMiss,b_light,-0.553883509492977,0.04423223119747721,-0.642590802275763,-0.5543154570885962,-0.4678932072658834,MNAR,brms,591
y_noMiss,b_discharge,-0.39716538244224,0.04594832323033748,-0.4886127432190299,-0.3964955024841691,-0.30883107665191406,MNAR,brms,591
y_noMiss,phi,0.8020758875299511,0.0363125475250205,0.7330860030273572,0.801808614669071,0.8744998178509874,MNAR,brms,591
y_noMiss,sigma,0.9624836370313804,0.0407025344778131,0.8876545234976959,0.9612930253191898,1.043528088250622,MNAR,brms,591
y_noMiss,Intercept,-1.5969732194150592,0.2874310107764544,-2.1611328395165357,-1.5992345218414248,-1.01592450839416,MNAR,brms,591
