missingprop_autocor,parameter,mean,sd,2.5%,50%,97.5%,missingness,type,run_no
y_noMiss,b_Intercept,-0.03126428571829301,0.17311963761918683,-0.3674615925373794,-0.03210021985871239,0.30897620444891616,MNAR,brms,592
y_noMiss,b_light,0.31226709842073974,0.05198846468883098,0.2070375718385591,0.31217228721966794,0.41485537592681415,MNAR,brms,592
y_noMiss,b_discharge,-0.9934822984460278,0.05228967016854348,-1.0982808615426831,-0.9935419409754407,-0.8927615012908637,MNAR,brms,592
y_noMiss,phi,0.6425893614721102,0.046119052215669254,0.5536425090883751,0.6424678170075065,0.732563784381459,MNAR,brms,592
y_noMiss,sigma,1.0540556791932825,0.04391020952506333,0.9716245257657375,1.0527899769981155,1.1438815470526162,MNAR,brms,592
y_noMiss,Intercept,-0.03700627977349267,0.17308352314439088,-0.37422099696270117,-0.03762659427045001,0.30262715662975753,MNAR,brms,592
