missingprop_autocor,parameter,mean,sd,2.5%,50%,97.5%,missingness,type,run_no
y_noMiss,b_Intercept,1.2832154264727396,0.08275535246024043,1.1213016543851204,1.2830094680175623,1.4424139589607399,MNAR,brms,593
y_noMiss,b_light,-1.0949058611545002,0.05590821379949136,-1.2064429186703798,-1.095194684735171,-0.985567643304666,MNAR,brms,593
y_noMiss,b_discharge,1.050365637370449,0.05909130972425266,0.932784691028724,1.0505990820549513,1.1681283042737682,MNAR,brms,593
y_noMiss,phi,0.28150304645954727,0.05821705807662103,0.16533024067498286,0.2814331178192018,0.3959518947437064,MNAR,brms,593
y_noMiss,sigma,0.9990971521427533,0.0418769987859683,0.9215191846490949,0.9977176007587001,1.0853459183548437,MNAR,brms,593
y_noMiss,Intercept,1.2265984891341168,0.08274213518482153,1.0646616261253128,1.2262419669389546,1.3871701090813686,MNAR,brms,593
