missingprop_autocor,parameter,mean,sd,2.5%,50%,97.5%,missingness,type,run_no
y_noMiss,b_Intercept,-0.02729002792350218,0.10598320704997016,-0.23312126874055714,-0.027187260238234076,0.18247683064291745,MNAR,brms,594
y_noMiss,b_light,-0.5162353598774055,0.051610170110715906,-0.616300374450768,-0.5164131556849009,-0.41581367783200607,MNAR,brms,594
y_noMiss,b_discharge,1.122173183123088,0.05495957005529376,1.0164980534280754,1.1219957744610924,1.228742809834266,MNAR,brms,594
y_noMiss,phi,0.45127466485230877,0.05298699656075912,0.3465461301989524,0.4517304006644396,0.5555441506865006,MNAR,brms,594
y_noMiss,sigma,1.0122511036873545,0.04263590647721438,0.932638798785629,1.010590963543109,1.100145474998347,MNAR,brms,594
y_noMiss,Intercept,-0.09820551073520299,0.10591064342284345,-0.3050552313881105,-0.09767957983587788,0.11095150420396897,MNAR,brms,594
