missingprop_autocor,parameter,mean,sd,2.5%,50%,97.5%,missingness,type,run_no
y_noMiss,b_Intercept,-0.08722264311869027,0.07202342093041977,-0.23019359550201152,-0.08751803339989073,0.054882081561204936,MNAR,brms,595
y_noMiss,b_light,-0.2667866584520021,0.06810820154867417,-0.3997762501200718,-0.26720137691180745,-0.13336670347314028,MNAR,brms,595
y_noMiss,b_discharge,0.04221773593874614,0.06275607900932335,-0.07764367789380902,0.04138830738439924,0.16205675141976889,MNAR,brms,595
y_noMiss,phi,0.10597561103191969,0.05910408918353857,-0.00827506347634426,0.10518499548683254,0.226204463077616,MNAR,brms,595
y_noMiss,sigma,1.0848901420370645,0.04487598805476234,1.0012986800265131,1.0836556057377338,1.1775505297820492,MNAR,brms,595
y_noMiss,Intercept,-0.08375163249912848,0.07201475320756501,-0.22617069146707494,-0.08405238054442592,0.05814925255236605,MNAR,brms,595
