missingprop_autocor,parameter,mean,sd,2.5%,50%,97.5%,missingness,type,run_no
y_noMiss,b_Intercept,-0.38220038071994766,0.15095445781653702,-0.6859427924029096,-0.3831581776938294,-0.08756608844446301,MNAR,brms,596
y_noMiss,b_light,0.7840247644908537,0.05287634503139289,0.6801260450462518,0.7837158714006961,0.8876506666835706,MNAR,brms,596
y_noMiss,b_discharge,0.8893551680708064,0.05312385595176674,0.7854619405458093,0.8889764003948716,0.9925385725686081,MNAR,brms,596
y_noMiss,phi,0.589199490611818,0.049211503631757525,0.4930922355874259,0.5895005848984264,0.6870906607580772,MNAR,brms,596
y_noMiss,sigma,1.030033265242971,0.04294534696195621,0.9508505117681093,1.0288154855015972,1.1170481263396068,MNAR,brms,596
y_noMiss,Intercept,-0.43378591163303054,0.15094199645172654,-0.7363790968567694,-0.4351361730747222,-0.13861600568889942,MNAR,brms,596
