missingprop_autocor,parameter,mean,sd,2.5%,50%,97.5%,missingness,type,run_no
y_noMiss,b_Intercept,2.4965106242731694,0.11209823133419498,2.2753978611458856,2.496905088155264,2.7197193308247543,MNAR,brms,597
y_noMiss,b_light,-1.682066765685351,0.05619571908219836,-1.7924915199897726,-1.6816054908107563,-1.5715591016363846,MNAR,brms,597
y_noMiss,b_discharge,0.4734719317083282,0.06075752183284357,0.35332246294288366,0.4743067583067298,0.5926522297035745,MNAR,brms,597
y_noMiss,phi,0.44393858018390353,0.05436321715661632,0.3363261845845835,0.44450392841734937,0.5493546141011926,MNAR,brms,597
y_noMiss,sigma,1.0544429034512555,0.04401596446789598,0.9724576639627946,1.0526397372328573,1.1455824557721885,MNAR,brms,597
y_noMiss,Intercept,2.5008275685869985,0.11209312866593209,2.2798335320875407,2.501109490647441,2.7238305866556414,MNAR,brms,597
