missingprop_autocor,parameter,mean,sd,2.5%,50%,97.5%,missingness,type,run_no
y_noMiss,b_Intercept,0.4396337460092611,0.079904324518415,0.2805243050584701,0.4404140709695181,0.5964039278149892,MNAR,brms,598
y_noMiss,b_light,-1.1840460666991044,0.05965062425910799,-1.3004556405125047,-1.1839000598908367,-1.0638457539403634,MNAR,brms,598
y_noMiss,b_discharge,-0.06081609856473129,0.05952614565489598,-0.17914915016346036,-0.06080034633209874,0.055951024090500213,MNAR,brms,598
y_noMiss,phi,0.2714899638495656,0.057475948242477384,0.16172787578818593,0.2711557362076995,0.38413903899759166,MNAR,brms,598
y_noMiss,sigma,0.9850343431056805,0.04124963538103419,0.9092605440255572,0.9835245781807143,1.0700348233731163,MNAR,brms,598
y_noMiss,Intercept,0.3811426003600144,0.07966984717410942,0.2208463473104921,0.3821672561342867,0.5395257914613231,MNAR,brms,598
