missingprop_autocor,parameter,mean,sd,2.5%,50%,97.5%,missingness,type,run_no
y_noMiss,b_Intercept,-1.440716570635896,0.07928493993255704,-1.5974208221889168,-1.4399193431562471,-1.286075761008579,MNAR,brms,599
y_noMiss,b_light,-1.4374349294378836,0.0562637042591521,-1.5483264983467315,-1.43695871656765,-1.3281002461808025,MNAR,brms,599
y_noMiss,b_discharge,0.7763812046478632,0.06250929071604301,0.6530908707058661,0.7768823811607156,0.8953433584983087,MNAR,brms,599
y_noMiss,phi,0.24117864490461277,0.05763274774302973,0.1299383149425038,0.24060203539080827,0.35575627653784314,MNAR,brms,599
y_noMiss,sigma,1.0203995018212237,0.042888053289365256,0.9412086082536609,1.0187631559083308,1.1060013242638518,MNAR,brms,599
y_noMiss,Intercept,-1.3335383427538563,0.07893898002117455,-1.4891752420177196,-1.3323401433216688,-1.1800076046596584,MNAR,brms,599
