missingprop_autocor,parameter,mean,sd,2.5%,50%,97.5%,missingness,type,run_no
y_noMiss,b_Intercept,1.7456905901301378,0.12022161588002957,1.513816668984001,1.7456316009650399,1.9848131676227234,MNAR,brms,59
y_noMiss,b_light,-0.22331915948388148,0.05254185918092547,-0.3250894994206673,-0.22375029173364888,-0.11975947628360306,MNAR,brms,59
y_noMiss,b_discharge,-0.35866250908674246,0.05629210746916365,-0.46787275623779845,-0.3586875084132477,-0.24608221342832842,MNAR,brms,59
y_noMiss,phi,0.47264010113770294,0.053147299354424006,0.36831622123350083,0.47306522609128465,0.5776647886269944,MNAR,brms,59
y_noMiss,sigma,1.0689299365622325,0.04478808179614822,0.9852646507128177,1.0673910286348356,1.160899996345752,MNAR,brms,59
y_noMiss,Intercept,1.738357481911871,0.12016943941965111,1.5064913817674344,1.7382757708573247,1.9775531337672132,MNAR,brms,59
