missingprop_autocor,parameter,mean,sd,2.5%,50%,97.5%,missingness,type,run_no
y_noMiss,b_Intercept,-0.6279507511326802,0.06887497086212778,-0.7586210103746759,-0.6284275977734792,-0.4921654854420939,MNAR,brms,5
y_noMiss,b_light,-0.8449511154139805,0.06295544637483093,-0.9671846580750373,-0.8448831497057196,-0.7213403831126002,MNAR,brms,5
y_noMiss,b_discharge,1.2821617962145502,0.05785583183557071,1.1688052059768221,1.2824838418194868,1.3964959128404821,MNAR,brms,5
y_noMiss,phi,0.13070194373393457,0.05941427360065668,0.014250263447823678,0.13038991591851146,0.24829902916821373,MNAR,brms,5
y_noMiss,sigma,1.0063790030084694,0.04148236955213391,0.9293604909307989,1.0050875808393087,1.0914610210911468,MNAR,brms,5
y_noMiss,Intercept,-0.6220372362951346,0.06882200479217337,-0.7526527151531504,-0.6225584873032686,-0.4859552115854473,MNAR,brms,5
