missingprop_autocor,parameter,mean,sd,2.5%,50%,97.5%,missingness,type,run_no
y_noMiss,b_Intercept,-1.1023095243569532,0.10210951658151915,-1.301477654692344,-1.1022711629433186,-0.9004407562700333,MNAR,brms,600
y_noMiss,b_light,-0.96159711860954,0.05554107301165242,-1.0691417510224257,-0.961350253322103,-0.8523137431485386,MNAR,brms,600
y_noMiss,b_discharge,0.41094193991266115,0.05719873381998769,0.30129244458543786,0.41184047717007843,0.5216062368622555,MNAR,brms,600
y_noMiss,phi,0.43303962845486876,0.05520057394225995,0.32462837592111726,0.4330340217073235,0.5403838976732442,MNAR,brms,600
y_noMiss,sigma,0.9805380774994938,0.03996292735458094,0.9057560527249721,0.979946417662875,1.060531790242746,MNAR,brms,600
y_noMiss,Intercept,-1.18529080616585,0.10193748457625595,-1.3852280774647054,-1.1853149549568214,-0.9828025990874338,MNAR,brms,600
