missingprop_autocor,parameter,mean,sd,2.5%,50%,97.5%,missingness,type,run_no
y_noMiss,b_Intercept,0.1301654431349002,0.0922426027596722,-0.051101006985589954,0.13013015562193297,0.31102161371498155,MNAR,brms,601
y_noMiss,b_light,-1.5652946690819292,0.05036599876925209,-1.6642354301072664,-1.5648333388037141,-1.4656907796979461,MNAR,brms,601
y_noMiss,b_discharge,0.4315196028974762,0.05134828407316468,0.33072148183002903,0.4317931980304203,0.5308451868754923,MNAR,brms,601
y_noMiss,phi,0.3964370801489537,0.054208344592458414,0.28943399676793397,0.3958843955176291,0.5026733973934545,MNAR,brms,601
y_noMiss,sigma,0.9217029714118612,0.03930562457630594,0.8480471608470586,0.920396466523392,1.0034377887941877,MNAR,brms,601
y_noMiss,Intercept,0.16445345612421483,0.0920305945524975,-0.016345433019306594,0.1642907395560001,0.3441374078226195,MNAR,brms,601
