missingprop_autocor,parameter,mean,sd,2.5%,50%,97.5%,missingness,type,run_no
y_noMiss,b_Intercept,-2.1027279135808685,0.05531521667004111,-2.208845743553253,-2.10366217238398,-1.9925905253098861,MNAR,brms,602
y_noMiss,b_light,-0.6841445228657727,0.05891102973508973,-0.7981801322141369,-0.6849289074104352,-0.5684101705028812,MNAR,brms,602
y_noMiss,b_discharge,0.9069737517968337,0.056071999965120294,0.7967226581851456,0.9070174683440396,1.015636195311563,MNAR,brms,602
y_noMiss,phi,-0.05132228199521731,0.05863857640637505,-0.16740733426386203,-0.05171378837162598,0.06342795785401888,MNAR,brms,602
y_noMiss,sigma,0.9810898424359074,0.040489538006963574,0.9070205248726996,0.9790119074550353,1.0646271102994684,MNAR,brms,602
y_noMiss,Intercept,-2.028317384257622,0.055132760171392445,-2.1340251456301353,-2.0290614137121166,-1.9184576850852952,MNAR,brms,602
