missingprop_autocor,parameter,mean,sd,2.5%,50%,97.5%,missingness,type,run_no
y_noMiss,b_Intercept,8.806952529452712e-4,0.267610840914317,-0.5270284798758994,7.122557663600607e-4,0.5280011999726579,MNAR,brms,603
y_noMiss,b_light,1.108810951534799,0.042471116061870255,1.0234542254645473,1.1089947180858917,1.1930106781719727,MNAR,brms,603
y_noMiss,b_discharge,1.185394948974433,0.04724849028314758,1.0942809795648214,1.1856184493990591,1.2776481639063115,MNAR,brms,603
y_noMiss,phi,0.7913049556765719,0.037815220307269554,0.7169283880595785,0.7907751577509361,0.8667184862956284,MNAR,brms,603
y_noMiss,sigma,0.9590103393364338,0.040338333958534,0.8846700141471997,0.9574479903384073,1.0414744270668452,MNAR,brms,603
y_noMiss,Intercept,0.0441251032068088,0.26762082336926735,-0.48360510889762326,0.04361257888347862,0.571959727182494,MNAR,brms,603
