missingprop_autocor,parameter,mean,sd,2.5%,50%,97.5%,missingness,type,run_no
y_noMiss,b_Intercept,-1.025255213164048,0.10431556082900968,-1.2272796865934983,-1.0250573507320508,-0.8222191656339587,MNAR,brms,604
y_noMiss,b_light,-0.5795511998472563,0.05524888120162404,-0.6857197864550351,-0.58001102849579,-0.4703256026333445,MNAR,brms,604
y_noMiss,b_discharge,-0.9181809854660721,0.05036136089535503,-1.017876052143042,-0.9181676229745623,-0.8194444888484655,MNAR,brms,604
y_noMiss,phi,0.391722340223966,0.05456505973832989,0.2851459582528791,0.39165020514575627,0.4997874723353904,MNAR,brms,604
y_noMiss,sigma,1.043700520716867,0.04422020957807237,0.9613258943305675,1.0428580198285538,1.1338687131533138,MNAR,brms,604
y_noMiss,Intercept,-1.0807292874457108,0.10428787373629017,-1.2826091334133145,-1.08034462978526,-0.8780077967825903,MNAR,brms,604
