missingprop_autocor,parameter,mean,sd,2.5%,50%,97.5%,missingness,type,run_no
y_noMiss,b_Intercept,-1.1977827628557696,0.15058264691028928,-1.4927877940253071,-1.196667233290623,-0.9088958523768856,MNAR,brms,605
y_noMiss,b_light,0.7710806887933886,0.05339371158105639,0.6650980195952003,0.7709864683285463,0.8751821673719947,MNAR,brms,605
y_noMiss,b_discharge,1.230300162205339,0.04976877188148862,1.1314451766175897,1.2297042007152132,1.3267488541254873,MNAR,brms,605
y_noMiss,phi,0.5910033549625809,0.04877334243410743,0.49582745054943067,0.5911246063260434,0.687760447202327,MNAR,brms,605
y_noMiss,sigma,1.0321303612623671,0.042863909215150174,0.951578592352735,1.0304578005660587,1.1202979177988746,MNAR,brms,605
y_noMiss,Intercept,-1.2750177161586753,0.1505066181744202,-1.5710783492754792,-1.2740223096206753,-0.9867489188252675,MNAR,brms,605
