missingprop_autocor,parameter,mean,sd,2.5%,50%,97.5%,missingness,type,run_no
y_noMiss,b_Intercept,0.2772192021952697,0.09937186720439613,0.08173517441411364,0.27660135597764113,0.47265360943243107,MNAR,brms,606
y_noMiss,b_light,2.9906907269879675,0.056666004720429056,2.879444740511071,2.9901687288274013,3.101926067831902,MNAR,brms,606
y_noMiss,b_discharge,0.22887586285038464,0.055203843425091784,0.12061345072597988,0.22830772841520153,0.3378279621225811,MNAR,brms,606
y_noMiss,phi,0.41196698199730947,0.05464909389114839,0.30610459878072327,0.41213517013017287,0.5201348200192742,MNAR,brms,606
y_noMiss,sigma,0.9967144283464607,0.040984243915136886,0.919699958818144,0.9960380990224169,1.0792585367106473,MNAR,brms,606
y_noMiss,Intercept,0.05258296904885927,0.09923270133221694,-0.14215990319768365,0.05257093635300229,0.2465525319296962,MNAR,brms,606
