missingprop_autocor,parameter,mean,sd,2.5%,50%,97.5%,missingness,type,run_no
y_noMiss,b_Intercept,0.10391277779889893,0.11408471207269828,-0.11856472276571542,0.1036216731695103,0.3265363214663001,MNAR,brms,607
y_noMiss,b_light,2.0514302902846606,0.0521221050336318,1.9506975772353874,2.0510375218076913,2.1546762898264773,MNAR,brms,607
y_noMiss,b_discharge,0.40429363547548125,0.05087707439419713,0.305216605422795,0.4047716412679137,0.503630661954331,MNAR,brms,607
y_noMiss,phi,0.5141674315656504,0.051702335683387966,0.4121154613436305,0.5145618679178874,0.6143179941536859,MNAR,brms,607
y_noMiss,sigma,0.9432521542203736,0.038984182832375265,0.8702918200027615,0.9418481253813602,1.0234552633465113,MNAR,brms,607
y_noMiss,Intercept,-0.018205039525201156,0.11404594305179803,-0.24094136738789174,-0.01843593215520677,0.2033858059927451,MNAR,brms,607
