missingprop_autocor,parameter,mean,sd,2.5%,50%,97.5%,missingness,type,run_no
y_noMiss,b_Intercept,-0.6943855345796828,0.14786122601063062,-0.9846392425410689,-0.6938155038449356,-0.4023744730917076,MNAR,brms,608
y_noMiss,b_light,0.6892451310027494,0.0478806329834865,0.597484836293276,0.6884218919607248,0.7837982499453936,MNAR,brms,608
y_noMiss,b_discharge,0.20660890725558,0.050075259223614076,0.11000031662583115,0.20629237985219703,0.30553265878243224,MNAR,brms,608
y_noMiss,phi,0.6191374289813524,0.0471209440176829,0.5248334648815843,0.6202016130692183,0.7104723868566014,MNAR,brms,608
y_noMiss,sigma,0.9631476105393527,0.039218276126828724,0.8906313638956241,0.9619079701377757,1.0435305269664041,MNAR,brms,608
y_noMiss,Intercept,-0.7034195798889117,0.14789323551019623,-0.9943901998623192,-0.7029957375407999,-0.4117391322609433,MNAR,brms,608
