missingprop_autocor,parameter,mean,sd,2.5%,50%,97.5%,missingness,type,run_no
y_noMiss,b_Intercept,-0.23925559380072578,0.17719988637990194,-0.5805473489838118,-0.239117777558151,0.10727035478313576,MNAR,brms,609
y_noMiss,b_light,-1.5330859802048644,0.04780746723767013,-1.6257540220131612,-1.533173908001881,-1.4401809435195678,MNAR,brms,609
y_noMiss,b_discharge,-0.24452916060220076,0.047019555813369134,-0.33838776188500425,-0.24413016845723717,-0.15285882562978298,MNAR,brms,609
y_noMiss,phi,0.6788492921809879,0.04458314126894331,0.5911773502782226,0.6788569834796083,0.7659320117839988,MNAR,brms,609
y_noMiss,sigma,0.9734668494748664,0.04085616073744318,0.8986433311969558,0.9716847926935032,1.0577381330733264,MNAR,brms,609
y_noMiss,Intercept,-0.09725323183287664,0.1769769711153444,-0.43818740885408003,-0.09652006684786826,0.24674481992436179,MNAR,brms,609
