missingprop_autocor,parameter,mean,sd,2.5%,50%,97.5%,missingness,type,run_no
y_noMiss,b_Intercept,-0.2391953420982621,0.06226963075510064,-0.3625271229088015,-0.2391355246480644,-0.11584131814420758,MNAR,brms,60
y_noMiss,b_light,-0.6873912705783832,0.05225803637616595,-0.7883188278092845,-0.6874910906780265,-0.5874857271676747,MNAR,brms,60
y_noMiss,b_discharge,0.07138133918759966,0.05311004480475478,-0.03572297865387837,0.07109809777793157,0.1724372281096017,MNAR,brms,60
y_noMiss,phi,0.06929481064221614,0.05808492629328322,-0.04544475839359688,0.06922463427265765,0.18367135411161922,MNAR,brms,60
y_noMiss,sigma,0.9676272802319644,0.040855827820960734,0.8914604728983142,0.9660278206496868,1.051876067648257,MNAR,brms,60
y_noMiss,Intercept,-0.28024288556280685,0.06202759737341866,-0.4023963582270145,-0.28000875866628033,-0.15836627364497116,MNAR,brms,60
