missingprop_autocor,parameter,mean,sd,2.5%,50%,97.5%,missingness,type,run_no
y_noMiss,b_Intercept,-1.122381780175451,0.12677973048896682,-1.3744989671659378,-1.1213692987446127,-0.8739345466958471,MNAR,brms,610
y_noMiss,b_light,0.9348391659997695,0.05626186149083998,0.8253833738951366,0.9345501563487997,1.0445046157801052,MNAR,brms,610
y_noMiss,b_discharge,-1.0815480487982858,0.053701266520690516,-1.1862617006353537,-1.0816656839452867,-0.9771864218857843,MNAR,brms,610
y_noMiss,phi,0.5104040941549816,0.05106421260083469,0.4132339012432458,0.5096367195886017,0.6123609611437134,MNAR,brms,610
y_noMiss,sigma,1.0413063297368004,0.044508273134995044,0.9582577876247234,1.0399356636617438,1.1328510819654438,MNAR,brms,610
y_noMiss,Intercept,-0.9001416135702875,0.12647041920004895,-1.1501625730773026,-0.89974033399795,-0.6530552068796189,MNAR,brms,610
