missingprop_autocor,parameter,mean,sd,2.5%,50%,97.5%,missingness,type,run_no
y_noMiss,b_Intercept,0.3532521503226983,0.1252850880734063,0.11154652577902933,0.35021865865634616,0.6027740456980493,MNAR,brms,611
y_noMiss,b_light,-1.4005316217199286,0.04627174840236105,-1.4925829440005003,-1.4002812020752908,-1.309363862287244,MNAR,brms,611
y_noMiss,b_discharge,0.49765996725456807,0.05322273440127854,0.3923247792786542,0.4970237318669868,0.6022321644201194,MNAR,brms,611
y_noMiss,phi,0.5513838482055047,0.04922213910907131,0.4563841966894279,0.5514808072780115,0.6473103786844442,MNAR,brms,611
y_noMiss,sigma,0.9533201047946744,0.04039430001848698,0.8772358363204924,0.951692771911247,1.0371658262478385,MNAR,brms,611
y_noMiss,Intercept,0.44342977342429873,0.1251360012134635,0.20238315634876083,0.4404601778375986,0.6911787786569411,MNAR,brms,611
