missingprop_autocor,parameter,mean,sd,2.5%,50%,97.5%,missingness,type,run_no
y_noMiss,b_Intercept,1.3522276739673376,0.0906072991654504,1.174170198193883,1.3526023404555079,1.5313000459449368,MNAR,brms,612
y_noMiss,b_light,-0.36474960928983857,0.059459823046606033,-0.4805366926792725,-0.3652620260459717,-0.24875852015647756,MNAR,brms,612
y_noMiss,b_discharge,-0.7415339498336283,0.05113218989456462,-0.842226708644368,-0.7412512728765108,-0.6416549634015465,MNAR,brms,612
y_noMiss,phi,0.3338405616998097,0.05671391884474535,0.21964130180394636,0.3338456830388137,0.44573622597366386,MNAR,brms,612
y_noMiss,sigma,1.0288692373167914,0.04386283871504375,0.946182810394938,1.0274218951500669,1.1200882221208717,MNAR,brms,612
y_noMiss,Intercept,1.3713198773635846,0.09056107062302825,1.193694834501788,1.371600975254037,1.550534343133319,MNAR,brms,612
