missingprop_autocor,parameter,mean,sd,2.5%,50%,97.5%,missingness,type,run_no
y_noMiss,b_Intercept,0.21930686206157485,0.1453630874816129,-0.06958365158092383,0.2183448587566434,0.5070827146378457,MNAR,brms,613
y_noMiss,b_light,-1.8911548557923148,0.054050839046362084,-1.9959846999694308,-1.8911793168221693,-1.7851275984201136,MNAR,brms,613
y_noMiss,b_discharge,-0.2342241760239722,0.04629577201681549,-0.3245095227976685,-0.23521007782783354,-0.14234728407297806,MNAR,brms,613
y_noMiss,phi,0.5824936984971368,0.0488218038837345,0.4878113436685844,0.5834342233226423,0.6770790463421849,MNAR,brms,613
y_noMiss,sigma,1.0419487589710672,0.04302976766649273,0.9610016102768896,1.0405317411886474,1.1312701963588174,MNAR,brms,613
y_noMiss,Intercept,0.2965564779609573,0.14534575050257123,0.008285843767373648,0.2959355238902347,0.5837834630491744,MNAR,brms,613
