missingprop_autocor,parameter,mean,sd,2.5%,50%,97.5%,missingness,type,run_no
y_noMiss,b_Intercept,0.20399144912495346,0.17303565125021433,-0.13983457008365915,0.20291854175619142,0.5445234677629696,MNAR,brms,614
y_noMiss,b_light,-0.7411330580179685,0.05129139549504534,-0.8437429339108169,-0.7411340195758143,-0.6405330279738615,MNAR,brms,614
y_noMiss,b_discharge,0.38037403970511796,0.051597669448233054,0.27941954567185545,0.3795610255938605,0.4814624089803604,MNAR,brms,614
y_noMiss,phi,0.6560386978145595,0.045646387484735845,0.566671142881889,0.655727776524696,0.744979166850705,MNAR,brms,614
y_noMiss,sigma,0.9995563864800118,0.04185637057458235,0.921597082696167,0.997862636985541,1.0851001965218556,MNAR,brms,614
y_noMiss,Intercept,0.1964807323243208,0.17299263389005828,-0.14724904020169488,0.1950855455915518,0.5366802646180018,MNAR,brms,614
