missingprop_autocor,parameter,mean,sd,2.5%,50%,97.5%,missingness,type,run_no
y_noMiss,b_Intercept,0.8147200684799573,0.06749046844597553,0.6808298592284012,0.8153059458630256,0.9476214774155475,MNAR,brms,615
y_noMiss,b_light,0.8591183481106188,0.060417508527066795,0.7424827474913731,0.8599519062373254,0.9766194856296874,MNAR,brms,615
y_noMiss,b_discharge,0.0871257333922954,0.0648971140704587,-0.04069040066746461,0.0868030690556596,0.21386619778594132,MNAR,brms,615
y_noMiss,phi,0.06146675345172906,0.05915447255023819,-0.054955386991612655,0.061031940669368775,0.17668353247832555,MNAR,brms,615
y_noMiss,sigma,1.0687614311577371,0.044700635867219854,0.9856406359460343,1.067332858328098,1.1588729809415652,MNAR,brms,615
y_noMiss,Intercept,0.7763149408775532,0.0674315470090072,0.6424783606998553,0.777139442123967,0.9085538086802845,MNAR,brms,615
