missingprop_autocor,parameter,mean,sd,2.5%,50%,97.5%,missingness,type,run_no
y_noMiss,b_Intercept,-1.0571779019723133,0.1747834905660752,-1.3937477967505265,-1.0604716189560128,-0.7026379865751643,MNAR,brms,616
y_noMiss,b_light,0.057889222408094215,0.04799730833796404,-0.036410984558984394,0.05816656753031291,0.15183373996289484,MNAR,brms,616
y_noMiss,b_discharge,-1.2290107729197293,0.05493649292315132,-1.3383786681957948,-1.2293232786864108,-1.1212720979295503,MNAR,brms,616
y_noMiss,phi,0.6505166461937351,0.04595712842287971,0.5607898055265313,0.6508100763313477,0.7398804333331589,MNAR,brms,616
y_noMiss,sigma,1.030860566564477,0.043490409425720036,0.9501740804450001,1.029435702080551,1.1200998761643046,MNAR,brms,616
y_noMiss,Intercept,-1.069251894326866,0.17457849560263647,-1.4049929206611607,-1.07235800793889,-0.713249448371422,MNAR,brms,616
