missingprop_autocor,parameter,mean,sd,2.5%,50%,97.5%,missingness,type,run_no
y_noMiss,b_Intercept,-1.4789707492607413,0.2660181709178974,-2.0239011366343256,-1.4740475306858967,-0.9744128086267536,MNAR,brms,617
y_noMiss,b_light,-0.4034947820779073,0.045158275077247796,-0.49229240504117544,-0.4034845293435627,-0.3160398385115826,MNAR,brms,617
y_noMiss,b_discharge,1.3525822784124335,0.04346392884503802,1.2679436121229866,1.3524416011053564,1.4376353943868951,MNAR,brms,617
y_noMiss,phi,0.778577789538868,0.03897301583805687,0.7029764862086753,0.7782235555146697,0.8553501992031622,MNAR,brms,617
y_noMiss,sigma,0.9987291774823641,0.041747159150357094,0.9201972824232344,0.9977050602469755,1.0854573923634148,MNAR,brms,617
y_noMiss,Intercept,-1.5751187375069722,0.26595185328716925,-2.1183547588759115,-1.5700659474756797,-1.0725059446221525,MNAR,brms,617
