missingprop_autocor,parameter,mean,sd,2.5%,50%,97.5%,missingness,type,run_no
y_noMiss,b_Intercept,0.7036497875615632,0.0857950987838312,0.5377687666200067,0.7036186624402383,0.8714985213164115,MNAR,brms,618
y_noMiss,b_light,0.503489000298958,0.05556123496078685,0.3935225193673918,0.5039106451180363,0.6118478760846808,MNAR,brms,618
y_noMiss,b_discharge,1.9408908815519343,0.05841327747879044,1.8270614482498937,1.9408699311213058,2.054764182590238,MNAR,brms,618
y_noMiss,phi,0.2988000901130355,0.05658299074478444,0.18793841338654568,0.2982941427093127,0.40941482089698683,MNAR,brms,618
y_noMiss,sigma,1.0230207252266201,0.043321642742121004,0.9419369545924253,1.0209713163637273,1.115039908474514,MNAR,brms,618
y_noMiss,Intercept,0.4496279962775622,0.08547739325480254,0.28401369018858386,0.4490591084794757,0.615876701998651,MNAR,brms,618
