missingprop_autocor,parameter,mean,sd,2.5%,50%,97.5%,missingness,type,run_no
y_noMiss,b_Intercept,-0.6901469363207575,0.09592712644113612,-0.878127031888153,-0.6905503305699514,-0.49926205632132115,MNAR,brms,619
y_noMiss,b_light,-0.5032720772509739,0.052449771064078304,-0.6073564365341605,-0.5027861152437161,-0.4023438396541185,MNAR,brms,619
y_noMiss,b_discharge,0.10332360013348842,0.055426231034165864,-0.005374261360019574,0.10325349884770327,0.21063974972567162,MNAR,brms,619
y_noMiss,phi,0.38418279647683634,0.055887919968946854,0.27185412107396,0.3843030517736764,0.49433898561245926,MNAR,brms,619
y_noMiss,sigma,1.0003249560075982,0.041906960048549734,0.921520576531025,0.9987960396472171,1.0876381823149865,MNAR,brms,619
y_noMiss,Intercept,-0.7178136015628053,0.09577977981984287,-0.9043443517962563,-0.7180761922443717,-0.5286685111900776,MNAR,brms,619
