missingprop_autocor,parameter,mean,sd,2.5%,50%,97.5%,missingness,type,run_no
y_noMiss,b_Intercept,-0.7183137233760376,0.06843089340530763,-0.8516280501413771,-0.7184375597734838,-0.5845602139487777,MNAR,brms,61
y_noMiss,b_light,-0.2451479047618712,0.06281824954986398,-0.36665268652285726,-0.24546682477544732,-0.12204183304405704,MNAR,brms,61
y_noMiss,b_discharge,-0.4969506576967165,0.06377035489073353,-0.6219721845974181,-0.49658649585281595,-0.37200433687308404,MNAR,brms,61
y_noMiss,phi,0.09488019499240204,0.058608269675848354,-0.01974125250878096,0.09460409775190079,0.2100017026963765,MNAR,brms,61
y_noMiss,sigma,1.0296792571265894,0.04358192107617458,0.9490021546378639,1.0275506422317378,1.1198302735876433,MNAR,brms,61
y_noMiss,Intercept,-0.7581019597395924,0.06826171833778208,-0.8897439136359769,-0.7575901654669656,-0.622864179988271,MNAR,brms,61
