missingprop_autocor,parameter,mean,sd,2.5%,50%,97.5%,missingness,type,run_no
y_noMiss,b_Intercept,-0.3890229327373272,0.11832485195760237,-0.6253770733618871,-0.3904404707363901,-0.15540385850024777,MNAR,brms,620
y_noMiss,b_light,1.25007494205752,0.049500381477484375,1.1532882093979548,1.2506447592561172,1.3466755771456727,MNAR,brms,620
y_noMiss,b_discharge,0.025192919888363953,0.05080577762870228,-0.07557998186100795,0.02517077685757548,0.12575867182748354,MNAR,brms,620
y_noMiss,phi,0.5167568760212915,0.050727623984390305,0.4172305558600872,0.5167051631731117,0.6152844133730478,MNAR,brms,620
y_noMiss,sigma,0.9781216455873611,0.04091193674933715,0.9030185612983017,0.9761247377880284,1.0629915186163763,MNAR,brms,620
y_noMiss,Intercept,-0.3287291787246304,0.11837660313888203,-0.5639330978564457,-0.3298678621392195,-0.09542176984941823,MNAR,brms,620
