missingprop_autocor,parameter,mean,sd,2.5%,50%,97.5%,missingness,type,run_no
y_noMiss,b_Intercept,0.584773077165439,0.09291588230835868,0.40579275899766837,0.5836421388982913,0.7649963835159158,MNAR,brms,621
y_noMiss,b_light,-0.7563044070718555,0.05780375688311714,-0.8683569692785981,-0.7566021627172761,-0.6409300712579139,MNAR,brms,621
y_noMiss,b_discharge,1.591434084123953,0.05326027415058083,1.488715577126881,1.5910686304700354,1.6958013352579846,MNAR,brms,621
y_noMiss,phi,0.39419037826982123,0.05499773300104912,0.28412664322907394,0.3945304955914909,0.5022409241528772,MNAR,brms,621
y_noMiss,sigma,0.9564807334180736,0.039705796127507326,0.8814689394820442,0.9557521891474869,1.0385303293914354,MNAR,brms,621
y_noMiss,Intercept,0.6779843581236923,0.09292616699369471,0.4985300083163488,0.6767603065092354,0.8586870565626226,MNAR,brms,621
