missingprop_autocor,parameter,mean,sd,2.5%,50%,97.5%,missingness,type,run_no
y_noMiss,b_Intercept,1.2856786366453843,0.08491848434118128,1.1207235692949573,1.2853848344943826,1.4543355680342847,MNAR,brms,622
y_noMiss,b_light,-0.5291327595030932,0.05832777667311361,-0.6448312822313575,-0.5285724821890276,-0.4156388705748229,MNAR,brms,622
y_noMiss,b_discharge,0.6147847503447094,0.05626452703485126,0.5037507787164358,0.6145437929096569,0.7247269263140449,MNAR,brms,622
y_noMiss,phi,0.28511441275146365,0.057490416602899684,0.17195356555055194,0.28486087580660796,0.3985994473369337,MNAR,brms,622
y_noMiss,sigma,1.030601509806343,0.042955515391169305,0.950205709996364,1.0286633938362288,1.118832830779933,MNAR,brms,622
y_noMiss,Intercept,1.2459506813056256,0.08474678834881236,1.0793730578824245,1.2454405015686005,1.415710220012476,MNAR,brms,622
