missingprop_autocor,parameter,mean,sd,2.5%,50%,97.5%,missingness,type,run_no
y_noMiss,b_Intercept,-0.8166257631500798,0.09006251108543428,-0.9916924687141304,-0.816616917959291,-0.6413909508541177,MNAR,brms,623
y_noMiss,b_light,-1.5049864856849784,0.05842647184927985,-1.619266416652301,-1.5044943166820826,-1.388088069824602,MNAR,brms,623
y_noMiss,b_discharge,0.35534343104226684,0.06106510967284399,0.23422158509791274,0.3555245316198131,0.4727171246156502,MNAR,brms,623
y_noMiss,phi,0.3258712737716149,0.055683746834881254,0.21656500584905303,0.3262277134646515,0.4337924004605949,MNAR,brms,623
y_noMiss,sigma,1.0283486792187013,0.042775390136112174,0.9474703695415921,1.0271237371363688,1.1172713387808142,MNAR,brms,623
y_noMiss,Intercept,-0.6959497411840265,0.08999769774752102,-0.8705694923808467,-0.6957797339490617,-0.5203695756603784,MNAR,brms,623
