missingprop_autocor,parameter,mean,sd,2.5%,50%,97.5%,missingness,type,run_no
y_noMiss,b_Intercept,0.18145557179031985,0.0631605833917724,0.056613629535637165,0.18156753831470585,0.3029416112351837,MNAR,brms,624
y_noMiss,b_light,-2.7749775905218317,0.05770606343463329,-2.886873527569966,-2.7753941688092656,-2.6606966131528274,MNAR,brms,624
y_noMiss,b_discharge,0.11230888613751167,0.05860204024799022,-0.00271843097316998,0.11283067281406375,0.22488151199607592,MNAR,brms,624
y_noMiss,phi,0.10003628666020732,0.060269240379179675,-0.016105884530117062,0.0990724515425695,0.2216022873691393,MNAR,brms,624
y_noMiss,sigma,0.9852536145841896,0.041364772915796176,0.9087301413954055,0.9841828091105956,1.0702323020469613,MNAR,brms,624
y_noMiss,Intercept,0.3265660209641034,0.06300820881340939,0.20004234481475303,0.3270893733571893,0.447014536061081,MNAR,brms,624
