missingprop_autocor,parameter,mean,sd,2.5%,50%,97.5%,missingness,type,run_no
y_noMiss,b_Intercept,-1.21067392827194,0.19307473894133392,-1.59629095981302,-1.2087755121636752,-0.8405232962656863,MNAR,brms,625
y_noMiss,b_light,-1.5896113914176888,0.04643944755686272,-1.6804580763493853,-1.5898278707040112,-1.4970163364401294,MNAR,brms,625
y_noMiss,b_discharge,-0.4762936176266849,0.046397770163447295,-0.5690248799687028,-0.475677822789958,-0.3869286740909314,MNAR,brms,625
y_noMiss,phi,0.7096270856950901,0.0417522568342472,0.6258233620203373,0.709737483149498,0.7907266904075785,MNAR,brms,625
y_noMiss,sigma,0.9668687385150383,0.040543560926832166,0.8914735668638828,0.9656625693501528,1.0503310068592633,MNAR,brms,625
y_noMiss,Intercept,-1.2071961931913755,0.19307850588615844,-1.592777410678437,-1.2052056234015633,-0.8369318404355596,MNAR,brms,625
