missingprop_autocor,parameter,mean,sd,2.5%,50%,97.5%,missingness,type,run_no
y_noMiss,b_Intercept,2.1113690079254366,0.06243856671582136,1.9886309623872651,2.1116358167920737,2.2318489938252952,MNAR,brms,626
y_noMiss,b_light,1.2869826379216878,0.05346833518607234,1.181909766935599,1.287306322451542,1.39083704153317,MNAR,brms,626
y_noMiss,b_discharge,0.26078364842262997,0.06250588374396533,0.13651172438766143,0.2616503963364283,0.3823222783447111,MNAR,brms,626
y_noMiss,phi,0.08336674127618401,0.05979868708103198,-0.0322066800463757,0.0835325859662121,0.1973092334455751,MNAR,brms,626
y_noMiss,sigma,0.965790699973837,0.04071062500793319,0.8910858130054224,0.9638112161525498,1.0484350063394707,MNAR,brms,626
y_noMiss,Intercept,1.924423364211343,0.061836095269744984,1.8025669682396357,1.9249572015674334,2.042841907453034,MNAR,brms,626
