missingprop_autocor,parameter,mean,sd,2.5%,50%,97.5%,missingness,type,run_no
y_noMiss,b_Intercept,-0.2467572097900569,0.06244430076856434,-0.36751990156754005,-0.2473682838681814,-0.12325135805685125,MNAR,brms,627
y_noMiss,b_light,0.49307117624711655,0.0605571848575196,0.3753657880255253,0.49288260836007514,0.6105554125029493,MNAR,brms,627
y_noMiss,b_discharge,-0.02979989824371922,0.05650581981299242,-0.14050076152896246,-0.029883010944989033,0.08184831555377245,MNAR,brms,627
y_noMiss,phi,0.10307160271582527,0.059542536506458965,-0.014064775558147941,0.10276634139369767,0.2194729471349158,MNAR,brms,627
y_noMiss,sigma,0.9717050695419426,0.04102872508507104,0.895226688394216,0.9707525257816286,1.0572268362672392,MNAR,brms,627
y_noMiss,Intercept,-0.2813127141989666,0.06185176405619748,-0.40120089796741587,-0.2820569381281785,-0.16013950000377686,MNAR,brms,627
