missingprop_autocor,parameter,mean,sd,2.5%,50%,97.5%,missingness,type,run_no
y_noMiss,b_Intercept,-1.162591749147903,0.09039596232095368,-1.3395399638499765,-1.161751056678356,-0.9858100422082854,MNAR,brms,628
y_noMiss,b_light,1.0211326086881942,0.052316964416697025,0.9176820227446392,1.0213288509496445,1.1242826988411037,MNAR,brms,628
y_noMiss,b_discharge,2.5357119057409485,0.05458268830324486,2.431318465289467,2.535324851987157,2.643134387976268,MNAR,brms,628
y_noMiss,phi,0.3383727728581958,0.05770462626287807,0.2244601936581537,0.3387629629682324,0.45075036493100207,MNAR,brms,628
y_noMiss,sigma,1.0055864624817907,0.04230658115223114,0.928972428034173,1.0038765418724125,1.0919146350583988,MNAR,brms,628
y_noMiss,Intercept,-1.3872015257497197,0.09029687000481122,-1.5638750754786561,-1.387131267012913,-1.2107457091449183,MNAR,brms,628
