missingprop_autocor,parameter,mean,sd,2.5%,50%,97.5%,missingness,type,run_no
y_noMiss,b_Intercept,-0.6513938585711402,0.1008028325394176,-0.852307962774301,-0.6500210449438588,-0.45619480595950496,MNAR,brms,629
y_noMiss,b_light,-1.0171301505504524,0.053111828299757094,-1.1207865860634971,-1.0171250084324988,-0.9118688032800523,MNAR,brms,629
y_noMiss,b_discharge,1.5473121987174219,0.0533954336097806,1.4437080206580504,1.5467410339217618,1.6527082856927844,MNAR,brms,629
y_noMiss,phi,0.43142374150452123,0.053013726965503966,0.3249932559128083,0.43118386623255367,0.5351976129988257,MNAR,brms,629
y_noMiss,sigma,0.9898894023775834,0.04120708321351195,0.9154493074423419,0.9886240968109834,1.0749510005144007,MNAR,brms,629
y_noMiss,Intercept,-0.6209454326463474,0.1006931077299791,-0.820903381824428,-0.6199796795738582,-0.4248561790675125,MNAR,brms,629
