missingprop_autocor,parameter,mean,sd,2.5%,50%,97.5%,missingness,type,run_no
y_noMiss,b_Intercept,-1.9525079494831143,0.06412780998642348,-2.078799611363591,-1.9529849375233086,-1.827768998595832,MNAR,brms,62
y_noMiss,b_light,-1.271612571036345,0.06176625182564055,-1.39359016533435,-1.270815959437532,-1.1514737909964474,MNAR,brms,62
y_noMiss,b_discharge,0.012290585837116154,0.05900963520292183,-0.10098554604671475,0.011712798201578237,0.1274925929867146,MNAR,brms,62
y_noMiss,phi,0.06717607184366438,0.06032863684882514,-0.05124537097345419,0.06713941688704839,0.18686828205185246,MNAR,brms,62
y_noMiss,sigma,1.018175361254169,0.043872307314409005,0.9382737415937513,1.016690057345624,1.1100955623186037,MNAR,brms,62
y_noMiss,Intercept,-1.8377579277674505,0.0637891109894818,-1.963981538604253,-1.8377379716333706,-1.7131318159786222,MNAR,brms,62
