missingprop_autocor,parameter,mean,sd,2.5%,50%,97.5%,missingness,type,run_no
y_noMiss,b_Intercept,1.0221966134458602,0.22154832990510293,0.603423624547687,1.0171364551432611,1.4807689433482134,MNAR,brms,630
y_noMiss,b_light,0.2437864632016128,0.04542805534955517,0.15254813050090543,0.24467109356387098,0.33305076045576326,MNAR,brms,630
y_noMiss,b_discharge,0.13752835135830427,0.05432459129995686,0.030484057036079024,0.13780845190016108,0.24465307321774465,MNAR,brms,630
y_noMiss,phi,0.731559110698807,0.04083071790350516,0.6506915334639065,0.7317207054223935,0.8120353551175794,MNAR,brms,630
y_noMiss,sigma,1.009325877182922,0.04222726779526981,0.9288829166856406,1.0079924593114917,1.0957421565387773,MNAR,brms,630
y_noMiss,Intercept,1.0217796182391765,0.22153956962508115,0.602789017411087,1.016906168139282,1.4796688369210724,MNAR,brms,630
