missingprop_autocor,parameter,mean,sd,2.5%,50%,97.5%,missingness,type,run_no
y_noMiss,b_Intercept,0.028514891258320428,0.1428304797571263,-0.2549998167990987,0.028386653550977407,0.2994475216292783,MNAR,brms,631
y_noMiss,b_light,0.6964658591910043,0.052384617618919285,0.5942916531565198,0.6958982573779686,0.7999276244928123,MNAR,brms,631
y_noMiss,b_discharge,0.4163331395994286,0.052399375094451126,0.31248874000675164,0.41641551974949026,0.5191038437943475,MNAR,brms,631
y_noMiss,phi,0.583589161283347,0.049002576027109924,0.4879793395782484,0.5833949270815864,0.6792182570495958,MNAR,brms,631
y_noMiss,sigma,0.9989255762684277,0.0421652157755294,0.9205486110726979,0.9974282452100554,1.0870102297266397,MNAR,brms,631
y_noMiss,Intercept,-0.01920764257079675,0.14289465755887226,-0.30074649413033366,-0.01881814585598207,0.25235145945737153,MNAR,brms,631
