missingprop_autocor,parameter,mean,sd,2.5%,50%,97.5%,missingness,type,run_no
y_noMiss,b_Intercept,-1.4568392470841287,0.12720091097972888,-1.7073699459656524,-1.4576827970135908,-1.2033620394071511,MNAR,brms,632
y_noMiss,b_light,-0.6461304039491139,0.05036327338770137,-0.7448428663206276,-0.6462090160067764,-0.5490935293842919,MNAR,brms,632
y_noMiss,b_discharge,-1.4840427531215736,0.04950290541874497,-1.5841369430516907,-1.4838460928790127,-1.3877137880358463,MNAR,brms,632
y_noMiss,phi,0.5452523676727092,0.049156085752368676,0.44785340480863434,0.5450836636508989,0.6416581653116082,MNAR,brms,632
y_noMiss,sigma,0.9648802677796849,0.04008197253864539,0.8899891044815345,0.9635934105302935,1.0469364007518516,MNAR,brms,632
y_noMiss,Intercept,-1.4078859738159317,0.12719997533258842,-1.6579683586777332,-1.408779445133069,-1.1547146406363684,MNAR,brms,632
