missingprop_autocor,parameter,mean,sd,2.5%,50%,97.5%,missingness,type,run_no
y_noMiss,b_Intercept,1.625484444625412,0.12073279726230653,1.383445687523019,1.6243580407853724,1.8625552619673917,MNAR,brms,633
y_noMiss,b_light,-0.516931959430209,0.046023161985300494,-0.6075231990944462,-0.5165056103588505,-0.42640432340223267,MNAR,brms,633
y_noMiss,b_discharge,1.819192834889488,0.05078321199415541,1.721269571698371,1.8193136791645306,1.9185232865383033,MNAR,brms,633
y_noMiss,phi,0.5310254127066889,0.05167914481916345,0.4296197203664904,0.5309618964099924,0.6336526424275915,MNAR,brms,633
y_noMiss,sigma,0.9606664208528616,0.039886849704762625,0.8849165097229579,0.9595819283626132,1.0427917247530136,MNAR,brms,633
y_noMiss,Intercept,1.518272498576729,0.12073930733296656,1.2754192427177113,1.5173718311373428,1.7564368747131174,MNAR,brms,633
