missingprop_autocor,parameter,mean,sd,2.5%,50%,97.5%,missingness,type,run_no
y_noMiss,b_Intercept,0.47066767589177416,0.24988865769124863,-0.02355491457784733,0.4734125791425044,0.9641672891777384,MNAR,brms,634
y_noMiss,b_light,-0.2564686244989987,0.04770209016399882,-0.3507384899720606,-0.25621749506522995,-0.1629585683735502,MNAR,brms,634
y_noMiss,b_discharge,-1.218664591895107,0.0499208865762308,-1.318099877484949,-1.2193053507771419,-1.1192704879347184,MNAR,brms,634
y_noMiss,phi,0.7562732996501697,0.039834096904689725,0.6785507041384276,0.755773165904378,0.8342537928894309,MNAR,brms,634
y_noMiss,sigma,1.0309527372001477,0.04252174740224885,0.9524487356616185,1.028930871874098,1.118752771176504,MNAR,brms,634
y_noMiss,Intercept,0.5587073243878063,0.24980112406594027,0.06722015004071784,0.5614613029819899,1.052967187667003,MNAR,brms,634
