missingprop_autocor,parameter,mean,sd,2.5%,50%,97.5%,missingness,type,run_no
y_noMiss,b_Intercept,1.3509278137051446,0.09192759284922548,1.17056646291127,1.3513707751097996,1.5318890733970094,MNAR,brms,635
y_noMiss,b_light,2.5374505337445172,0.059349816091356276,2.4237118446741612,2.5369109379419603,2.6544840854662004,MNAR,brms,635
y_noMiss,b_discharge,0.98813988262724,0.057955630800407,0.8732013487425417,0.9883715561196487,1.1028372072664694,MNAR,brms,635
y_noMiss,phi,0.3605977108375127,0.055514322615472594,0.25364336352384004,0.35989546841015363,0.4694756505268212,MNAR,brms,635
y_noMiss,sigma,1.0040207505610956,0.04163804703202982,0.9257574090555372,1.0025650182807426,1.0872924972222466,MNAR,brms,635
y_noMiss,Intercept,1.4355045323073234,0.09187650115780983,1.2560708021817304,1.4363173291026503,1.616992090672752,MNAR,brms,635
