missingprop_autocor,parameter,mean,sd,2.5%,50%,97.5%,missingness,type,run_no
y_noMiss,b_Intercept,0.17490827392894395,0.08641013152700161,0.006910905760119661,0.1751494171898312,0.34374182746287335,MNAR,brms,636
y_noMiss,b_light,-2.083325435187024,0.056126857177814196,-2.191873068909646,-2.08317525020792,-1.9724369379102797,MNAR,brms,636
y_noMiss,b_discharge,-0.22878744623450412,0.05082364283088852,-0.32705807935323905,-0.22856210047516623,-0.13003886707528522,MNAR,brms,636
y_noMiss,phi,0.3496468426976694,0.056754535569502454,0.23581224161687125,0.3500394895550825,0.46118308974027744,MNAR,brms,636
y_noMiss,sigma,0.9666728265302419,0.040809465569283256,0.8912593343885626,0.9650372834568741,1.0526957977497704,MNAR,brms,636
y_noMiss,Intercept,0.0038919058395866938,0.08639756084696716,-0.1644294524781978,0.004032488509655131,0.17381694706180237,MNAR,brms,636
