missingprop_autocor,parameter,mean,sd,2.5%,50%,97.5%,missingness,type,run_no
y_noMiss,b_Intercept,1.0541915975438927,0.06901087009093428,0.9194284671017847,1.0544018887173676,1.1915217899544877,MNAR,brms,637
y_noMiss,b_light,-0.755475669217118,0.057415932635325684,-0.8672521039513469,-0.7556743481121931,-0.6428064493153565,MNAR,brms,637
y_noMiss,b_discharge,0.1513580920896638,0.05526345405355245,0.04464086362581934,0.15171290828527545,0.25852737211710386,MNAR,brms,637
y_noMiss,phi,0.1393410893180005,0.0593168317842302,0.023752663833852574,0.13936562127404145,0.255863543921628,MNAR,brms,637
y_noMiss,sigma,0.9845390637934162,0.04030533840594983,0.9100328242533059,0.98335785262325,1.0669822608765476,MNAR,brms,637
y_noMiss,Intercept,1.0106383187254537,0.06884615629989871,0.8762467869050181,1.0106927242261516,1.1463688992826837,MNAR,brms,637
