missingprop_autocor,parameter,mean,sd,2.5%,50%,97.5%,missingness,type,run_no
y_noMiss,b_Intercept,0.1484528960983176,0.08018804334427033,-0.009567044829600007,0.14927401298586207,0.3065117440467261,MNAR,brms,638
y_noMiss,b_light,-0.22222176181607595,0.048824136169405674,-0.3180431381637323,-0.22236732389408398,-0.12648253563383188,MNAR,brms,638
y_noMiss,b_discharge,1.1100878100228622,0.04615148265893013,1.0197826171742108,1.10986730329803,1.1993698283971042,MNAR,brms,638
y_noMiss,phi,0.32236932930518947,0.05544382624166241,0.21336091059369738,0.32217157766040244,0.43198841291293105,MNAR,brms,638
y_noMiss,sigma,0.919640715507429,0.03874565626181193,0.8486848610611276,0.9180866042647589,0.9988671187088588,MNAR,brms,638
y_noMiss,Intercept,0.17388015470426443,0.08020894009438376,0.015256692235145952,0.17481715479700438,0.33139618751608707,MNAR,brms,638
