missingprop_autocor,parameter,mean,sd,2.5%,50%,97.5%,missingness,type,run_no
y_noMiss,b_Intercept,-0.26303532215806724,0.06636336774704119,-0.3941833485392363,-0.26282557093997316,-0.13115868820294618,MNAR,brms,639
y_noMiss,b_light,-0.3893678608861257,0.05701689830799371,-0.5019180593226973,-0.38970970347908296,-0.2777192795655351,MNAR,brms,639
y_noMiss,b_discharge,-0.04145356870474325,0.05489473305006565,-0.14832763697392815,-0.04140316522208293,0.06570374950858597,MNAR,brms,639
y_noMiss,phi,0.14177507310172752,0.06008319890145902,0.024228104771438972,0.14130194936678897,0.2607127473798484,MNAR,brms,639
y_noMiss,sigma,0.9666612389124635,0.04100752063204862,0.8907877338017542,0.9648320718769451,1.0525959639625626,MNAR,brms,639
y_noMiss,Intercept,-0.2572697620180761,0.06634721576424739,-0.3876921659588504,-0.2572929813318203,-0.12523751448121304,MNAR,brms,639
