missingprop_autocor,parameter,mean,sd,2.5%,50%,97.5%,missingness,type,run_no
y_noMiss,b_Intercept,1.137931364660718,0.05933050112828211,1.0223263217432754,1.1379309756783913,1.252780667996752,MNAR,brms,63
y_noMiss,b_light,1.297231953008567,0.05855593707611568,1.183481191350444,1.296615683000891,1.4133220825159691,MNAR,brms,63
y_noMiss,b_discharge,2.0843936509972165,0.05829281842674509,1.9700794454021604,2.083882416109055,2.1992852573111756,MNAR,brms,63
y_noMiss,phi,0.011128101630995878,0.05866268853125024,-0.10248655228720965,0.010865923616252448,0.12689995899112558,MNAR,brms,63
y_noMiss,sigma,0.9866447512524856,0.041998149278517465,0.9085479072854348,0.9848677369457879,1.0742489969892364,MNAR,brms,63
y_noMiss,Intercept,1.295296288402973,0.05909809183109154,1.1799684658048832,1.2950749186602017,1.4112560638350418,MNAR,brms,63
