missingprop_autocor,parameter,mean,sd,2.5%,50%,97.5%,missingness,type,run_no
y_noMiss,b_Intercept,-2.3730382289588996,0.1758809246711953,-2.7231768914357173,-2.3738116416954647,-2.028318684315032,MNAR,brms,640
y_noMiss,b_light,0.29189223998155406,0.04682897411228461,0.1991942723618543,0.2917438760866006,0.3836686262917805,MNAR,brms,640
y_noMiss,b_discharge,-0.39794209846020534,0.048993403732962376,-0.49310376241381415,-0.39706862915977326,-0.3042296958657484,MNAR,brms,640
y_noMiss,phi,0.673636750271428,0.044099768545847726,0.5869353185690508,0.6737248726719369,0.7613916007925311,MNAR,brms,640
y_noMiss,sigma,0.9787404930554959,0.04058325445946261,0.9021161469379296,0.9778345165508531,1.0611926551023507,MNAR,brms,640
y_noMiss,Intercept,-2.3484841907615013,0.1758892243827514,-2.6996438658088424,-2.349135301814642,-2.00204550315035,MNAR,brms,640
