missingprop_autocor,parameter,mean,sd,2.5%,50%,97.5%,missingness,type,run_no
y_noMiss,b_Intercept,0.03941790960834924,0.08981198112785528,-0.14119075132598838,0.04077869879799139,0.21520718480978937,MNAR,brms,641
y_noMiss,b_light,-2.5356312899801003,0.05413544612350242,-2.6389650902550743,-2.535275268448555,-2.4294533230530475,MNAR,brms,641
y_noMiss,b_discharge,1.8519343486082818,0.05114995518350227,1.7499280752898463,1.851967801564174,1.951898742717551,MNAR,brms,641
y_noMiss,phi,0.37833428258473795,0.05493058475557833,0.2723984310930446,0.378311989834898,0.4851417391329378,MNAR,brms,641
y_noMiss,sigma,0.9362889162915711,0.039699816333814995,0.8632624599067747,0.9348704862370422,1.0186850702509271,MNAR,brms,641
y_noMiss,Intercept,0.1565166674182174,0.08968392687869271,-0.023294012998934927,0.1574794075220015,0.3331132330574807,MNAR,brms,641
