missingprop_autocor,parameter,mean,sd,2.5%,50%,97.5%,missingness,type,run_no
y_noMiss,b_Intercept,0.13771618252924991,0.06788693898442408,0.006942119366407991,0.13775145045193357,0.2732216048960239,MNAR,brms,642
y_noMiss,b_light,-0.36493105107556345,0.06324750227094156,-0.48850431246363785,-0.36521581241712714,-0.2426347159628159,MNAR,brms,642
y_noMiss,b_discharge,-1.993970458612389,0.06127848069818914,-2.114105452541912,-1.9937529700647305,-1.8735347203210222,MNAR,brms,642
y_noMiss,phi,0.08667816168724626,0.060155836145231845,-0.03233084611643318,0.08637648625388306,0.20545822430240548,MNAR,brms,642
y_noMiss,sigma,1.0593384406438737,0.04410228778931621,0.977137370958361,1.0579354788274702,1.1485663970254478,MNAR,brms,642
y_noMiss,Intercept,0.23421028840640365,0.06777225999623833,0.10279590645023469,0.2342139296498954,0.368325215187546,MNAR,brms,642
