missingprop_autocor,parameter,mean,sd,2.5%,50%,97.5%,missingness,type,run_no
y_noMiss,b_Intercept,0.5373069942582082,0.18495364100206038,0.17058605822393974,0.5370005074504423,0.8926759158573875,MNAR,brms,643
y_noMiss,b_light,-0.19084883959935361,0.04507741888055244,-0.2781039393771526,-0.19039128888766468,-0.10393372593558892,MNAR,brms,643
y_noMiss,b_discharge,0.5736088628254096,0.05059030104449675,0.4719586744042599,0.5736142103370208,0.6731623507195269,MNAR,brms,643
y_noMiss,phi,0.674288626310351,0.044494611196958495,0.5863890689892394,0.6744697985524647,0.7622459882259427,MNAR,brms,643
y_noMiss,sigma,1.0237826554807001,0.04189894224269728,0.9462089587212417,1.022798460359673,1.1103220949578028,MNAR,brms,643
y_noMiss,Intercept,0.5449785380552824,0.1849420080098337,0.1782255963129902,0.5442157824514746,0.9002623734686617,MNAR,brms,643
