missingprop_autocor,parameter,mean,sd,2.5%,50%,97.5%,missingness,type,run_no
y_noMiss,b_Intercept,-0.13769889821177425,0.06211117953724768,-0.26058716796100784,-0.1373044553942293,-0.014751829972039828,MNAR,brms,644
y_noMiss,b_light,0.003244612440176133,0.05822328212227001,-0.10995788201595133,0.0030957787142797503,0.11710496904414733,MNAR,brms,644
y_noMiss,b_discharge,0.45521020091020575,0.061919103244019016,0.33383562698569136,0.45543653320234206,0.5755392019465315,MNAR,brms,644
y_noMiss,phi,0.016211359848183407,0.059664553816377225,-0.10274144279744586,0.01659499387897785,0.13409979199273497,MNAR,brms,644
y_noMiss,sigma,1.015103788297451,0.0434034312526978,0.9348600768239645,1.014151952399085,1.1041738987095486,MNAR,brms,644
y_noMiss,Intercept,-0.18531339140224481,0.061608153301263666,-0.30764951443876526,-0.1854350990096433,-0.06393412801466504,MNAR,brms,644
