missingprop_autocor,parameter,mean,sd,2.5%,50%,97.5%,missingness,type,run_no
y_noMiss,b_Intercept,1.5742760921791223,0.0651370991284022,1.4462001485796827,1.5743787427510973,1.698776847818296,MNAR,brms,645
y_noMiss,b_light,1.427937038776268,0.061070556000109084,1.3086559984521402,1.4278794051275367,1.5490467468873457,MNAR,brms,645
y_noMiss,b_discharge,-0.790030791579811,0.06376574821444737,-0.9141477348400144,-0.7897251430408387,-0.6632405204800725,MNAR,brms,645
y_noMiss,phi,0.07111366752661251,0.06008583649733846,-0.04712388454823699,0.07087634616398758,0.18984353503221638,MNAR,brms,645
y_noMiss,sigma,1.0329156361504002,0.04334447839367331,0.9524835729345377,1.0320840880426423,1.1225492247853202,MNAR,brms,645
y_noMiss,Intercept,1.6133154286251807,0.06498309902268407,1.4866985317365853,1.6134885035237516,1.7382797526200504,MNAR,brms,645
