missingprop_autocor,parameter,mean,sd,2.5%,50%,97.5%,missingness,type,run_no
y_noMiss,b_Intercept,1.464942462158409,0.15794510659620542,1.1487217969930152,1.465646762388626,1.7746541914759837,MNAR,brms,646
y_noMiss,b_light,-0.3506057363442782,0.053121711143415414,-0.45461340884640294,-0.35044801505533296,-0.2471548908405004,MNAR,brms,646
y_noMiss,b_discharge,-0.678527546616536,0.056632323007664236,-0.788117014226827,-0.678968969800477,-0.566904302804873,MNAR,brms,646
y_noMiss,phi,0.599204365243697,0.047768139902522946,0.5076154466530877,0.599466156804938,0.691925041763455,MNAR,brms,646
y_noMiss,sigma,1.0562407309079034,0.044199106799947756,0.9760714116475163,1.0545656771475738,1.1472160009209869,MNAR,brms,646
y_noMiss,Intercept,1.4294318565383917,0.15781479715967792,1.11433249761713,1.4312217655233996,1.7371566340407434,MNAR,brms,646
