missingprop_autocor,parameter,mean,sd,2.5%,50%,97.5%,missingness,type,run_no
y_noMiss,b_Intercept,0.1530065075217786,0.1137363012390054,-0.07724724610875369,0.15583391584798614,0.37598861304888287,MNAR,brms,647
y_noMiss,b_light,-1.0568648988620175,0.05448844098851744,-1.160645609298851,-1.0573440640585812,-0.9496129194555722,MNAR,brms,647
y_noMiss,b_discharge,1.841927708353454,0.05386032322166882,1.734142687338829,1.8421978836423083,1.94928282411402,MNAR,brms,647
y_noMiss,phi,0.4762088307931776,0.05377758602771388,0.37197025955750296,0.47644975605419687,0.5824070127509107,MNAR,brms,647
y_noMiss,sigma,0.9947624562203297,0.04122803145962208,0.918671060939404,0.9937770977988833,1.080126578083727,MNAR,brms,647
y_noMiss,Intercept,0.03995095448597353,0.11350438516243111,-0.19020159971829576,0.04299569325840183,0.26213192223281306,MNAR,brms,647
