missingprop_autocor,parameter,mean,sd,2.5%,50%,97.5%,missingness,type,run_no
y_noMiss,b_Intercept,-2.315129982627121,0.0728845556701764,-2.4570740646318106,-2.3142770628187703,-2.1742743547253633,MNAR,brms,648
y_noMiss,b_light,-0.34424781723756886,0.05615695298161132,-0.45518478710367666,-0.3444346294248932,-0.23396025696001968,MNAR,brms,648
y_noMiss,b_discharge,-0.7493144687624548,0.05609454110542987,-0.8587436953855331,-0.7483523504242666,-0.640657443391804,MNAR,brms,648
y_noMiss,phi,0.2138836448049072,0.05826932511899524,0.10053955163410881,0.21349458526396575,0.32839031719000705,MNAR,brms,648
y_noMiss,sigma,0.9601156632286768,0.03992569497768621,0.8853576917929076,0.9586079767762934,1.0424938693947075,MNAR,brms,648
y_noMiss,Intercept,-2.270675934940852,0.07275392067006735,-2.412492945776876,-2.270077726856467,-2.130781116693841,MNAR,brms,648
