missingprop_autocor,parameter,mean,sd,2.5%,50%,97.5%,missingness,type,run_no
y_noMiss,b_Intercept,-0.7749135720259945,0.0708561279084798,-0.9129119862494045,-0.7746603762092036,-0.635368549845029,MNAR,brms,649
y_noMiss,b_light,1.523729082365762,0.05876125340824587,1.4062826163016058,1.5236376071972293,1.6400462338091353,MNAR,brms,649
y_noMiss,b_discharge,-0.16806066867702285,0.06171543350725929,-0.2867838908865265,-0.16848633842451488,-0.04673552551938878,MNAR,brms,649
y_noMiss,phi,0.10277576190011119,0.05980652335259532,-0.014156547765208837,0.10258207600953775,0.2197686775069068,MNAR,brms,649
y_noMiss,sigma,1.0701024192779198,0.04538350209892714,0.9866999203862898,1.0690562187851569,1.1642928683263334,MNAR,brms,649
y_noMiss,Intercept,-0.8025448720885643,0.07083870602731715,-0.9400945302829371,-0.8025924579899177,-0.6625489171755102,MNAR,brms,649
