missingprop_autocor,parameter,mean,sd,2.5%,50%,97.5%,missingness,type,run_no
y_noMiss,b_Intercept,0.7777560261348954,0.16213726351518637,0.45206308890885366,0.7791099558338941,1.093509858654354,MNAR,brms,64
y_noMiss,b_light,-1.7478138770102107,0.05429448371966449,-1.8539114785626372,-1.7476345895468668,-1.6432442784090542,MNAR,brms,64
y_noMiss,b_discharge,0.264607085651849,0.054546377797121764,0.15694955962290724,0.26474388568659635,0.37084731697463513,MNAR,brms,64
y_noMiss,phi,0.5996109271590945,0.04729603967773362,0.5086253857257566,0.5994610196193175,0.6927889768861651,MNAR,brms,64
y_noMiss,sigma,1.0875721162249476,0.0448611808507978,1.0033190508817442,1.0864379682973335,1.179913834458279,MNAR,brms,64
y_noMiss,Intercept,0.6108863006062051,0.16201920913561862,0.28588911318078314,0.6128979076191035,0.9261960757996197,MNAR,brms,64
