missingprop_autocor,parameter,mean,sd,2.5%,50%,97.5%,missingness,type,run_no
y_noMiss,b_Intercept,0.4021504597081724,0.15148469531796305,0.10345502400860915,0.4019156390966493,0.7023382800757548,MNAR,brms,650
y_noMiss,b_light,0.635920383712667,0.05271305719586402,0.5330663292219159,0.63530927952709,0.73990029432937,MNAR,brms,650
y_noMiss,b_discharge,1.1326772830878429,0.048600707913046735,1.0376777867671727,1.132415719438049,1.2297262938293683,MNAR,brms,650
y_noMiss,phi,0.5975723323163228,0.04831239257572726,0.5015208530877857,0.5973673089159834,0.6922246027935606,MNAR,brms,650
y_noMiss,sigma,1.0119114503459343,0.04214069346824904,0.934866398511825,1.010252457813751,1.0985267934154743,MNAR,brms,650
y_noMiss,Intercept,0.5431018757087576,0.15125776187911735,0.24345684577570456,0.5428530597158854,0.8453913752200992,MNAR,brms,650
