missingprop_autocor,parameter,mean,sd,2.5%,50%,97.5%,missingness,type,run_no
y_noMiss,b_Intercept,1.1246702775181998,0.08389446187954772,0.958894458382559,1.1243261639203037,1.2913433451233733,MNAR,brms,651
y_noMiss,b_light,-0.948773496612115,0.05229532343189347,-1.0498343825596008,-0.9487210461526328,-0.8441116969248706,MNAR,brms,651
y_noMiss,b_discharge,0.7388532023290729,0.05306391888861264,0.633935222112883,0.7394797570300718,0.8423958520573652,MNAR,brms,651
y_noMiss,phi,0.29907499145675337,0.05694338611533256,0.18750367831309545,0.2994458417430449,0.41117910725281814,MNAR,brms,651
y_noMiss,sigma,0.9767381442102893,0.041069598174914915,0.9014932342458035,0.974862291294146,1.0610252150523507,MNAR,brms,651
y_noMiss,Intercept,1.0282063159142683,0.08373314565137581,0.8628955839844261,1.0276191377536321,1.194099717790041,MNAR,brms,651
