missingprop_autocor,parameter,mean,sd,2.5%,50%,97.5%,missingness,type,run_no
y_noMiss,b_Intercept,-0.8766771096753897,0.21147016716212233,-1.3031992757103006,-0.8713567917402434,-0.4717105159106862,MNAR,brms,652
y_noMiss,b_light,3.2528513246884327,0.05436796564643117,3.1468189688225623,3.252820998936868,3.3609834237051066,MNAR,brms,652
y_noMiss,b_discharge,-0.8193217357592801,0.049198122666154004,-0.9162003045730926,-0.818963009253938,-0.723473179980623,MNAR,brms,652
y_noMiss,phi,0.6973314097157094,0.04323273631469476,0.6124349421647497,0.6974115754100296,0.782191770651011,MNAR,brms,652
y_noMiss,sigma,1.060597773724239,0.04455324418968034,0.9765506179062051,1.0592420624567809,1.1526247799801226,MNAR,brms,652
y_noMiss,Intercept,-1.0936872383338525,0.21152508125361297,-1.5201224026467997,-1.0883272193452902,-0.6891109086107957,MNAR,brms,652
