missingprop_autocor,parameter,mean,sd,2.5%,50%,97.5%,missingness,type,run_no
y_noMiss,b_Intercept,1.0286210080833043,0.22843121491933838,0.5502313103906679,1.037592290121246,1.457699599728604,MNAR,brms,653
y_noMiss,b_light,3.2991693529588733,0.043221178378891736,3.2131369400787175,3.299104061388788,3.383405754406722,MNAR,brms,653
y_noMiss,b_discharge,0.17361895797333168,0.0467639701903278,0.08223260849151248,0.17393115159841943,0.2638788492064018,MNAR,brms,653
y_noMiss,phi,0.7593209341655865,0.039849904417027,0.6807951287184172,0.760068498481909,0.8376077364261678,MNAR,brms,653
y_noMiss,sigma,0.9162110990670734,0.038600669227791554,0.8444107869850223,0.9150791210354896,0.9955526866333275,MNAR,brms,653
y_noMiss,Intercept,1.2743315463150555,0.22848055698694225,0.7965894483968063,1.2837463561105906,1.703950332318746,MNAR,brms,653
