missingprop_autocor,parameter,mean,sd,2.5%,50%,97.5%,missingness,type,run_no
y_noMiss,b_Intercept,-0.7202016626635125,0.06076521027996084,-0.8383545742872043,-0.721179069811499,-0.6003938146841028,MNAR,brms,654
y_noMiss,b_light,0.4466814651451489,0.05308327153092292,0.34175535055382267,0.44687983773166395,0.5526546965817845,MNAR,brms,654
y_noMiss,b_discharge,0.7811448048799429,0.05753137282437332,0.6707236510733772,0.7804850177248087,0.8935568411494574,MNAR,brms,654
y_noMiss,phi,0.08170619508411327,0.06024075445581724,-0.038110476361452816,0.08195037185555908,0.2011551982110891,MNAR,brms,654
y_noMiss,sigma,0.9621076083108235,0.04011941555601538,0.8875537763572999,0.9610704874908715,1.0434688322889072,MNAR,brms,654
y_noMiss,Intercept,-0.7086852159558314,0.060758470189931316,-0.8269707934425813,-0.7096517505990577,-0.5893190061846585,MNAR,brms,654
