missingprop_autocor,parameter,mean,sd,2.5%,50%,97.5%,missingness,type,run_no
y_noMiss,b_Intercept,0.3797531220098291,0.40234123745233946,-0.4157600092035184,0.3790131259611249,1.1807597011075075,MNAR,brms,655
y_noMiss,b_light,0.1361655309299864,0.043392352573668254,0.05204864157974055,0.13571721752971788,0.22025004249625899,MNAR,brms,655
y_noMiss,b_discharge,0.9030279412459293,0.042508636361537115,0.8189974900201926,0.9032703002596278,0.9846230309957771,MNAR,brms,655
y_noMiss,phi,0.8699121873952755,0.030169542796524444,0.8107270761606737,0.8692017974372865,0.9302207769360176,MNAR,brms,655
y_noMiss,sigma,0.9431730652885297,0.039965839210694735,0.869906762220151,0.9415040042796596,1.025343415120221,MNAR,brms,655
y_noMiss,Intercept,0.3681276935819489,0.40235711336848756,-0.42746686355490315,0.368363586492775,1.1683661265753906,MNAR,brms,655
