missingprop_autocor,parameter,mean,sd,2.5%,50%,97.5%,missingness,type,run_no
y_noMiss,b_Intercept,0.3774063541557541,0.07642724863436363,0.22914660608185664,0.377379896542961,0.5278318108348427,MNAR,brms,656
y_noMiss,b_light,-0.7803495954042655,0.06029331919446729,-0.8998287786468026,-0.7798909782842594,-0.6621541851918794,MNAR,brms,656
y_noMiss,b_discharge,1.3797873904591618,0.055444491035609604,1.2703221580948467,1.378506645431623,1.489639214539794,MNAR,brms,656
y_noMiss,phi,0.22197190050717536,0.05800837448575014,0.10953495171399313,0.22115021311747654,0.3369300297454058,MNAR,brms,656
y_noMiss,sigma,1.0029381730821156,0.042189846107486516,0.9255307200826115,1.001008432897563,1.0908584599029119,MNAR,brms,656
y_noMiss,Intercept,0.3297889988887747,0.07640074011582486,0.18150122735945587,0.32982486461747146,0.479403812234161,MNAR,brms,656
