missingprop_autocor,parameter,mean,sd,2.5%,50%,97.5%,missingness,type,run_no
y_noMiss,b_Intercept,0.10872795413581149,0.0683861556084441,-0.02521434270322171,0.10889437577451525,0.24321713253951102,MNAR,brms,657
y_noMiss,b_light,-0.9045863389869465,0.05836713442047161,-1.0188865001052272,-0.904473920279169,-0.7915009405563873,MNAR,brms,657
y_noMiss,b_discharge,-0.2883911247471697,0.06492484606985235,-0.4159253005373649,-0.28809802637436877,-0.1624896102125311,MNAR,brms,657
y_noMiss,phi,0.07939834067110536,0.059418436442924945,-0.03795803387445276,0.07861911211059659,0.19568233608506938,MNAR,brms,657
y_noMiss,sigma,1.0684358487234253,0.045194389116197706,0.9857756754765382,1.0667310463344277,1.1606424687167516,MNAR,brms,657
y_noMiss,Intercept,0.12159711038822565,0.06815741827409301,-0.010567557675689461,0.12127505104674555,0.2571562847824122,MNAR,brms,657
