missingprop_autocor,parameter,mean,sd,2.5%,50%,97.5%,missingness,type,run_no
y_noMiss,b_Intercept,0.41836992963192665,0.2978158880557269,-0.16111381536507,0.41776174448427705,1.0099273721934503,MNAR,brms,658
y_noMiss,b_light,1.1829558523688344,0.0504160082898719,1.085766081200988,1.1825241349012632,1.2827270639607613,MNAR,brms,658
y_noMiss,b_discharge,0.5281198926161275,0.04922093749323226,0.4318768979406324,0.528026334568659,0.6264310521667558,MNAR,brms,658
y_noMiss,phi,0.8019363260239956,0.0361759898883988,0.7312617448152001,0.8016286768203779,0.8716957788212514,MNAR,brms,658
y_noMiss,sigma,1.024885704388334,0.04247976535358671,0.9457274141479958,1.023532610202834,1.1122036954787633,MNAR,brms,658
y_noMiss,Intercept,0.49801664708211063,0.2979226107042897,-0.0834759724021483,0.4977606146816904,1.0917621386727843,MNAR,brms,658
