missingprop_autocor,parameter,mean,sd,2.5%,50%,97.5%,missingness,type,run_no
y_noMiss,b_Intercept,-0.73338722171515,0.09451169668550963,-0.91541813171223,-0.7330436767578179,-0.5491750549182701,MNAR,brms,659
y_noMiss,b_light,0.21601152339978724,0.057630982320245626,0.10191148257146496,0.21606165201973782,0.327145403798993,MNAR,brms,659
y_noMiss,b_discharge,-2.221101173618025,0.05573976537250496,-2.3322909752618006,-2.220943381304485,-2.11353311855236,MNAR,brms,659
y_noMiss,phi,0.35504167363932726,0.0564915187375978,0.24438605135017388,0.35447135417081727,0.46729282529799143,MNAR,brms,659
y_noMiss,sigma,1.0389021975622206,0.04372697124458449,0.9580529832669503,1.0371519134366207,1.1301308592184984,MNAR,brms,659
y_noMiss,Intercept,-0.8052067239263917,0.09431337361838993,-0.9879746158032713,-0.8052190781337354,-0.6230155319683193,MNAR,brms,659
