missingprop_autocor,parameter,mean,sd,2.5%,50%,97.5%,missingness,type,run_no
y_noMiss,b_Intercept,-0.07938726001401038,0.06947124216622504,-0.21686594682795643,-0.07975202562364139,0.05938645592042448,MNAR,brms,65
y_noMiss,b_light,-0.13901568266967007,0.05590718429169646,-0.24955739513241795,-0.1393388736025206,-0.028486077720847477,MNAR,brms,65
y_noMiss,b_discharge,-0.5476592366608277,0.05749923205549773,-0.6591303839348369,-0.5474382268625368,-0.4389759722456223,MNAR,brms,65
y_noMiss,phi,0.21770248313470733,0.05689552969309768,0.10744353645669846,0.21739377351450573,0.32956590075499975,MNAR,brms,65
y_noMiss,sigma,0.9397848922770503,0.03959405351090183,0.8660636251733943,0.9383424114958308,1.0206936742418047,MNAR,brms,65
y_noMiss,Intercept,-0.03926640870972771,0.06928615656048348,-0.17642877416954356,-0.039506638798997906,0.09961511893600591,MNAR,brms,65
