missingprop_autocor,parameter,mean,sd,2.5%,50%,97.5%,missingness,type,run_no
y_noMiss,b_Intercept,0.5863518717667019,0.06901577348463213,0.45279793329300777,0.5859608121366976,0.7213086709219143,MNAR,brms,660
y_noMiss,b_light,-1.5003664792532863,0.06077692145174077,-1.6238813171561144,-1.500941244079725,-1.38278178292229,MNAR,brms,660
y_noMiss,b_discharge,-0.014959343936432869,0.06036882846642846,-0.1329937291340683,-0.015010939451127595,0.1020197859112299,MNAR,brms,660
y_noMiss,phi,0.09720380510259785,0.058694621450669025,-0.019294241977334477,0.09709839989677742,0.21078097373285687,MNAR,brms,660
y_noMiss,sigma,1.0554575900970506,0.04370534671489593,0.9723548690543419,1.05391344486506,1.1437933940920544,MNAR,brms,660
y_noMiss,Intercept,0.5968843808711678,0.06873835681093453,0.46378577105222263,0.5968214339887952,0.7308331365742333,MNAR,brms,660
