missingprop_autocor,parameter,mean,sd,2.5%,50%,97.5%,missingness,type,run_no
y_noMiss,b_Intercept,-0.7939598874596777,0.13873668914215026,-1.0681853559542474,-0.794759782165612,-0.5167972641809555,MNAR,brms,661
y_noMiss,b_light,-1.2453289234386702,0.05608425814067857,-1.3531004646424747,-1.2454343888076487,-1.137118700771791,MNAR,brms,661
y_noMiss,b_discharge,-1.2893296746924099,0.05135401381926214,-1.38883989466892,-1.2890144462287552,-1.1891917141829593,MNAR,brms,661
y_noMiss,phi,0.5486754081916589,0.05029918265513636,0.4484778075634848,0.5493797325743859,0.6467340036576747,MNAR,brms,661
y_noMiss,sigma,1.0503980856924682,0.04454975118007019,0.9677737009197711,1.0488564492757688,1.1429915624218285,MNAR,brms,661
y_noMiss,Intercept,-0.7859463755892714,0.13871996144393606,-1.0616005176690726,-0.7867442605480609,-0.5083873264696673,MNAR,brms,661
