missingprop_autocor,parameter,mean,sd,2.5%,50%,97.5%,missingness,type,run_no
y_noMiss,b_Intercept,-1.8802180808499462,0.23372834564535097,-2.364935984406326,-1.8742849426139498,-1.437586159502321,MNAR,brms,662
y_noMiss,b_light,0.5202052420210699,0.049064446256148093,0.425311773560106,0.5204717663354143,0.6140123058679156,MNAR,brms,662
y_noMiss,b_discharge,0.89782043041351145,0.049595114643507056,0.8020820557090832,0.8984365543327735,0.9935215226351836,MNAR,brms,662
y_noMiss,phi,0.7450802604824364,0.04140961997910219,0.664494226873845,0.7448057450600626,0.8258574853377486,MNAR,brms,662
y_noMiss,sigma,1.004591966834505,0.04223840402594803,0.9266988198937933,1.0033576709906589,1.0918251569310924,MNAR,brms,662
y_noMiss,Intercept,-1.875137099339839,0.23383131721590117,-2.3584880629985676,-1.8690059436799213,-1.4346695020622886,MNAR,brms,662
