missingprop_autocor,parameter,mean,sd,2.5%,50%,97.5%,missingness,type,run_no
y_noMiss,b_Intercept,0.81107715043104,0.07040176795796971,0.6721199167710176,0.8108639204449912,0.9490281075567071,MNAR,brms,663
y_noMiss,b_light,1.213714204210308,0.06326973254868663,1.0915107987829937,1.2131316311374705,1.3378687905269941,MNAR,brms,663
y_noMiss,b_discharge,0.5410075852828421,0.061119762881438354,0.41947391733065525,0.5412128247415195,0.6606144687066756,MNAR,brms,663
y_noMiss,phi,0.08649646803098389,0.05956971424711447,-0.030719756197350446,0.08612755900451835,0.204721252643833,MNAR,brms,663
y_noMiss,sigma,1.0650635489252667,0.0438439149534587,0.983339819814887,1.0634276897682065,1.1561336892000955,MNAR,brms,663
y_noMiss,Intercept,0.8237367382581908,0.07031859959170232,0.6848240327050432,0.8235985099478661,0.9609048391228178,MNAR,brms,663
