missingprop_autocor,parameter,mean,sd,2.5%,50%,97.5%,missingness,type,run_no
y_noMiss,b_Intercept,0.7630247753545569,0.08111989941089488,0.6029142491882025,0.7634359206723127,0.9238656252348416,MNAR,brms,664
y_noMiss,b_light,0.0067486592870572544,0.05496083900396651,-0.10283063219944458,0.007224527536956054,0.11458058236840714,MNAR,brms,664
y_noMiss,b_discharge,-0.004848515500084402,0.059439362553573044,-0.12242319836761745,-0.005302480822543368,0.11215548169850399,MNAR,brms,664
y_noMiss,phi,0.2705190049905808,0.056716586185833,0.1611067001876327,0.2700307283160086,0.3820396219165554,MNAR,brms,664
y_noMiss,sigma,0.9821331307975772,0.04100329545368688,0.9043590452438742,0.9808944360832167,1.0654764359244862,MNAR,brms,664
y_noMiss,Intercept,0.7632177838420505,0.08111228981451424,0.6038526751391096,0.7634861786967562,0.9233779915092488,MNAR,brms,664
