missingprop_autocor,parameter,mean,sd,2.5%,50%,97.5%,missingness,type,run_no
y_noMiss,b_Intercept,-0.15414870463714767,0.08558752553189244,-0.32504375531348895,-0.15535205667494628,0.015290847433981524,MNAR,brms,665
y_noMiss,b_light,-0.9489686905183807,0.06012020931686603,-1.0653246099992275,-0.9492507686193234,-0.8298438634102157,MNAR,brms,665
y_noMiss,b_discharge,-0.6695710274532773,0.057850807320042635,-0.782750882413579,-0.6688026957477873,-0.5574321835614092,MNAR,brms,665
y_noMiss,phi,0.2663321616507168,0.05698794221749917,0.15532096610754112,0.2658646889507541,0.3790670945533118,MNAR,brms,665
y_noMiss,sigma,1.0491297793550178,0.04340701306501765,0.9689825168822617,1.0478512400136268,1.1388488699926718,MNAR,brms,665
y_noMiss,Intercept,-0.1506167712473213,0.08548856439731256,-0.3201652980553609,-0.15198557887400135,0.01885934266257127,MNAR,brms,665
