missingprop_autocor,parameter,mean,sd,2.5%,50%,97.5%,missingness,type,run_no
y_noMiss,b_Intercept,0.044206564914261906,0.2529042039741269,-0.4473469950821342,0.04105700569439056,0.5489481769919924,MNAR,brms,666
y_noMiss,b_light,0.5079665511888398,0.04966803567919725,0.4101574970264792,0.5086477143048223,0.6061491095174111,MNAR,brms,666
y_noMiss,b_discharge,-1.109640973670413,0.050667119798186486,-1.2100351821876025,-1.1094868256370003,-1.0095453138824346,MNAR,brms,666
y_noMiss,phi,0.7531407784001533,0.03941695612307817,0.6762432754007387,0.7529487451863252,0.8298771458532418,MNAR,brms,666
y_noMiss,sigma,1.0666433799625743,0.044521360458375986,0.9828318980105148,1.0658964241076805,1.1572538599517987,MNAR,brms,666
y_noMiss,Intercept,0.1125627685089055,0.25297563596509576,-0.37699146168831654,0.10877027607797911,0.6180929108311349,MNAR,brms,666
