missingprop_autocor,parameter,mean,sd,2.5%,50%,97.5%,missingness,type,run_no
y_noMiss,b_Intercept,1.457710172695522,0.16304285546320507,1.1309950707326806,1.4563987079454068,1.7767094002685995,MNAR,brms,667
y_noMiss,b_light,-0.4567510085259389,0.05062382341578542,-0.5569365604857641,-0.4565708528678494,-0.3580529054599227,MNAR,brms,667
y_noMiss,b_discharge,-0.7242225454888441,0.04688537370999454,-0.8157736945683989,-0.7240659236613651,-0.6333170762552305,MNAR,brms,667
y_noMiss,phi,0.6430803995902555,0.045208029166162546,0.554320336198518,0.6429995022770376,0.7320215920374465,MNAR,brms,667
y_noMiss,sigma,1.000387744116491,0.04225296007449444,0.9219453123840224,0.9989572745020971,1.088511145740825,MNAR,brms,667
y_noMiss,Intercept,1.5088467680282784,0.16300443957451322,1.181801095423199,1.507293906422504,1.8277935956473932,MNAR,brms,667
