missingprop_autocor,parameter,mean,sd,2.5%,50%,97.5%,missingness,type,run_no
y_noMiss,b_Intercept,0.8677348271001896,0.10293676328547974,0.6639319386191554,0.8692398662658645,1.0670008353880485,MNAR,brms,668
y_noMiss,b_light,1.1895401544691493,0.050121651343436845,1.0922326844192112,1.1892576202764271,1.2872830832492341,MNAR,brms,668
y_noMiss,b_discharge,0.6102360025620985,0.0555598475537515,0.5016988719084869,0.6100707933575655,0.7196698436767712,MNAR,brms,668
y_noMiss,phi,0.43686233396436974,0.053518131877864625,0.3317436509810781,0.4372342047808581,0.541739554928357,MNAR,brms,668
y_noMiss,sigma,0.9807491638840558,0.04085724987714207,0.9046940947911288,0.9788838123388447,1.0633829179316099,MNAR,brms,668
y_noMiss,Intercept,0.9277254384188964,0.10280810875750336,0.7235534772438149,0.9293295211863122,1.1256371927453486,MNAR,brms,668
