missingprop_autocor,parameter,mean,sd,2.5%,50%,97.5%,missingness,type,run_no
y_noMiss,b_Intercept,-0.4898692757926756,0.08109380231097192,-0.649147978923901,-0.4908530607057525,-0.32930321394097295,MNAR,brms,669
y_noMiss,b_light,0.24773456072122083,0.05581448795275656,0.13688408607414757,0.2477904568738879,0.35541964058633724,MNAR,brms,669
y_noMiss,b_discharge,0.7448603541819876,0.061215092915126834,0.6242894514385313,0.7444832936914993,0.8644781851260462,MNAR,brms,669
y_noMiss,phi,0.24806073310858226,0.05769182448488617,0.1342550797579998,0.2482501631713358,0.3631875468870232,MNAR,brms,669
y_noMiss,sigma,1.0557224289090978,0.04458165003462419,0.9727915119817592,1.0539012049779988,1.14676019677186,MNAR,brms,669
y_noMiss,Intercept,-0.49248530561623555,0.0810289472605183,-0.6505796470182503,-0.49336069563244067,-0.3316217396338736,MNAR,brms,669
