missingprop_autocor,parameter,mean,sd,2.5%,50%,97.5%,missingness,type,run_no
y_noMiss,b_Intercept,0.09298183593478473,0.09559575138369528,-0.10253504778796083,0.09300957899280393,0.28049617008533334,MNAR,brms,66
y_noMiss,b_light,-0.08477761819064954,0.05307697813479427,-0.18931623962132826,-0.0848468528566151,0.019322882952689416,MNAR,brms,66
y_noMiss,b_discharge,0.11008140311816275,0.05290322736198979,0.007674376199235639,0.10955663730292552,0.21404858487972572,MNAR,brms,66
y_noMiss,phi,0.41517897457088315,0.053725797782517806,0.309468896252133,0.4156536825668428,0.520098687837773,MNAR,brms,66
y_noMiss,sigma,0.9464148054229823,0.040302631463841825,0.8723899883638988,0.9450798410731105,1.0296708892980477,MNAR,brms,66
y_noMiss,Intercept,0.08471388208380373,0.09546727662501608,-0.10901436446534304,0.08475788390028614,0.2724707003853866,MNAR,brms,66
