missingprop_autocor,parameter,mean,sd,2.5%,50%,97.5%,missingness,type,run_no
y_noMiss,b_Intercept,-2.9133249092892175,0.08372079144105847,-3.077572979146073,-2.9135655552865227,-2.745934922975991,MNAR,brms,670
y_noMiss,b_light,0.860839723336309,0.05935103390628943,0.7439876604888477,0.8609308413424629,0.9786517408067292,MNAR,brms,670
y_noMiss,b_discharge,0.5764796137419067,0.057230169063289336,0.46517850306339487,0.5765377654036761,0.6878025211870515,MNAR,brms,670
y_noMiss,phi,0.25773667979837234,0.057309352493514334,0.14382328634232758,0.2584529461393176,0.3676961201057246,MNAR,brms,670
y_noMiss,sigma,1.0377849910735402,0.043443627025914804,0.956966572336854,1.0362461942270786,1.1264580070969341,MNAR,brms,670
y_noMiss,Intercept,-2.9818992670783735,0.08347478328890566,-3.1454028370953666,-2.981970684848234,-2.816677686805144,MNAR,brms,670
