missingprop_autocor,parameter,mean,sd,2.5%,50%,97.5%,missingness,type,run_no
y_noMiss,b_Intercept,-1.1608144520527928,0.06194058811535492,-1.2812696660858136,-1.1614712913531207,-1.0390233662390809,MNAR,brms,671
y_noMiss,b_light,0.5078845952312762,0.05640774920179867,0.39796794913678774,0.5078222393900609,0.6206914594588725,MNAR,brms,671
y_noMiss,b_discharge,1.385349842232284,0.05885125811406538,1.2696200757143024,1.3849480333673774,1.49854628723126,MNAR,brms,671
y_noMiss,phi,0.03813963419861048,0.05966594360742103,-0.07983574472294697,0.03737673090809352,0.15452800557984692,MNAR,brms,671
y_noMiss,sigma,1.014908841638146,0.042958522677058686,0.9346227701166285,1.0127311164900052,1.1032183558312352,MNAR,brms,671
y_noMiss,Intercept,-1.1537438796277042,0.06168692904236664,-1.2746043547174786,-1.1545044679872003,-1.0331088037580969,MNAR,brms,671
