missingprop_autocor,parameter,mean,sd,2.5%,50%,97.5%,missingness,type,run_no
y_noMiss,b_Intercept,0.3887630031931039,0.16309786051187233,0.07119491531712871,0.3873533963150142,0.7174664983315863,MNAR,brms,672
y_noMiss,b_light,-0.9556831222900283,0.05258133869745711,-1.0577802447535345,-0.9562699582615726,-0.8518660392720281,MNAR,brms,672
y_noMiss,b_discharge,0.8526214554679253,0.05069009687519169,0.7532906239341004,0.8525606837350201,0.952145720665388,MNAR,brms,672
y_noMiss,phi,0.6377008921030408,0.04672460525010746,0.5468789956373281,0.6377474233402227,0.728893173608558,MNAR,brms,672
y_noMiss,sigma,0.9978662157832179,0.041763230370227326,0.9214027774808047,0.9961903077527003,1.084593026930817,MNAR,brms,672
y_noMiss,Intercept,0.4000514479732741,0.16313163405262568,0.08252924907216502,0.3986272009230515,0.7293606853867155,MNAR,brms,672
