missingprop_autocor,parameter,mean,sd,2.5%,50%,97.5%,missingness,type,run_no
y_noMiss,b_Intercept,0.5524313243437485,0.1144239842518709,0.32350849035118784,0.5538518428982755,0.7772344645058631,MNAR,brms,673
y_noMiss,b_light,-2.414404563930715,0.05318593370044651,-2.5185700142072607,-2.415068981994928,-2.3090241358585955,MNAR,brms,673
y_noMiss,b_discharge,-0.5475068792144365,0.05191039960849739,-0.6494419140274733,-0.5473195212911379,-0.447807789233864,MNAR,brms,673
y_noMiss,phi,0.4790780763704404,0.0520964058963414,0.37688312081978237,0.4793806938580609,0.5803779966340221,MNAR,brms,673
y_noMiss,sigma,0.9986679388815504,0.04146114731537831,0.9226299663593003,0.9968969399621677,1.0832664407983865,MNAR,brms,673
y_noMiss,Intercept,0.7506571344502404,0.11415187948488373,0.5222030238038358,0.7519312226156682,0.9766990017147151,MNAR,brms,673
