missingprop_autocor,parameter,mean,sd,2.5%,50%,97.5%,missingness,type,run_no
y_noMiss,b_Intercept,-0.05452416412864435,0.1545025090338534,-0.35276006487242323,-0.05546119051484889,0.25390946740807724,MNAR,brms,674
y_noMiss,b_light,-1.5314117983573032,0.04455984262359583,-1.620068751998923,-1.5311967843304803,-1.4432663286718779,MNAR,brms,674
y_noMiss,b_discharge,0.4861342058835563,0.04841837797996167,0.39067905317485396,0.4861837993578541,0.5819829735833452,MNAR,brms,674
y_noMiss,phi,0.651709613406286,0.045257560167789784,0.5628522384301697,0.6513638264691028,0.7421886069656195,MNAR,brms,674
y_noMiss,sigma,0.9171967379520152,0.03789055915508204,0.8483214439607423,0.9155067795108047,0.9959011820609323,MNAR,brms,674
y_noMiss,Intercept,-0.19302228127860308,0.1544930993053958,-0.49066893527204564,-0.1939380249202907,0.11528029553545505,MNAR,brms,674
