missingprop_autocor,parameter,mean,sd,2.5%,50%,97.5%,missingness,type,run_no
y_noMiss,b_Intercept,0.6063430606403989,0.15433178582407658,0.3026659850514765,0.605669913989556,0.912189796063253,MNAR,brms,675
y_noMiss,b_light,1.3315970873447036,0.049204707018188645,1.2374935823393989,1.330801262566196,1.4283933840660408,MNAR,brms,675
y_noMiss,b_discharge,0.7980860911484751,0.053072615881356554,0.6953591580744669,0.7973744212611336,0.9016201368959471,MNAR,brms,675
y_noMiss,phi,0.6117607173572891,0.04748023100038789,0.5186305358133496,0.6117443412405233,0.7053119307181438,MNAR,brms,675
y_noMiss,sigma,1.0173079498574742,0.04273532746955473,0.9391536167105347,1.0153563818560363,1.1032739596760779,MNAR,brms,675
y_noMiss,Intercept,0.6592576428319384,0.1543386409999227,0.3559725567567299,0.6584244203577143,0.9652220955829959,MNAR,brms,675
