missingprop_autocor,parameter,mean,sd,2.5%,50%,97.5%,missingness,type,run_no
y_noMiss,b_Intercept,1.3272681511895783,0.0649024563185777,1.2003311037900213,1.327043929084091,1.456620378511278,MNAR,brms,676
y_noMiss,b_light,0.990590587168647,0.055906285693933584,0.8831370028215111,0.9907229464677341,1.1011242094085791,MNAR,brms,676
y_noMiss,b_discharge,1.0913803305569603,0.05529515070540058,0.9843172159868172,1.091182132479866,1.2002012254414995,MNAR,brms,676
y_noMiss,phi,0.10645619411480355,0.06119246484479912,-0.013193055574166734,0.10562166910551257,0.225198458630542,MNAR,brms,676
y_noMiss,sigma,1.0006266515042195,0.04258460683313702,0.9220412407021719,0.9987700981734011,1.0876594796389651,MNAR,brms,676
y_noMiss,Intercept,1.2867761608301052,0.06475837767087758,1.159685107140694,1.2865665422784007,1.4151118647043432,MNAR,brms,676
