missingprop_autocor,parameter,mean,sd,2.5%,50%,97.5%,missingness,type,run_no
y_noMiss,b_Intercept,2.2917381667855663,0.18307073974134486,1.9396625441357962,2.2874303002208456,2.663332695258812,MNAR,brms,677
y_noMiss,b_light,-0.8967606109720492,0.04816385739662626,-0.9898203194762177,-0.8975942450135249,-0.8005805468357919,MNAR,brms,677
y_noMiss,b_discharge,-0.6551660876230195,0.04551165943058151,-0.7437890380483227,-0.6548816380954757,-0.5661960632753058,MNAR,brms,677
y_noMiss,phi,0.6693206349431132,0.04561259207018815,0.5786763134742139,0.6692113178218506,0.7585456526151388,MNAR,brms,677
y_noMiss,sigma,1.0121327208999369,0.04282583216256192,0.9331642978355138,1.0107268619482797,1.1008705211087702,MNAR,brms,677
y_noMiss,Intercept,2.2179615544283555,0.18300205977538714,1.8672646332789544,2.213362244146465,2.5911830003318643,MNAR,brms,677
