missingprop_autocor,parameter,mean,sd,2.5%,50%,97.5%,missingness,type,run_no
y_noMiss,b_Intercept,1.7753966441387874,0.06279346958123297,1.6520155153985439,1.774913776967815,1.9010494705595407,MNAR,brms,678
y_noMiss,b_light,-0.7196212271657776,0.06219717279370528,-0.8394875010630312,-0.7198253301821353,-0.5970076191734701,MNAR,brms,678
y_noMiss,b_discharge,0.6077402478153747,0.06555131216765608,0.477452650834307,0.6081351177216008,0.7390114364556649,MNAR,brms,678
y_noMiss,phi,-0.006628208067307859,0.05893399166124306,-0.12438847304447032,-0.00681231807202593,0.11196310546510173,MNAR,brms,678
y_noMiss,sigma,1.0829736763105697,0.0455878941730354,0.9993098615221224,1.0812435401558331,1.1787805077920122,MNAR,brms,678
y_noMiss,Intercept,1.7527450558301867,0.062326912799200475,1.6295866025668708,1.7517722370366922,1.876731078478446,MNAR,brms,678
