missingprop_autocor,parameter,mean,sd,2.5%,50%,97.5%,missingness,type,run_no
y_noMiss,b_Intercept,-0.3250204628442823,0.0631325646561197,-0.44885082593349823,-0.32507179728668484,-0.20080059248371399,MNAR,brms,679
y_noMiss,b_light,-0.44482133695302994,0.0615254998313811,-0.5639500565489137,-0.4444779099880558,-0.32396887950020564,MNAR,brms,679
y_noMiss,b_discharge,0.019650668205939928,0.06571347021469784,-0.10973521201980055,0.019034729201039893,0.14636039890348904,MNAR,brms,679
y_noMiss,phi,0.010513370595813904,0.05995800227362873,-0.10634246448064873,0.009548057286854523,0.12735488455742672,MNAR,brms,679
y_noMiss,sigma,1.0429145491095122,0.04384312831934911,0.9617771354098649,1.041385983335487,1.1354009176365585,MNAR,brms,679
y_noMiss,Intercept,-0.29492083803717656,0.06280795175222394,-0.41844387580326203,-0.2953640924709978,-0.17101551688344713,MNAR,brms,679
