missingprop_autocor,parameter,mean,sd,2.5%,50%,97.5%,missingness,type,run_no
y_noMiss,b_Intercept,1.2383661783766382,0.13877622269932738,0.9659410667230269,1.2388908047926066,1.5070709167078447,MNAR,brms,67
y_noMiss,b_light,0.42869975059210064,0.04771433631873753,0.33383861799136216,0.4291277130694069,0.521998324509484,MNAR,brms,67
y_noMiss,b_discharge,1.580298401402592,0.05183690072139922,1.4767149102931505,1.580860165427054,1.6813121033362668,MNAR,brms,67
y_noMiss,phi,0.6084742162162358,0.04743489055591266,0.5166608756821981,0.6079134604943033,0.7020969763262205,MNAR,brms,67
y_noMiss,sigma,0.9197885501983557,0.03860386397603422,0.8469197194642188,0.9183561149250734,0.9999330560111465,MNAR,brms,67
y_noMiss,Intercept,1.134702831122001,0.13872145153048293,0.8646696214622019,1.134571742414946,1.4039735219315497,MNAR,brms,67
