missingprop_autocor,parameter,mean,sd,2.5%,50%,97.5%,missingness,type,run_no
y_noMiss,b_Intercept,-0.21883178491615576,0.2304302624471748,-0.6479371970734262,-0.2274255718285379,0.25968512960252604,MNAR,brms,680
y_noMiss,b_light,-1.2438846865113564,0.050283501154118705,-1.3433313403941396,-1.2438707985883481,-1.1440884692450413,MNAR,brms,680
y_noMiss,b_discharge,0.8034374131730359,0.04863563628092442,0.7077895898671295,0.8031676056952192,0.8990927338108166,MNAR,brms,680
y_noMiss,phi,0.7254663442224712,0.042018869080850195,0.6440862092243219,0.7247311360208624,0.8097039098412369,MNAR,brms,680
y_noMiss,sigma,1.0520291946216815,0.04366206475134301,0.9699906964599363,1.0511543008910065,1.140968030063254,MNAR,brms,680
y_noMiss,Intercept,-0.29253989809203046,0.230290651590531,-0.7222737987745452,-0.30085513489256044,0.1865774141135508,MNAR,brms,680
