missingprop_autocor,parameter,mean,sd,2.5%,50%,97.5%,missingness,type,run_no
y_noMiss,b_Intercept,-0.9972184468644758,0.061462079188386635,-1.1165542164340705,-0.997934577743581,-0.8746736029780411,MNAR,brms,681
y_noMiss,b_light,0.8192057349987713,0.05774248848973343,0.7052450736364076,0.81903817121492,0.932567258519116,MNAR,brms,681
y_noMiss,b_discharge,-0.8946777755836002,0.05909537641169426,-1.0100711384444656,-0.8949205141081107,-0.7798968729949396,MNAR,brms,681
y_noMiss,phi,0.040189322474972915,0.05990168890264145,-0.07670362700567208,0.04020661446030584,0.15746680523741674,MNAR,brms,681
y_noMiss,sigma,1.0067668153982523,0.04236068101442875,0.9272331102910614,1.005227685406677,1.0946545355403152,MNAR,brms,681
y_noMiss,Intercept,-1.0202874371708741,0.061398683486139645,-1.1393042299331506,-1.0211157241553201,-0.8983484206258389,MNAR,brms,681
