missingprop_autocor,parameter,mean,sd,2.5%,50%,97.5%,missingness,type,run_no
y_noMiss,b_Intercept,-2.221953880678245,0.1495666494477151,-2.521264917545941,-2.2220798857232573,-1.930798531872278,MNAR,brms,682
y_noMiss,b_light,0.9142509840236097,0.04692204520406978,0.8233212614107459,0.914104679802022,1.0058448933057573,MNAR,brms,682
y_noMiss,b_discharge,-0.06095666923352037,0.045841327184620986,-0.15151472784605333,-0.06110499852083689,0.029814394088531343,MNAR,brms,682
y_noMiss,phi,0.6081422380448118,0.046617407783903816,0.5158957139147851,0.608280595548685,0.6995794166249173,MNAR,brms,682
y_noMiss,sigma,0.9842052153424865,0.04155975433036198,0.906032860025628,0.9828545170369165,1.0701378862386108,MNAR,brms,682
y_noMiss,Intercept,-2.211572705360098,0.1496152724962402,-2.5117418698580645,-2.2117187233779467,-1.918792285873057,MNAR,brms,682
