missingprop_autocor,parameter,mean,sd,2.5%,50%,97.5%,missingness,type,run_no
y_noMiss,b_Intercept,0.35381047309754726,0.06821000561822912,0.2191652960561608,0.3531761735420466,0.48816414870005853,MNAR,brms,683
y_noMiss,b_light,0.19285293289936545,0.06130668954456949,0.07599424950076371,0.19306951465494973,0.31304363446868233,MNAR,brms,683
y_noMiss,b_discharge,1.5240556640699086,0.06238575154978599,1.4010774451877779,1.5240915875451009,1.6462070345143014,MNAR,brms,683
y_noMiss,phi,0.11121041024561776,0.059466741151406294,-0.004102672403318953,0.11162465914638182,0.23221678917713406,MNAR,brms,683
y_noMiss,sigma,1.0450114148309768,0.044193838870249566,0.9629991910755101,1.044005405694434,1.135546394517819,MNAR,brms,683
y_noMiss,Intercept,0.3962459453935597,0.06810612339060422,0.2615037316737133,0.3956934945741089,0.5311431111370565,MNAR,brms,683
