missingprop_autocor,parameter,mean,sd,2.5%,50%,97.5%,missingness,type,run_no
y_noMiss,b_Intercept,-0.5616937900653596,0.14737474779284213,-0.8457397098920666,-0.5615422064269978,-0.26617772102691406,MNAR,brms,684
y_noMiss,b_light,0.10788503292193735,0.04961202304439174,0.011921503937549595,0.10833239873531406,0.20489560679335234,MNAR,brms,684
y_noMiss,b_discharge,-1.6119526970742821,0.05100879981580773,-1.710320634855496,-1.6124515140659743,-1.5105726357615605,MNAR,brms,684
y_noMiss,phi,0.616184562823615,0.04615501718240786,0.5267258903407325,0.6156134011599953,0.7080090203753475,MNAR,brms,684
y_noMiss,sigma,0.9571989409204872,0.03992265720200872,0.8843899312306066,0.9553425354100356,1.0392789625383072,MNAR,brms,684
y_noMiss,Intercept,-0.6449501550101868,0.1473799609500732,-0.9303787918721987,-0.644715925403293,-0.3500268941594802,MNAR,brms,684
