missingprop_autocor,parameter,mean,sd,2.5%,50%,97.5%,missingness,type,run_no
y_noMiss,b_Intercept,0.28197556397134954,0.10800633250388009,0.06740868150636994,0.28278462764424805,0.4932889993973798,MNAR,brms,685
y_noMiss,b_light,-0.6508096026908919,0.056844845265281406,-0.7622841189963165,-0.6512007036718064,-0.5396770062964862,MNAR,brms,685
y_noMiss,b_discharge,-0.44285148957900966,0.05811892566121557,-0.5569972904143518,-0.44231411070337023,-0.3296161366626398,MNAR,brms,685
y_noMiss,phi,0.4161391948819452,0.055101381378597554,0.30881903398112837,0.4162998946042923,0.5238672031214878,MNAR,brms,685
y_noMiss,sigma,1.0617415583122736,0.04551197412408429,0.9780585951042712,1.0595574699656893,1.1554134335714488,MNAR,brms,685
y_noMiss,Intercept,0.3130255615035362,0.1079571715977705,0.09728612221355247,0.3140896668753347,0.523863122587096,MNAR,brms,685
