missingprop_autocor,parameter,mean,sd,2.5%,50%,97.5%,missingness,type,run_no
y_noMiss,b_Intercept,1.0028268109894956,0.08255723735774453,0.8447247288491853,1.0024863606482506,1.164623556088302,MNAR,brms,686
y_noMiss,b_light,-9.608105447139967e-4,0.05304663358115953,-0.10642426288950806,-4.7399270732867774e-4,0.10184916072768817,MNAR,brms,686
y_noMiss,b_discharge,0.2940381143292618,0.04965824930777624,0.19726793338938053,0.2944800342377676,0.39119087408950626,MNAR,brms,686
y_noMiss,phi,0.32405739823653873,0.056800876623863954,0.21226882973194558,0.32342242385636477,0.4354723038529858,MNAR,brms,686
y_noMiss,sigma,0.9400403589088586,0.038709949690802076,0.869339903098035,0.9387255097409926,1.0209554294507992,MNAR,brms,686
y_noMiss,Intercept,0.9896390390644361,0.08252246964137713,0.8305933306032101,0.9892460574024284,1.1520002145147779,MNAR,brms,686
