missingprop_autocor,parameter,mean,sd,2.5%,50%,97.5%,missingness,type,run_no
y_noMiss,b_Intercept,0.0787994337552965,0.2031841721261905,-0.317157170129737,0.07743434728746545,0.4697976002135001,MNAR,brms,687
y_noMiss,b_light,-0.5470324009828763,0.05221274759739581,-0.648388877964457,-0.546524609254303,-0.44654523263629214,MNAR,brms,687
y_noMiss,b_discharge,-0.23095782891501968,0.0504890230600134,-0.3282533063866842,-0.2315872331152031,-0.12984410006280384,MNAR,brms,687
y_noMiss,phi,0.7041017513814554,0.04217328002339848,0.6212809546641502,0.7043957203568444,0.787620649818836,MNAR,brms,687
y_noMiss,sigma,1.0231440542654122,0.042646978477249325,0.9430754147378755,1.0222525565890717,1.109596590814933,MNAR,brms,687
y_noMiss,Intercept,0.07027289289290346,0.20313770337908088,-0.3274701571278217,0.06884049838817512,0.46204761556524204,MNAR,brms,687
