missingprop_autocor,parameter,mean,sd,2.5%,50%,97.5%,missingness,type,run_no
y_noMiss,b_Intercept,-0.7062907850792829,0.10603491984463222,-0.9112838365567446,-0.7073517548769239,-0.495146092211262,MNAR,brms,688
y_noMiss,b_light,0.9598446341080017,0.05423168422862973,0.8532380425153689,0.960659771627314,1.0648098321240673,MNAR,brms,688
y_noMiss,b_discharge,-0.4769231936069956,0.05149557166728741,-0.5751839348581658,-0.4776565985383353,-0.37344030402765066,MNAR,brms,688
y_noMiss,phi,0.4536030196085446,0.05522539454881956,0.3457027895863772,0.454211767293606,0.561482360018247,MNAR,brms,688
y_noMiss,sigma,0.9844653803632781,0.041241395994756104,0.9075376158456282,0.983283198663882,1.069531110303024,MNAR,brms,688
y_noMiss,Intercept,-0.8403986076111929,0.10578445345229863,-1.0456055093432315,-0.8413984882924213,-0.6294240414468475,MNAR,brms,688
