missingprop_autocor,parameter,mean,sd,2.5%,50%,97.5%,missingness,type,run_no
y_noMiss,b_Intercept,-0.4564450287215097,0.09529774537209174,-0.6410539800879451,-0.45659854331831795,-0.2709179991017248,MNAR,brms,689
y_noMiss,b_light,-0.8897829262725571,0.06169586258628959,-1.0107343477877653,-0.8899386768958153,-0.7702799160210325,MNAR,brms,689
y_noMiss,b_discharge,0.11630662413513831,0.05650221641353442,0.003992618804012783,0.11653638005722744,0.22814334199844116,MNAR,brms,689
y_noMiss,phi,0.34221803427382996,0.056232373011723395,0.23265614897632897,0.34232196657074376,0.45275697363834655,MNAR,brms,689
y_noMiss,sigma,1.0608849692248539,0.04448101666378481,0.9783922473546494,1.0600040402325717,1.152045941668385,MNAR,brms,689
y_noMiss,Intercept,-0.40873103167483216,0.09529393035018663,-0.5941816001767812,-0.40837262515801015,-0.22379718575213275,MNAR,brms,689
