missingprop_autocor,parameter,mean,sd,2.5%,50%,97.5%,missingness,type,run_no
y_noMiss,b_Intercept,0.5709697348966966,0.1232494580263783,0.3260749214660106,0.5714071633492215,0.8138464338550112,MNAR,brms,68
y_noMiss,b_light,-1.6121396846230873,0.05170439910362583,-1.7104173756519288,-1.6126993330081585,-1.5081525960878621,MNAR,brms,68
y_noMiss,b_discharge,0.41258680781431134,0.05331455690098368,0.30926749634180906,0.41304747903282457,0.5169663938634188,MNAR,brms,68
y_noMiss,phi,0.5103236309807627,0.0511536215673771,0.4097043189592048,0.5106528501801306,0.6118523763461454,MNAR,brms,68
y_noMiss,sigma,1.0098955502216427,0.04280509562328576,0.929942756825982,1.0084689059847765,1.0986276722592219,MNAR,brms,68
y_noMiss,Intercept,0.4625139848151066,0.12302085508595817,0.2173051033827537,0.4633375792601041,0.7044305603808718,MNAR,brms,68
