missingprop_autocor,parameter,mean,sd,2.5%,50%,97.5%,missingness,type,run_no
y_noMiss,b_Intercept,-1.1582901875418565,0.13169962251345568,-1.4179043107085951,-1.158243268543035,-0.8982571214744268,MNAR,brms,690
y_noMiss,b_light,0.5036733126239169,0.051846849619111623,0.4026043361672451,0.5035190109926149,0.6060218740536616,MNAR,brms,690
y_noMiss,b_discharge,1.4458695714523992,0.05697094001510542,1.3327548736750687,1.4461433900220837,1.5589188057372967,MNAR,brms,690
y_noMiss,phi,0.5252646701978503,0.05104495013441105,0.4263324819445692,0.525054961999003,0.6269638072995662,MNAR,brms,690
y_noMiss,sigma,1.0654721073242066,0.04456716921701953,0.9833119944148213,1.063817820124437,1.1592595987914431,MNAR,brms,690
y_noMiss,Intercept,-1.0224198781489813,0.1315448468681431,-1.2810700873658436,-1.0216601730928716,-0.7642943302007525,MNAR,brms,690
