missingprop_autocor,parameter,mean,sd,2.5%,50%,97.5%,missingness,type,run_no
y_noMiss,b_Intercept,2.035060138805759,0.11048851251573108,1.8212997978786019,2.033818529175891,2.253595077653453,MNAR,brms,691
y_noMiss,b_light,-0.7616878304339612,0.05857560430939507,-0.8772043080709357,-0.7617013941289372,-0.648253743103305,MNAR,brms,691
y_noMiss,b_discharge,0.009452586699040304,0.05592591340436002,-0.100926301503909,0.009175231193505181,0.11770897137007211,MNAR,brms,691
y_noMiss,phi,0.462548655966566,0.05396934977977387,0.3549279482260758,0.46299756192405106,0.567563454854373,MNAR,brms,691
y_noMiss,sigma,1.008472419582003,0.042466641122425444,0.9280475261942829,1.0072504237731683,1.0951879950833376,MNAR,brms,691
y_noMiss,Intercept,2.011461591434436,0.11053394306351415,1.7972894604052185,2.010044689320396,2.2310283074954333,MNAR,brms,691
