missingprop_autocor,parameter,mean,sd,2.5%,50%,97.5%,missingness,type,run_no
y_noMiss,b_Intercept,0.33289202591602723,0.07203597563600664,0.19245146728756646,0.33184690312679,0.4747646123402451,MNAR,brms,692
y_noMiss,b_light,-0.9070258229620852,0.055696073589384006,-1.0160745508249107,-0.9067308084767898,-0.7966638296335227,MNAR,brms,692
y_noMiss,b_discharge,0.004709893625562791,0.05752199953765081,-0.10800233498866532,0.004953035482799465,0.11717555215216852,MNAR,brms,692
y_noMiss,phi,0.2172443371517726,0.058280549894910584,0.1028156762725798,0.2175654853341047,0.3290222780923673,MNAR,brms,692
y_noMiss,sigma,0.964934529292594,0.04098905187003858,0.8886369542323291,0.9632922848689357,1.0504355535053511,MNAR,brms,692
y_noMiss,Intercept,0.36630044661577893,0.07183001838373834,0.2263409343347755,0.3651068797508358,0.5085860511262016,MNAR,brms,692
