missingprop_autocor,parameter,mean,sd,2.5%,50%,97.5%,missingness,type,run_no
y_noMiss,b_Intercept,0.4981796339842382,0.08960825243707943,0.3197962381949674,0.49866912993147977,0.6740098090714419,MNAR,brms,693
y_noMiss,b_light,-0.8587209992786219,0.048301377474449396,-0.9534424367249799,-0.8587115749006077,-0.7637200128606029,MNAR,brms,693
y_noMiss,b_discharge,-0.6213257638682821,0.05577635817202578,-0.7318999011010827,-0.621388934198684,-0.511156831576306,MNAR,brms,693
y_noMiss,phi,0.3377921068100979,0.057402132163158724,0.22415488913522333,0.3385857379569969,0.4498941008208611,MNAR,brms,693
y_noMiss,sigma,0.9900827425495881,0.04173761305904364,0.9130671059280362,0.9884717039110282,1.0752486045978193,MNAR,brms,693
y_noMiss,Intercept,0.4171425891578592,0.08952682242431985,0.24105533702209145,0.4171967960885651,0.5935335887746084,MNAR,brms,693
