missingprop_autocor,parameter,mean,sd,2.5%,50%,97.5%,missingness,type,run_no
y_noMiss,b_Intercept,-3.0262717777685633,0.07848197851567786,-3.182731591039172,-3.0258746319580925,-2.8756476501592454,MNAR,brms,694
y_noMiss,b_light,-0.6485624992965648,0.06391384007656876,-0.7765730355747554,-0.6486120049808135,-0.5242105328131483,MNAR,brms,694
y_noMiss,b_discharge,0.3578894181889649,0.06278985128221003,0.23631269889230505,0.3578278625229189,0.4794364904314686,MNAR,brms,694
y_noMiss,phi,0.1832567837830662,0.05840656808700149,0.06811049664264011,0.18406977023977888,0.29649429019712137,MNAR,brms,694
y_noMiss,sigma,1.076346269071281,0.04474508721797249,0.9939791795186197,1.0744348880538155,1.1679255019018115,MNAR,brms,694
y_noMiss,Intercept,-3.0101813005565097,0.07841316696664538,-3.1668844910460217,-3.0097797569267977,-2.8589566730129485,MNAR,brms,694
