missingprop_autocor,parameter,mean,sd,2.5%,50%,97.5%,missingness,type,run_no
y_noMiss,b_Intercept,-2.053664438165892,0.09294976581050071,-2.2386492861203924,-2.0542562511539524,-1.871034413800447,MNAR,brms,695
y_noMiss,b_light,0.13333210959933348,0.060203718091749514,0.018974068707189283,0.13288780494437524,0.25088946652504723,MNAR,brms,695
y_noMiss,b_discharge,-1.5158530481903658,0.0618744822519107,-1.6353152335671308,-1.515574063942962,-1.3950944229489923,MNAR,brms,695
y_noMiss,phi,0.3112393475593704,0.056377127069801934,0.20164568872112812,0.3115250563678683,0.41982531914805726,MNAR,brms,695
y_noMiss,sigma,1.0679043803848265,0.04447903937717831,0.9851447191130926,1.0666044105452899,1.158186339661128,MNAR,brms,695
y_noMiss,Intercept,-2.042009114432044,0.09293995774543856,-2.22714986647338,-2.0426966413104592,-1.8588064281077548,MNAR,brms,695
