missingprop_autocor,parameter,mean,sd,2.5%,50%,97.5%,missingness,type,run_no
y_noMiss,b_Intercept,-1.4051082780978656,0.16575250711856196,-1.725492993873139,-1.4049599492542635,-1.077068215854401,MNAR,brms,696
y_noMiss,b_light,-0.45153669035179544,0.0496023560182678,-0.5495621712814344,-0.45074125120668895,-0.3563975958284563,MNAR,brms,696
y_noMiss,b_discharge,-0.41081628648467533,0.05137054367362166,-0.5106241502109006,-0.41067625367924343,-0.31008087458190126,MNAR,brms,696
y_noMiss,phi,0.647819199458438,0.046350394543126706,0.5545994574268038,0.6484679623012392,0.7374942145273699,MNAR,brms,696
y_noMiss,sigma,0.9866219751555558,0.041527749515644134,0.9093307479098237,0.985481239653818,1.071855814196158,MNAR,brms,696
y_noMiss,Intercept,-1.4103198777301111,0.16561091023131458,-1.732396310339917,-1.4099714655549636,-1.082081843567005,MNAR,brms,696
