missingprop_autocor,parameter,mean,sd,2.5%,50%,97.5%,missingness,type,run_no
y_noMiss,b_Intercept,-0.3503610633954755,0.07587900478181499,-0.4979902346202121,-0.350893696011064,-0.20398917895442933,MNAR,brms,697
y_noMiss,b_light,-0.030259269677277066,0.06280073792627594,-0.15469413955404476,-0.02990661307966168,0.09331090015931592,MNAR,brms,697
y_noMiss,b_discharge,0.6423560885100151,0.06632659278390655,0.5139117347677955,0.6420776507288408,0.7728401940735976,MNAR,brms,697
y_noMiss,phi,0.12308536184754323,0.059526298912588614,0.005799969063753388,0.12328006490871485,0.2405398680805905,MNAR,brms,697
y_noMiss,sigma,1.1128690012583862,0.04690817442542607,1.0246683464680744,1.1115699461772537,1.2079785826873748,MNAR,brms,697
y_noMiss,Intercept,-0.3816423571379873,0.0758947606182033,-0.5296002068986375,-0.3821046218189843,-0.23545686135141947,MNAR,brms,697
