missingprop_autocor,parameter,mean,sd,2.5%,50%,97.5%,missingness,type,run_no
y_noMiss,b_Intercept,-0.7260307744268576,0.14367395142397582,-1.0140898376099385,-0.7249967968840232,-0.4472825352673175,MNAR,brms,698
y_noMiss,b_light,0.736249532517985,0.04620132939264267,0.6453979079191139,0.7363683359803075,0.8257472528854485,MNAR,brms,698
y_noMiss,b_discharge,0.4905776659432999,0.04930464651758067,0.39403449484148945,0.4908339801046127,0.587765367100408,MNAR,brms,698
y_noMiss,phi,0.6259672616689249,0.046640010495904986,0.5362425131879911,0.6252264694879952,0.7183056510446146,MNAR,brms,698
y_noMiss,sigma,0.9255765615606678,0.03808842201165671,0.8544457708047073,0.9245729068659934,1.0049028773759536,MNAR,brms,698
y_noMiss,Intercept,-0.6786195685332547,0.14367112213173092,-0.9677212726797574,-0.6776213010084031,-0.3993719525717235,MNAR,brms,698
