missingprop_autocor,parameter,mean,sd,2.5%,50%,97.5%,missingness,type,run_no
y_noMiss,b_Intercept,0.3359254008963944,0.13358851573497144,0.07302153419424336,0.3386054081800338,0.6040865169660354,MNAR,brms,699
y_noMiss,b_light,-0.3579166074838413,0.05605600301074619,-0.46816242679382214,-0.35775625468981653,-0.24851214081787532,MNAR,brms,699
y_noMiss,b_discharge,0.5504927726766436,0.05456336852038365,0.44322559664671224,0.5503030055653456,0.6582101944617109,MNAR,brms,699
y_noMiss,phi,0.554268468672909,0.05000163937049426,0.4574861510476211,0.5540017274526312,0.6523652867468233,MNAR,brms,699
y_noMiss,sigma,1.0043890964875912,0.041513092638723915,0.9261576788579788,1.0025549096205684,1.0901556518800306,MNAR,brms,699
y_noMiss,Intercept,0.274623639808816,0.13354127432988977,0.011851993678106085,0.27712471338001854,0.5433245836427865,MNAR,brms,699
