missingprop_autocor,parameter,mean,sd,2.5%,50%,97.5%,missingness,type,run_no
y_noMiss,b_Intercept,-0.920106140223128,0.15360685930027998,-1.2219089595280297,-0.9199395255181033,-0.6169979921589678,MNAR,brms,69
y_noMiss,b_light,0.06224143910928655,0.05060256707102605,-0.038438881158832684,0.0624074632947529,0.16213053794424545,MNAR,brms,69
y_noMiss,b_discharge,0.4090887692406787,0.05359457684536976,0.30312007168973903,0.4092503429897992,0.5130511083240369,MNAR,brms,69
y_noMiss,phi,0.596363071344007,0.048332006065827465,0.5023442459997567,0.5961147346360043,0.6906512528743798,MNAR,brms,69
y_noMiss,sigma,1.0391761385580032,0.04355426358933696,0.9591529217615276,1.0370781035947565,1.1307411746759652,MNAR,brms,69
y_noMiss,Intercept,-0.8920604376967656,0.1533568231773493,-1.1959204135809682,-0.8917502019059669,-0.5906314373024253,MNAR,brms,69
