missingprop_autocor,parameter,mean,sd,2.5%,50%,97.5%,missingness,type,run_no
y_noMiss,b_Intercept,-1.435462786580779,0.08611076957576219,-1.603271304782505,-1.4352785313929024,-1.2700884875222649,MNAR,brms,6
y_noMiss,b_light,-0.6524429989988515,0.05403973253053947,-0.7571479276731539,-0.6522317566767812,-0.5468234923632224,MNAR,brms,6
y_noMiss,b_discharge,0.4483505495355761,0.061414982784315134,0.329323852999725,0.4485108174686261,0.5709533456541196,MNAR,brms,6
y_noMiss,phi,0.2846790988708908,0.05743033272854188,0.17258530525887514,0.284922570736967,0.3950149051576804,MNAR,brms,6
y_noMiss,sigma,1.0399490385492982,0.042794546383816,0.9599605288034558,1.038425170128385,1.128783016871787,MNAR,brms,6
y_noMiss,Intercept,-1.3678376263093042,0.08609417901096693,-1.5347100390086097,-1.3680641568700778,-1.202477117226759,MNAR,brms,6
