missingprop_autocor,parameter,mean,sd,2.5%,50%,97.5%,missingness,type,run_no
y_noMiss,b_Intercept,-0.7306004236123459,0.13612169673864147,-0.9950651235916349,-0.7318260660468181,-0.4580587562338275,MNAR,brms,700
y_noMiss,b_light,-0.9699068675986645,0.049352846538307536,-1.066115126433194,-0.970550946030202,-0.8718987476433346,MNAR,brms,700
y_noMiss,b_discharge,-0.4841772059597317,0.054157198312841034,-0.5910075282746581,-0.48381072339145936,-0.37730238516625286,MNAR,brms,700
y_noMiss,phi,0.5420031560982106,0.050931790245409746,0.4438814335342693,0.5415676629608079,0.6415445284354937,MNAR,brms,700
y_noMiss,sigma,1.0414278785416224,0.04394120960337037,0.9607767221001389,1.039927312437716,1.1313935272055495,MNAR,brms,700
y_noMiss,Intercept,-0.7430798938743624,0.1360809466866468,-1.007494653812829,-0.7440587193190503,-0.4711567906910681,MNAR,brms,700
