missingprop_autocor,parameter,mean,sd,2.5%,50%,97.5%,missingness,type,run_no
y_noMiss,b_Intercept,1.484042317320314,0.14262111183289428,1.2058004620045981,1.4852421904675748,1.7606314197571864,MNAR,brms,701
y_noMiss,b_light,0.11806906668435445,0.050330256166923854,0.01871347186096138,0.11811139564003545,0.2154370213081018,MNAR,brms,701
y_noMiss,b_discharge,1.5900289641232408,0.0508960849474369,1.4910554775299076,1.5902478518075793,1.6884540382218407,MNAR,brms,701
y_noMiss,phi,0.5783099870739219,0.048798658907693374,0.48329181650279085,0.5781869218653007,0.6743263667092115,MNAR,brms,701
y_noMiss,sigma,1.0056720085506285,0.042240677281730026,0.9271029169718281,1.0040505080242996,1.0917376710747941,MNAR,brms,701
y_noMiss,Intercept,1.4596489358547369,0.14258991075361377,1.1816020031742138,1.460709279043554,1.7361892565384567,MNAR,brms,701
