missingprop_autocor,parameter,mean,sd,2.5%,50%,97.5%,missingness,type,run_no
y_noMiss,b_Intercept,-1.6642601884506905,0.07562222960299476,-1.814923612878554,-1.6628756786996326,-1.5203413506254788,MNAR,brms,702
y_noMiss,b_light,-1.188091923627398,0.05794161991816642,-1.3012111104791855,-1.1881330564801762,-1.0737035919511217,MNAR,brms,702
y_noMiss,b_discharge,-0.22276514028064012,0.050534891945587544,-0.3227767969241431,-0.2233161661253277,-0.12295675889942029,MNAR,brms,702
y_noMiss,phi,0.2334483424380453,0.06036855704926758,0.11339523031823634,0.23335889367546225,0.35310796149066764,MNAR,brms,702
y_noMiss,sigma,0.9777199868930793,0.04082752694021603,0.9021263105339385,0.9759634489105515,1.0621719697774776,MNAR,brms,702
y_noMiss,Intercept,-1.644486163731959,0.07559538266133511,-1.7948820785809951,-1.6429502314731348,-1.5003282409936374,MNAR,brms,702
