missingprop_autocor,parameter,mean,sd,2.5%,50%,97.5%,missingness,type,run_no
y_noMiss,b_Intercept,1.0221232670071911,0.06365981497088374,0.896169708157553,1.0221452635020132,1.147296324799598,MNAR,brms,703
y_noMiss,b_light,-0.5857174319629058,0.05216703137398241,-0.6887616612779814,-0.5856983739745852,-0.48308396400109016,MNAR,brms,703
y_noMiss,b_discharge,-0.8099715419150024,0.05988416035234374,-0.9249110848077414,-0.8097295106865341,-0.6942626840401716,MNAR,brms,703
y_noMiss,phi,0.10254268279387534,0.058972910714619416,-0.011086639273358945,0.10256384858466683,0.2185752887043131,MNAR,brms,703
y_noMiss,sigma,0.994770791718209,0.04189967341625512,0.9157079953158909,0.9931429271008343,1.0810391666455863,MNAR,brms,703
y_noMiss,Intercept,1.0182010043367038,0.06366335604562305,0.8921590050266778,1.0181273877502754,1.1433838060387727,MNAR,brms,703
