missingprop_autocor,parameter,mean,sd,2.5%,50%,97.5%,missingness,type,run_no
y_noMiss,b_Intercept,-1.955069680349744,0.0909517184031635,-2.1343364844428683,-1.9556363003576438,-1.7789916245748885,MNAR,brms,704
y_noMiss,b_light,1.0318933252934746,0.05617239575710324,0.9200270311878254,1.0323560101462756,1.1407098391794734,MNAR,brms,704
y_noMiss,b_discharge,0.47420465154448777,0.05906505491192162,0.3607777412962782,0.4734074573270358,0.590628068500983,MNAR,brms,704
y_noMiss,phi,0.3047372323551609,0.056898618775495576,0.1948172750841283,0.30444691029130566,0.41735189201843054,MNAR,brms,704
y_noMiss,sigma,1.0494540875312208,0.04445430665245075,0.9663957256590522,1.0476649656227965,1.1401438561807282,MNAR,brms,704
y_noMiss,Intercept,-2.0140177517853886,0.09091759627304871,-2.192214279802926,-2.014051785118698,-1.8378925729094209,MNAR,brms,704
