missingprop_autocor,parameter,mean,sd,2.5%,50%,97.5%,missingness,type,run_no
y_noMiss,b_Intercept,1.4148186586609517,0.13226109309196848,1.1578042847723693,1.4111970203119344,1.6810051048853099,MNAR,brms,705
y_noMiss,b_light,-2.9495481378128154,0.0515803968950162,-3.0514114015955216,-2.9497660639151246,-2.8502095572660564,MNAR,brms,705
y_noMiss,b_discharge,0.09881017261745677,0.05214054257025495,-0.0029455958147034697,0.09884809310535593,0.20008968424048013,MNAR,brms,705
y_noMiss,phi,0.5369002724322534,0.050545654742207645,0.436357737638481,0.5370430436647998,0.6390612528021284,MNAR,brms,705
y_noMiss,sigma,1.0390303908785088,0.04375010184325688,0.9581239548705708,1.037248006057056,1.126981402665707,MNAR,brms,705
y_noMiss,Intercept,1.505869695321271,0.13226343931026824,1.2486261736488626,1.5025424765054773,1.7717551735826327,MNAR,brms,705
