missingprop_autocor,parameter,mean,sd,2.5%,50%,97.5%,missingness,type,run_no
y_noMiss,b_Intercept,-0.3023098817400202,0.37956937695768855,-1.0701459670143298,-0.3012180161245676,0.4459265287667418,MNAR,brms,706
y_noMiss,b_light,1.7240083583950419,0.042088346492037645,1.6414314489854982,1.7236106978332697,1.806480933966636,MNAR,brms,706
y_noMiss,b_discharge,0.026059054939580058,0.04842836182716996,-0.06840139118005333,0.026545271174240423,0.12229068469234008,MNAR,brms,706
y_noMiss,phi,0.8541009747011583,0.03150079336279324,0.7923318558698552,0.8539854763317125,0.9153771750669352,MNAR,brms,706
y_noMiss,sigma,0.9848557213265745,0.04137784019765243,0.908616524535076,0.9828441153004238,1.070850068714655,MNAR,brms,706
y_noMiss,Intercept,-0.21419050818203625,0.379606085634206,-0.9805111550578913,-0.21232115918633016,0.5315399814898545,MNAR,brms,706
