missingprop_autocor,parameter,mean,sd,2.5%,50%,97.5%,missingness,type,run_no
y_noMiss,b_Intercept,-2.1781964602633717,0.08417397650806394,-2.3420456266109677,-2.1777189180182672,-2.0106227183212946,MNAR,brms,707
y_noMiss,b_light,-8.794358462750739e-4,0.05306078167859963,-0.10374917480129654,-0.0013301886227792164,0.10284350816876617,MNAR,brms,707
y_noMiss,b_discharge,0.8090109487524183,0.057583231952719145,0.6952146598735601,0.8095139453498481,0.92160067784327,MNAR,brms,707
y_noMiss,phi,0.3010335082779991,0.05798298710576655,0.18883796905226657,0.3014651536284806,0.41490522981639655,MNAR,brms,707
y_noMiss,sigma,0.991294343586385,0.0409765159113358,0.9158659060461544,0.9892238400891435,1.0748888356922057,MNAR,brms,707
y_noMiss,Intercept,-2.0578607338657715,0.08377405994751892,-2.2216860797213656,-2.0580031204567764,-1.8904891036749807,MNAR,brms,707
