missingprop_autocor,parameter,mean,sd,2.5%,50%,97.5%,missingness,type,run_no
y_noMiss,b_Intercept,-1.9205904713668605,0.0607779091925664,-2.0389176311863557,-1.920338544984855,-1.8017343934078625,MNAR,brms,708
y_noMiss,b_light,0.9704117992242374,0.060790532156272725,0.8496220891201087,0.9704858427156184,1.0905215508943857,MNAR,brms,708
y_noMiss,b_discharge,0.9461744651965747,0.06258834202720567,0.8244741653594247,0.9456449597312289,1.0677006444914554,MNAR,brms,708
y_noMiss,phi,0.03918821526041223,0.06116493593875353,-0.08062418766814143,0.039367069774251806,0.16010194751758489,MNAR,brms,708
y_noMiss,sigma,1.0024295659054447,0.04228077871050844,0.9233941963504602,1.0007679462935437,1.0898212963650808,MNAR,brms,708
y_noMiss,Intercept,-1.947517713448732,0.060636310650613374,-2.0659754211357684,-1.9471808348084136,-1.8283805813243788,MNAR,brms,708
