missingprop_autocor,parameter,mean,sd,2.5%,50%,97.5%,missingness,type,run_no
y_noMiss,b_Intercept,-1.3776216449629872,0.11211666062119967,-1.5983221915162187,-1.3773024032787105,-1.1570204058229598,MNAR,brms,709
y_noMiss,b_light,0.3783596022499121,0.05321073903870969,0.2738370960315295,0.37867292723692103,0.48035802649482423,MNAR,brms,709
y_noMiss,b_discharge,1.691141811814045,0.05582871211035064,1.583080856934427,1.6902240842344316,1.799366054632036,MNAR,brms,709
y_noMiss,phi,0.4613593797441679,0.052650030863164804,0.3572818640421338,0.4608888221203924,0.5666284595747197,MNAR,brms,709
y_noMiss,sigma,1.025859638188992,0.04326508352232024,0.9430227355967915,1.0247674508869788,1.1145795870815771,MNAR,brms,709
y_noMiss,Intercept,-1.1955753939253344,0.11205314915572044,-1.4178996012966043,-1.1952231217128662,-0.9747403027165964,MNAR,brms,709
