missingprop_autocor,parameter,mean,sd,2.5%,50%,97.5%,missingness,type,run_no
y_noMiss,b_Intercept,0.21003198243359572,0.08959692756652415,0.03496198505015314,0.21011309490791324,0.38590209585897006,MNAR,brms,70
y_noMiss,b_light,1.2057499143991997,0.05465507393372834,1.0994684720541705,1.2059279077297158,1.3118651062491682,MNAR,brms,70
y_noMiss,b_discharge,-0.4550129098788898,0.055172372459291893,-0.5624939662900131,-0.45471259716209766,-0.3455588375161585,MNAR,brms,70
y_noMiss,phi,0.3454939441992453,0.056083103205967766,0.23670670649884962,0.3453160832822165,0.45439604106993875,MNAR,brms,70
y_noMiss,sigma,0.9754434652689177,0.04147927865151876,0.897790448678669,0.9739651144814108,1.061321763009694,MNAR,brms,70
y_noMiss,Intercept,0.3936058991551527,0.08937252412959588,0.21881566608181383,0.39284852788629304,0.5681834006243085,MNAR,brms,70
