missingprop_autocor,parameter,mean,sd,2.5%,50%,97.5%,missingness,type,run_no
y_noMiss,b_Intercept,0.16495775249509684,0.1372466735783546,-0.1028174069009507,0.16403441954146442,0.4373745122260836,MNAR,brms,710
y_noMiss,b_light,-1.0533233058458964,0.051472971282246635,-1.1539125924215345,-1.0529981270557731,-0.9517221614128196,MNAR,brms,710
y_noMiss,b_discharge,-1.4298973867327898,0.048064538330983266,-1.5249417207680602,-1.4296610220513597,-1.3353522104781652,MNAR,brms,710
y_noMiss,phi,0.5669342405645216,0.04861844246458091,0.4722204685803688,0.5670384780385657,0.6631224640028487,MNAR,brms,710
y_noMiss,sigma,0.9809536302535737,0.040958717187270316,0.9048562300899249,0.9791062672194771,1.0662725627525467,MNAR,brms,710
y_noMiss,Intercept,0.1643025176182933,0.13727866476779607,-0.10398231981661805,0.16323869807403646,0.43618617253108033,MNAR,brms,710
