missingprop_autocor,parameter,mean,sd,2.5%,50%,97.5%,missingness,type,run_no
y_noMiss,b_Intercept,0.10960679645240085,0.14558863320066345,-0.1769885865305308,0.10960434318417163,0.3947757568802725,MNAR,brms,711
y_noMiss,b_light,-0.16256170448425716,0.05329621877967067,-0.26674438391339733,-0.1626157639007456,-0.058323900531637954,MNAR,brms,711
y_noMiss,b_discharge,-0.7320620875796986,0.0470613419218711,-0.8233404463233477,-0.7314180776542571,-0.6390772986518706,MNAR,brms,711
y_noMiss,phi,0.5917244425218534,0.048124585192706744,0.4971262298177855,0.5912628650750644,0.6858393098300085,MNAR,brms,711
y_noMiss,sigma,0.9982729228133803,0.042285548707403524,0.9204610716336602,0.9970301881075845,1.0864832848525885,MNAR,brms,711
y_noMiss,Intercept,0.15743439634768064,0.14550967273631066,-0.12944587931028348,0.1572693163428465,0.44312257101644914,MNAR,brms,711
