missingprop_autocor,parameter,mean,sd,2.5%,50%,97.5%,missingness,type,run_no
y_noMiss,b_Intercept,0.4781510106443526,0.0689811802491378,0.34327346645687096,0.47860121163825775,0.6152243264311791,MNAR,brms,712
y_noMiss,b_light,-0.9895542031451701,0.058184499277300496,-1.1032410285036414,-0.9895389872575644,-0.8759869221420113,MNAR,brms,712
y_noMiss,b_discharge,-0.1270627560076673,0.06019487970868814,-0.2454142106569435,-0.1266384212851253,-0.008713123561232723,MNAR,brms,712
y_noMiss,phi,0.15769544670102006,0.05938627974105492,0.04311545706854683,0.15831756006599745,0.2736954589426134,MNAR,brms,712
y_noMiss,sigma,0.9812806960899513,0.04152418889603871,0.9047370361046967,0.979930999488407,1.0683487571766352,MNAR,brms,712
y_noMiss,Intercept,0.36046956067790353,0.06851142774424729,0.22700277969366112,0.3606228307632515,0.4951776630499103,MNAR,brms,712
