missingprop_autocor,parameter,mean,sd,2.5%,50%,97.5%,missingness,type,run_no
y_noMiss,b_Intercept,1.6776471369646497,0.06405943371388954,1.5498061558543326,1.6770951276607633,1.8053151756297223,MNAR,brms,713
y_noMiss,b_light,-1.8384411225493287,0.05605507032259435,-1.9480067520919166,-1.838631340693938,-1.729891201046171,MNAR,brms,713
y_noMiss,b_discharge,-1.1231198694588076,0.052176126800763854,-1.2242126528818673,-1.1238220755234476,-1.0202106255295207,MNAR,brms,713
y_noMiss,phi,0.12385763201946749,0.06061068636986675,0.0035604748723554965,0.12426383109821232,0.24151996026004657,MNAR,brms,713
y_noMiss,sigma,0.9655578414778984,0.04044729199983243,0.8906551219334142,0.9645492041966697,1.0474471697418464,MNAR,brms,713
y_noMiss,Intercept,1.6212792218370091,0.06405657677249764,1.4932226687761707,1.620879667792202,1.7485021842451265,MNAR,brms,713
