missingprop_autocor,parameter,mean,sd,2.5%,50%,97.5%,missingness,type,run_no
y_noMiss,b_Intercept,-0.137755173212071,0.10377556783086929,-0.34566699018064084,-0.136450279818011,0.0659400429253562,MNAR,brms,714
y_noMiss,b_light,0.9693817300723644,0.05346627189889254,0.8662490968713271,0.9691570812537649,1.074957102848301,MNAR,brms,714
y_noMiss,b_discharge,-0.6762445176134071,0.04698477402398114,-0.7699716535786608,-0.6763316156682084,-0.5850156335765488,MNAR,brms,714
y_noMiss,phi,0.4634001023690096,0.05288165131737102,0.3588153071956547,0.46306594621273284,0.5667007213855824,MNAR,brms,714
y_noMiss,sigma,0.955758623710119,0.04036365206283103,0.880828625579323,0.9540831462852415,1.040889987430545,MNAR,brms,714
y_noMiss,Intercept,-0.1723257365231343,0.1037510162702227,-0.381143803591059,-0.17102361635085045,0.03139141582141841,MNAR,brms,714
