missingprop_autocor,parameter,mean,sd,2.5%,50%,97.5%,missingness,type,run_no
y_noMiss,b_Intercept,-0.8914279285390709,0.11752529675355368,-1.12571987437064,-0.8913196893518944,-0.6624546085851757,MNAR,brms,715
y_noMiss,b_light,-0.3751143073283294,0.0499994259936829,-0.47282135148723947,-0.37509615291004356,-0.2770906993840151,MNAR,brms,715
y_noMiss,b_discharge,1.6278888797460378,0.05150389585329246,1.5248360162820223,1.6285976460783114,1.7270523292671713,MNAR,brms,715
y_noMiss,phi,0.5292251256469831,0.05149236042552216,0.4291781979341323,0.5297664202372091,0.6300149627279705,MNAR,brms,715
y_noMiss,sigma,0.9354781386892738,0.03914433050351071,0.8630096194224931,0.9339196362153094,1.0150094768795488,MNAR,brms,715
y_noMiss,Intercept,-0.9334761719332604,0.11744977565496686,-1.1679499785319534,-0.9328192561271238,-0.7058663312029837,MNAR,brms,715
