missingprop_autocor,parameter,mean,sd,2.5%,50%,97.5%,missingness,type,run_no
y_noMiss,b_Intercept,-0.9639838702116962,0.10603073977101088,-1.1719746046682982,-0.9645295582966281,-0.7580565195587273,MNAR,brms,716
y_noMiss,b_light,-0.800195220821694,0.058993648119127634,-0.9176508354549645,-0.8000498714566162,-0.6850128218461671,MNAR,brms,716
y_noMiss,b_discharge,1.0895097258327904,0.06236873289502186,0.9675475182687,1.0890872123817446,1.2111827383342217,MNAR,brms,716
y_noMiss,phi,0.38549699085524936,0.05551104449480363,0.2785341373214411,0.3846725058004328,0.49526406692566133,MNAR,brms,716
y_noMiss,sigma,1.0821555422748976,0.044998511295736364,0.998272706085881,1.0808104373233414,1.1731938795636314,MNAR,brms,716
y_noMiss,Intercept,-1.035097097570016,0.10585696210299969,-1.241407451336133,-1.0353584808004697,-0.829287180594149,MNAR,brms,716
