missingprop_autocor,parameter,mean,sd,2.5%,50%,97.5%,missingness,type,run_no
y_noMiss,b_Intercept,0.6794606925351656,0.05570784683674897,0.5702809574229841,0.6793187297907344,0.7894607063451442,MNAR,brms,717
y_noMiss,b_light,-0.1740933599609343,0.05107435534531978,-0.2739904187567576,-0.17485632804533263,-0.0726346696405708,MNAR,brms,717
y_noMiss,b_discharge,0.7796571188206571,0.059099559657904,0.6633767542111091,0.7798018090881922,0.8930797891367861,MNAR,brms,717
y_noMiss,phi,-0.07333965240721255,0.05960846352260677,-0.19027657332439996,-0.07323823261379625,0.04149430759251088,MNAR,brms,717
y_noMiss,sigma,0.9991062340819298,0.04077716686980566,0.9248940777487522,0.9979564206418221,1.081009565405743,MNAR,brms,717
y_noMiss,Intercept,0.6385759094196548,0.055420346233228605,0.5293903185246792,0.6381469627164469,0.7480159390281833,MNAR,brms,717
