missingprop_autocor,parameter,mean,sd,2.5%,50%,97.5%,missingness,type,run_no
y_noMiss,b_Intercept,-2.9464351314803627,0.1510633046092587,-3.2451443035308016,-2.9479079351038147,-2.6545747979737833,MNAR,brms,718
y_noMiss,b_light,0.03415321426895486,0.04586893461458624,-0.05512279625203766,0.03380516833609102,0.12787075186884633,MNAR,brms,718
y_noMiss,b_discharge,-0.8147332248487742,0.04705204184282381,-0.9079415094464005,-0.8146961926384644,-0.7247834978495422,MNAR,brms,718
y_noMiss,phi,0.6031518221936834,0.04882520652463489,0.5061835169488574,0.6034179800609485,0.6995886887839203,MNAR,brms,718
y_noMiss,sigma,1.0122241379375618,0.04271775815379178,0.933697163680222,1.0109925664822765,1.100858503861086,MNAR,brms,718
y_noMiss,Intercept,-2.9694966641678358,0.15098932039053792,-3.267302665853719,-2.9718565175832117,-2.675208822747627,MNAR,brms,718
