missingprop_autocor,parameter,mean,sd,2.5%,50%,97.5%,missingness,type,run_no
y_noMiss,b_Intercept,0.12300137316727931,0.06635355155523023,-0.007931017750487221,0.12348567080878542,0.2522869177870735,MNAR,brms,719
y_noMiss,b_light,-0.03372850205171583,0.06046291593450334,-0.15175999584904107,-0.03317101468784549,0.0828973086411806,MNAR,brms,719
y_noMiss,b_discharge,-0.11590471616063105,0.0621434712162944,-0.23769897077342336,-0.11643992245319701,0.006904738722726969,MNAR,brms,719
y_noMiss,phi,0.09513943198526226,0.05992861897282483,-0.01969475875850006,0.09493405012505697,0.21366364800809068,MNAR,brms,719
y_noMiss,sigma,1.0281617809810202,0.04374745654713723,0.9461763964364327,1.0264857569147328,1.1189044734616735,MNAR,brms,719
y_noMiss,Intercept,0.12230311389010864,0.06635616780497831,-0.00863260453130743,0.12279332515185978,0.25158412311737033,MNAR,brms,719
