missingprop_autocor,parameter,mean,sd,2.5%,50%,97.5%,missingness,type,run_no
y_noMiss,b_Intercept,0.123976568578138,0.14378575808117436,-0.15999065951280814,0.12282178517361479,0.4056576428082078,MNAR,brms,71
y_noMiss,b_light,-0.5061698920486971,0.05732805502618845,-0.6196936141485261,-0.5065788592977948,-0.394782582334062,MNAR,brms,71
y_noMiss,b_discharge,0.3147881942991581,0.05424982659969219,0.20891608055658187,0.3142528123745736,0.42182753551516455,MNAR,brms,71
y_noMiss,phi,0.5577986662628416,0.050064234118850075,0.4590878570930837,0.5576746062296218,0.6554592693383288,MNAR,brms,71
y_noMiss,sigma,1.0536341531945166,0.04361616222452847,0.97272360470234,1.0516607795767252,1.1454453651607366,MNAR,brms,71
y_noMiss,Intercept,0.17697343825694525,0.14371678990328976,-0.10817931738831944,0.17690370397612104,0.45652096601032804,MNAR,brms,71
