missingprop_autocor,parameter,mean,sd,2.5%,50%,97.5%,missingness,type,run_no
y_noMiss,b_Intercept,0.40976673841407724,0.07442220241150904,0.2634935234932659,0.40953854534800815,0.5562794787370465,MNAR,brms,720
y_noMiss,b_light,0.8384319651545356,0.06435329272829225,0.7119502524347476,0.8385449863172025,0.9638430466189952,MNAR,brms,720
y_noMiss,b_discharge,-0.7473443082441581,0.06737379522659354,-0.8814892619341029,-0.7473125901715498,-0.614105162409425,MNAR,brms,720
y_noMiss,phi,0.1589621870819706,0.057634039190971084,0.04677929210558322,0.15881260539086933,0.2722292644984231,MNAR,brms,720
y_noMiss,sigma,1.059863743703236,0.04465860258248698,0.9767715860803354,1.0578508846831005,1.152532335132117,MNAR,brms,720
y_noMiss,Intercept,0.4524296344597544,0.0744323249233531,0.3062191255249832,0.4520891337383305,0.5997148942569629,MNAR,brms,720
