missingprop_autocor,parameter,mean,sd,2.5%,50%,97.5%,missingness,type,run_no
y_noMiss,b_Intercept,0.5448767729349268,0.30202173639990887,-0.08546737781456408,0.5554874335260844,1.1110630271891733,MNAR,brms,721
y_noMiss,b_light,0.5646823488629614,0.04973924643960467,0.4677785760635293,0.5649578933354314,0.6611007043725626,MNAR,brms,721
y_noMiss,b_discharge,0.5850270704360928,0.05008492996431732,0.4857069711650703,0.584973826317349,0.6838626757391238,MNAR,brms,721
y_noMiss,phi,0.7896347131786976,0.03709319380717799,0.7171889686718234,0.7890317861444276,0.8632447984106053,MNAR,brms,721
y_noMiss,sigma,1.076158179070345,0.0450837991297048,0.9918199205475674,1.0743360784894025,1.171525537160225,MNAR,brms,721
y_noMiss,Intercept,0.4945705678465121,0.3019722454060412,-0.13494431718267302,0.5043935933174959,1.0596454922520793,MNAR,brms,721
