missingprop_autocor,parameter,mean,sd,2.5%,50%,97.5%,missingness,type,run_no
y_noMiss,b_Intercept,0.4963952739508812,0.06739356066529593,0.3640931819990954,0.496034544092979,0.626660905566567,MNAR,brms,722
y_noMiss,b_light,-0.03372182800831852,0.0552321591074892,-0.142199804463767,-0.033378891058537016,0.07306500800661839,MNAR,brms,722
y_noMiss,b_discharge,-0.24350674473699227,0.05507558426065124,-0.35136743974248064,-0.24356888645673933,-0.13751456606680248,MNAR,brms,722
y_noMiss,phi,0.20941957803330477,0.057284213094016,0.09722246264676573,0.20923203131658474,0.3220279780603823,MNAR,brms,722
y_noMiss,sigma,0.918253488377414,0.038426648252407956,0.847263380842434,0.9171730734988839,0.9984486669352184,MNAR,brms,722
y_noMiss,Intercept,0.5018006650171735,0.06694594917370965,0.3690948598982985,0.5012722833163973,0.6316090429307011,MNAR,brms,722
