missingprop_autocor,parameter,mean,sd,2.5%,50%,97.5%,missingness,type,run_no
y_noMiss,b_Intercept,1.027547857041654,0.06024895407846136,0.9086303993066709,1.0276102718730202,1.144869824324643,MNAR,brms,723
y_noMiss,b_light,0.06569182059444342,0.05066297100323428,-0.03292397115223044,0.06536771952918649,0.16651889938170833,MNAR,brms,723
y_noMiss,b_discharge,0.987026402330393,0.057327459769180474,0.8751785475410929,0.9863576253639301,1.0982650614018874,MNAR,brms,723
y_noMiss,phi,0.07700357831805245,0.05977692925047509,-0.040013681726883674,0.0770401848144352,0.1934067540543601,MNAR,brms,723
y_noMiss,sigma,0.950358741404723,0.04061925939881647,0.8759051296335821,0.9489422127006543,1.0355389277343454,MNAR,brms,723
y_noMiss,Intercept,1.0234326314918598,0.06006884766265831,0.9049178059412425,1.0236960893155538,1.1404141051221879,MNAR,brms,723
