missingprop_autocor,parameter,mean,sd,2.5%,50%,97.5%,missingness,type,run_no
y_noMiss,b_Intercept,1.2433248893381315,0.08892467036835604,1.0665449843644588,1.2427030135583461,1.4175871211016007,MNAR,brms,724
y_noMiss,b_light,0.9843373983377195,0.0468950248074696,0.8928013589260095,0.9845799441658433,1.078024071916334,MNAR,brms,724
y_noMiss,b_discharge,-1.4346648652822254,0.05165832074208876,-1.5376452915742214,-1.4348604789625738,-1.3344603718339745,MNAR,brms,724
y_noMiss,phi,0.40265882379599544,0.05399650085155526,0.29807618013710957,0.4031346501468295,0.5051435882151583,MNAR,brms,724
y_noMiss,sigma,0.9018923307753824,0.037491274052689184,0.8332532617638985,0.900607694176746,0.9799524531606898,MNAR,brms,724
y_noMiss,Intercept,1.333425177111438,0.08888773004521021,1.1569537509228431,1.3324555291771463,1.5080139291802457,MNAR,brms,724
