missingprop_autocor,parameter,mean,sd,2.5%,50%,97.5%,missingness,type,run_no
y_noMiss,b_Intercept,-1.043867052497766,0.08093727298119276,-1.200609112086839,-1.044582155047911,-0.8834956220205489,MNAR,brms,725
y_noMiss,b_light,-0.006887741244741107,0.052162191876687684,-0.10833162722563804,-0.0071067669154724015,0.09427232385070762,MNAR,brms,725
y_noMiss,b_discharge,0.2877576654910803,0.058259862507925336,0.17672417842080462,0.2875873899242422,0.40297353197894703,MNAR,brms,725
y_noMiss,phi,0.30836849116694354,0.05779223689681254,0.19503537918666008,0.3085988774266357,0.4205288929720785,MNAR,brms,725
y_noMiss,sigma,0.9620771814508067,0.04005724844844697,0.8864025403863741,0.9611212072817529,1.0433372419896412,MNAR,brms,725
y_noMiss,Intercept,-1.0471708638056123,0.08091399971155423,-1.2036610473522027,-1.047724249735665,-0.8872969453633818,MNAR,brms,725
