missingprop_autocor,parameter,mean,sd,2.5%,50%,97.5%,missingness,type,run_no
y_noMiss,b_Intercept,0.058031895884214126,0.0718088719646803,-0.08178158645752708,0.05794147125728268,0.1987570511678985,MNAR,brms,726
y_noMiss,b_light,0.761267481126305,0.05835882367780651,0.6470974882257987,0.7616998942902634,0.8764305778608206,MNAR,brms,726
y_noMiss,b_discharge,0.17097684325311638,0.05902007905878355,0.05588789485869721,0.17130098086847378,0.28645534637280123,MNAR,brms,726
y_noMiss,phi,0.15238853937751612,0.05993582290988642,0.03403739226834783,0.15294765159199383,0.27128699926076405,MNAR,brms,726
y_noMiss,sigma,1.017041507177436,0.042421818624078365,0.9391710355641102,1.0155454677038476,1.1056955626251799,MNAR,brms,726
y_noMiss,Intercept,0.12883745400745988,0.07152743394249275,-0.010414343065694635,0.12826449572888401,0.2698246504681426,MNAR,brms,726
