missingprop_autocor,parameter,mean,sd,2.5%,50%,97.5%,missingness,type,run_no
y_noMiss,b_Intercept,2.1345445315730895,0.13125013077745176,1.875590327592709,2.1328529616161744,2.3958821433741866,MNAR,brms,727
y_noMiss,b_light,-0.34700041322394,0.052201507037542685,-0.4498278435082127,-0.3466160613095257,-0.24424852684796108,MNAR,brms,727
y_noMiss,b_discharge,-0.46030929091531286,0.05151338672389504,-0.5600086652407686,-0.46020100817541354,-0.3609240224826539,MNAR,brms,727
y_noMiss,phi,0.5454124817011562,0.050320775265919916,0.44713851238830177,0.5449391823767986,0.6454408961270801,MNAR,brms,727
y_noMiss,sigma,0.9933624073473075,0.04159580311436936,0.9159749574498798,0.9917866193933018,1.0792654421998458,MNAR,brms,727
y_noMiss,Intercept,2.1359776980789507,0.13113229278403815,1.8769858607794392,2.1337426330239406,2.397531346201612,MNAR,brms,727
