missingprop_autocor,parameter,mean,sd,2.5%,50%,97.5%,missingness,type,run_no
y_noMiss,b_Intercept,0.048927355605710474,0.13194197611486153,-0.20623507735074548,0.04918017858740581,0.3024387422944771,MNAR,brms,728
y_noMiss,b_light,1.8676551508199515,0.04926304158088458,1.7700902362116595,1.8682828273014236,1.9619716967078797,MNAR,brms,728
y_noMiss,b_discharge,0.42239682340361745,0.04922818505901115,0.3254249708129043,0.42219012713479576,0.5186462271595798,MNAR,brms,728
y_noMiss,phi,0.5662285038185825,0.04996233148011733,0.46804955074815663,0.5661460336164572,0.664778017416194,MNAR,brms,728
y_noMiss,sigma,0.9839564048507565,0.041869273153346195,0.9053305907584751,0.9823920779112318,1.0689756547976668,MNAR,brms,728
y_noMiss,Intercept,0.12800759467026754,0.1319121209432046,-0.12830738211302525,0.1282947479923096,0.38098981688823885,MNAR,brms,728
