missingprop_autocor,parameter,mean,sd,2.5%,50%,97.5%,missingness,type,run_no
y_noMiss,b_Intercept,0.4520506936495743,0.06902892296420389,0.313490657411328,0.4534504920374165,0.5850738060042243,MNAR,brms,729
y_noMiss,b_light,0.4935297292870629,0.058985355990061016,0.3782078404986245,0.4937865270501498,0.6099987604812612,MNAR,brms,729
y_noMiss,b_discharge,-0.46028713982893216,0.06411204628833907,-0.5857156923660852,-0.46027550226220776,-0.33578825741522395,MNAR,brms,729
y_noMiss,phi,0.10415301280915325,0.05945444280557481,-0.012440780982033299,0.10429047566272562,0.2177730226102734,MNAR,brms,729
y_noMiss,sigma,1.0508374303316592,0.04425797009786187,0.9671757117064816,1.0498502222960462,1.1425952774120465,MNAR,brms,729
y_noMiss,Intercept,0.44392900722652123,0.06903172494734978,0.3058795346235997,0.445408462506951,0.5778823912736905,MNAR,brms,729
