missingprop_autocor,parameter,mean,sd,2.5%,50%,97.5%,missingness,type,run_no
y_noMiss,b_Intercept,-0.7593929067953056,0.07695267149125005,-0.9099337513074013,-0.7587558914120789,-0.608855462590014,MNAR,brms,72
y_noMiss,b_light,0.38709682787485306,0.06627134081396215,0.2587332760147541,0.38629962967737613,0.5188594569430902,MNAR,brms,72
y_noMiss,b_discharge,0.7564269928667321,0.06263776579260667,0.6324641955256577,0.7566509442170976,0.8777443634550358,MNAR,brms,72
y_noMiss,phi,0.1636989454858381,0.0585414741406221,0.04877683257189951,0.16380375924980511,0.279555466420284,MNAR,brms,72
y_noMiss,sigma,1.0988027600207761,0.04633856019430616,1.0129479052078556,1.0973563915787579,1.1917146131735903,MNAR,brms,72
y_noMiss,Intercept,-0.7853157699399428,0.07681554877885546,-0.9353859504209009,-0.7848121237901006,-0.6336814318661432,MNAR,brms,72
