missingprop_autocor,parameter,mean,sd,2.5%,50%,97.5%,missingness,type,run_no
y_noMiss,b_Intercept,-1.5050365641672323,0.07582742815615509,-1.6513173660170044,-1.504065945279788,-1.3530632160069322,MNAR,brms,730
y_noMiss,b_light,-0.8154790576489557,0.05372948715457805,-0.9204950521425653,-0.8148523327126687,-0.7085525780768159,MNAR,brms,730
y_noMiss,b_discharge,0.08596715904536913,0.05429551139534317,-0.021911710398032528,0.08656468485148985,0.18946864376236103,MNAR,brms,730
y_noMiss,phi,0.24264452676292883,0.05727525437085423,0.1303308865842069,0.24275562955346702,0.3547936214476306,MNAR,brms,730
y_noMiss,sigma,0.9563503427793755,0.04010034946410862,0.8813076291432307,0.9549337724521169,1.0389093183091034,MNAR,brms,730
y_noMiss,Intercept,-1.510358948753012,0.07582201057168496,-1.6560911625451404,-1.5094984246970338,-1.3581389298548348,MNAR,brms,730
