missingprop_autocor,parameter,mean,sd,2.5%,50%,97.5%,missingness,type,run_no
y_noMiss,b_Intercept,-0.23373919302275598,0.25695929181438193,-0.7342772404097169,-0.233497836011027,0.2757054123501911,MNAR,brms,731
y_noMiss,b_light,-0.1498067712944207,0.04038649217640128,-0.22932111897836896,-0.14980624827307404,-0.07172042110541071,MNAR,brms,731
y_noMiss,b_discharge,-0.3739558218173947,0.041248316749268835,-0.45608800305184044,-0.3739851390545298,-0.2927198769968663,MNAR,brms,731
y_noMiss,phi,0.7868868702805916,0.03742807838868824,0.7133729530559991,0.7865981465577196,0.8617062176677222,MNAR,brms,731
y_noMiss,sigma,0.9347334786556092,0.03956456652956652,0.86152658611722,0.9338421822465879,1.0151965608416202,MNAR,brms,731
y_noMiss,Intercept,-0.24449763867277563,0.2569440081862126,-0.7450555656966577,-0.24414029622163416,0.2653795367059518,MNAR,brms,731
