missingprop_autocor,parameter,mean,sd,2.5%,50%,97.5%,missingness,type,run_no
y_noMiss,b_Intercept,-0.09208295820389535,0.09350929272171479,-0.2734538442419142,-0.0924873465034355,0.09128554059657423,MNAR,brms,732
y_noMiss,b_light,0.5411455444025021,0.057039183958696116,0.4297956904549216,0.5412993553067642,0.6527966807527555,MNAR,brms,732
y_noMiss,b_discharge,-0.866801599740734,0.06268183003908101,-0.9890456952724139,-0.8668064396378564,-0.7436384741942816,MNAR,brms,732
y_noMiss,phi,0.3217203207481698,0.05545844103455242,0.2137543962533247,0.321735715175394,0.4322880243683442,MNAR,brms,732
y_noMiss,sigma,1.0645303284710423,0.045646944774942876,0.9798396770101352,1.0630109006528443,1.1591564996494197,MNAR,brms,732
y_noMiss,Intercept,-0.1200859823955655,0.09347800597957462,-0.30128487519347036,-0.12080843328059601,0.06296071143558785,MNAR,brms,732
