missingprop_autocor,parameter,mean,sd,2.5%,50%,97.5%,missingness,type,run_no
y_noMiss,b_Intercept,0.45211839641369733,0.09773788468799237,0.26232300610555365,0.4504531448183075,0.6449930165715518,MNAR,brms,733
y_noMiss,b_light,1.8377419555687036,0.04656910153470288,1.7478615769262198,1.8377695637184748,1.9296687333425544,MNAR,brms,733
y_noMiss,b_discharge,0.634076934519607,0.050769349817985504,0.5342147391324379,0.6348161466090994,0.7320717076315961,MNAR,brms,733
y_noMiss,phi,0.43601131452866393,0.05390800241902067,0.33283784316066034,0.43605335630810127,0.5405139828968886,MNAR,brms,733
y_noMiss,sigma,0.9172951895313213,0.038087079895695194,0.8463796818531868,0.9162259806619781,0.9945394656793948,MNAR,brms,733
y_noMiss,Intercept,0.3581098781252039,0.09767354000745829,0.167488580635093,0.3562080076122339,0.5502851910474464,MNAR,brms,733
