missingprop_autocor,parameter,mean,sd,2.5%,50%,97.5%,missingness,type,run_no
y_noMiss,b_Intercept,-0.15944620169538892,0.067410313651907,-0.29126271001438503,-0.1603222356951276,-0.02651914080510715,MNAR,brms,734
y_noMiss,b_light,0.5302113416629699,0.061837760935564465,0.409196288224869,0.5300278291387981,0.6500077884922016,MNAR,brms,734
y_noMiss,b_discharge,-1.7373777905801866,0.05752040609733445,-1.8511963713686959,-1.7372902941876658,-1.624120008225009,MNAR,brms,734
y_noMiss,phi,0.12055166165121524,0.05853167758918033,0.005807290857744436,0.12076772402845987,0.2331952683281815,MNAR,brms,734
y_noMiss,sigma,1.0032169715035582,0.0420481231777059,0.9256463237780651,1.0013264071435346,1.0894811028454467,MNAR,brms,734
y_noMiss,Intercept,0.05463212247796919,0.06703130097815663,-0.07699593717970984,0.05418906290484447,0.18785210967839344,MNAR,brms,734
