missingprop_autocor,parameter,mean,sd,2.5%,50%,97.5%,missingness,type,run_no
y_noMiss,b_Intercept,-1.1611780295289518,0.06639332709102118,-1.2943845088115775,-1.1616041934304175,-1.0299626566410796,MNAR,brms,735
y_noMiss,b_light,0.5462055811301816,0.05633939017375324,0.4365237497134592,0.5466178940961133,0.6577880959186209,MNAR,brms,735
y_noMiss,b_discharge,0.6900817840043378,0.05757358720711383,0.5774320027987856,0.6895730854501381,0.8041457038006053,MNAR,brms,735
y_noMiss,phi,0.15223160269490327,0.05828560066399088,0.0362791933590385,0.15258439477857827,0.26415152022042926,MNAR,brms,735
y_noMiss,sigma,0.9601112037821722,0.03983668698544564,0.8871060262287932,0.9589322530505472,1.0417336195186613,MNAR,brms,735
y_noMiss,Intercept,-1.2485787097464442,0.06613608724952555,-1.3803164057899633,-1.2490421293293317,-1.1187045874461237,MNAR,brms,735
