missingprop_autocor,parameter,mean,sd,2.5%,50%,97.5%,missingness,type,run_no
y_noMiss,b_Intercept,-0.8868402831800641,0.06564998645825534,-1.017631803602813,-0.8879176829123051,-0.7597779728759609,MNAR,brms,736
y_noMiss,b_light,0.19935456007159894,0.054301703292908066,0.09351023438327408,0.19834052099947064,0.3067882290494439,MNAR,brms,736
y_noMiss,b_discharge,-1.6330862333733625,0.052279778410807096,-1.7347890937042807,-1.6335571999448621,-1.5304065599200611,MNAR,brms,736
y_noMiss,phi,0.16766516298790332,0.05743058674895944,0.05367797933535781,0.16784287439557904,0.28173401385837255,MNAR,brms,736
y_noMiss,sigma,0.9462534440969483,0.039218568172278465,0.8742638228084698,0.9446700534781449,1.0265781838244965,MNAR,brms,736
y_noMiss,Intercept,-1.0993431526335768,0.06522142399836531,-1.2292741082005667,-1.1000710116796424,-0.9733560197829529,MNAR,brms,736
