missingprop_autocor,parameter,mean,sd,2.5%,50%,97.5%,missingness,type,run_no
y_noMiss,b_Intercept,0.8714843435894913,0.07822891052591725,0.7225122586213725,0.8720941354188005,1.0234107286516503,MNAR,brms,737
y_noMiss,b_light,0.16423538908568597,0.06138172147580002,0.04698983074347958,0.16420897118301833,0.28509576506641976,MNAR,brms,737
y_noMiss,b_discharge,-0.004841841390939487,0.059760965956559095,-0.12198095607195254,-0.004935116246454048,0.11466650848622582,MNAR,brms,737
y_noMiss,phi,0.2182533775299278,0.058217689188058794,0.10357518995420259,0.21879302699142844,0.33178236025233787,MNAR,brms,737
y_noMiss,sigma,1.0420420239144437,0.043849953643026,0.9605030199682912,1.0408466186825946,1.1337876414632342,MNAR,brms,737
y_noMiss,Intercept,0.8548004042140325,0.07798690038079929,0.7063257199875748,0.8549973727711462,1.006634192137673,MNAR,brms,737
