missingprop_autocor,parameter,mean,sd,2.5%,50%,97.5%,missingness,type,run_no
y_noMiss,b_Intercept,-1.2689114374868002,0.1213190984402144,-1.5042903335821738,-1.268098947322733,-1.02843082086479,MNAR,brms,738
y_noMiss,b_light,-0.7004199929923121,0.052443887807023026,-0.8034253381744857,-0.7005965935482776,-0.6007877257828991,MNAR,brms,738
y_noMiss,b_discharge,-0.6671110963137709,0.05577525332514774,-0.7778640591768758,-0.6672514576622973,-0.5584972733274842,MNAR,brms,738
y_noMiss,phi,0.4998423776060415,0.052286806753159505,0.39794645261839867,0.49999155483411883,0.6036273667186913,MNAR,brms,738
y_noMiss,sigma,1.0278111118752304,0.043716749470821326,0.9452436307734232,1.0267819406200354,1.1167343264841425,MNAR,brms,738
y_noMiss,Intercept,-1.2302477290476561,0.1212093348397687,-1.4636915309854375,-1.2305420308929857,-0.9910640628360878,MNAR,brms,738
