missingprop_autocor,parameter,mean,sd,2.5%,50%,97.5%,missingness,type,run_no
y_noMiss,b_Intercept,0.5653568553941024,0.13319967356271128,0.3044081250565709,0.5631613651927054,0.8253820287194927,MNAR,brms,739
y_noMiss,b_light,0.2990227184547091,0.05381622725249211,0.1915737890424931,0.29957527490183283,0.40264098271369725,MNAR,brms,739
y_noMiss,b_discharge,-0.46364715808394397,0.051151295178431165,-0.565291805162961,-0.4632153923811573,-0.3642038238298075,MNAR,brms,739
y_noMiss,phi,0.5661518261733982,0.04841702194289034,0.4707705728123549,0.5657604889663819,0.661075262998158,MNAR,brms,739
y_noMiss,sigma,0.9855914069142065,0.04124947417550958,0.9072004763353694,0.9845295832161518,1.0709200712092064,MNAR,brms,739
y_noMiss,Intercept,0.5705134314239291,0.13317413571345427,0.3081092231371891,0.5681447488920275,0.8293832443177709,MNAR,brms,739
