missingprop_autocor,parameter,mean,sd,2.5%,50%,97.5%,missingness,type,run_no
y_noMiss,b_Intercept,0.05106256731633283,0.10116370483370513,-0.14596995905958143,0.050018611712190596,0.24788135968508992,MNAR,brms,73
y_noMiss,b_light,0.7581108504294524,0.05666245330138746,0.6482262145870769,0.7581873307136765,0.8718595806422968,MNAR,brms,73
y_noMiss,b_discharge,1.2767763747950576,0.05967496954950526,1.1591464820439625,1.2774822929306056,1.3929587960520242,MNAR,brms,73
y_noMiss,phi,0.39533164237671975,0.05496526199491012,0.28698767484135973,0.39574293963968565,0.5024755103070103,MNAR,brms,73
y_noMiss,sigma,1.0325177690857157,0.04370914511261832,0.9516897427102016,1.0307728474990705,1.1201909779920773,MNAR,brms,73
y_noMiss,Intercept,0.1671285449548826,0.10111429225705872,-0.029142623147919672,0.1662768595199888,0.36382609795269893,MNAR,brms,73
