missingprop_autocor,parameter,mean,sd,2.5%,50%,97.5%,missingness,type,run_no
y_noMiss,b_Intercept,0.4130487906757453,0.08815686641881282,0.2369184915752354,0.41371905496345507,0.5887820104259625,MNAR,brms,740
y_noMiss,b_light,2.0709466968852306,0.05662415129434319,1.957941097841825,2.070797866087233,2.183046504239085,MNAR,brms,740
y_noMiss,b_discharge,1.2535450145972946,0.05407820553478217,1.1433872984322386,1.2537606553263023,1.3577255116353817,MNAR,brms,740
y_noMiss,phi,0.328591003117649,0.05549475784568307,0.21826040847434083,0.32908920957590115,0.4370882742218769,MNAR,brms,740
y_noMiss,sigma,1.0103863914783588,0.042968257251724484,0.9290800585719572,1.0089374163627023,1.0980086712192365,MNAR,brms,740
y_noMiss,Intercept,0.49691639251679137,0.08811607967189172,0.32072951123284216,0.4977922042292341,0.6727821235768465,MNAR,brms,740
