missingprop_autocor,parameter,mean,sd,2.5%,50%,97.5%,missingness,type,run_no
y_noMiss,b_Intercept,2.080027347449903,0.09992663420557833,1.8787460080623473,2.0803415503028653,2.274917347681765,MNAR,brms,741
y_noMiss,b_light,-0.7684577100160919,0.05616383503959203,-0.8782202279529113,-0.7687913732273681,-0.6564767562373526,MNAR,brms,741
y_noMiss,b_discharge,0.02658616239777836,0.05810456158738546,-0.08735960807137799,0.026970034112263834,0.14290052867316574,MNAR,brms,741
y_noMiss,phi,0.4134023467882831,0.05632074138085395,0.30355221787962755,0.4130170488934948,0.5252415590039871,MNAR,brms,741
y_noMiss,sigma,1.0006199812235208,0.042342149356197345,0.9210816920393112,0.99957183181809806,1.0878264319687778,MNAR,brms,741
y_noMiss,Intercept,2.0900109001864893,0.09987867337445766,1.8891777493308175,2.090588700728042,2.285401738803896,MNAR,brms,741
