missingprop_autocor,parameter,mean,sd,2.5%,50%,97.5%,missingness,type,run_no
y_noMiss,b_Intercept,-0.15948561987117674,0.20753097278043925,-0.5568317380900359,-0.16049147659046845,0.26816337023406966,MNAR,brms,742
y_noMiss,b_light,0.9047700696194675,0.04801934566618908,0.8107921261194847,0.9049689066987537,0.9982104423754754,MNAR,brms,742
y_noMiss,b_discharge,-1.2594708609866452,0.048817922414450515,-1.354303452850408,-1.2593770760295246,-1.1623151577079214,MNAR,brms,742
y_noMiss,phi,0.7290161544948329,0.04110132913470646,0.6475921376643973,0.7287061377258744,0.808071825166932,MNAR,brms,742
y_noMiss,sigma,0.9701704688885494,0.04133557906696037,0.8934448422906707,0.9685368722518786,1.0569119714859267,MNAR,brms,742
y_noMiss,Intercept,-0.0874643405204279,0.20740925448315495,-0.4838646107241268,-0.08881804758980127,0.3405610820665885,MNAR,brms,742
