missingprop_autocor,parameter,mean,sd,2.5%,50%,97.5%,missingness,type,run_no
y_noMiss,b_Intercept,-0.2104427214299803,0.1532642764363479,-0.5183857230401329,-0.2107434100506979,0.08577208886401635,MNAR,brms,743
y_noMiss,b_light,1.3054756055035743,0.05382880488453541,1.2011936563059893,1.3049002619535166,1.4129158408994935,MNAR,brms,743
y_noMiss,b_discharge,-0.2016052132808751,0.05859484573816948,-0.3167530528880621,-0.20086269355437691,-0.09011552495899482,MNAR,brms,743
y_noMiss,phi,0.5933935615499004,0.04836714152968918,0.4976977365537141,0.59347490284735,0.6887222812138831,MNAR,brms,743
y_noMiss,sigma,1.042287809896194,0.04387894507145265,0.9597949146529375,1.0406799928590917,1.1332477331668098,MNAR,brms,743
y_noMiss,Intercept,-0.22056044111513515,0.15324086095306133,-0.5288571656023923,-0.22081050601291743,0.07545154149615274,MNAR,brms,743
