missingprop_autocor,parameter,mean,sd,2.5%,50%,97.5%,missingness,type,run_no
y_noMiss,b_Intercept,0.034834634774119626,0.09250655083146486,-0.14768549142073864,0.03577658968256085,0.21708775245710948,MNAR,brms,744
y_noMiss,b_light,0.29022706625261235,0.06180424278141495,0.171321367623328,0.2893263783418271,0.41203836685755874,MNAR,brms,744
y_noMiss,b_discharge,0.40879952049961776,0.05710110012438454,0.2981313889916531,0.40926731509472675,0.5217204269954043,MNAR,brms,744
y_noMiss,phi,0.32619083609686395,0.05729918670169936,0.2146396997980352,0.32602849837710457,0.43910922855157575,MNAR,brms,744
y_noMiss,sigma,1.0693224567880975,0.04445339093812654,0.9862335081438688,1.0683123071810852,1.162750953824999,MNAR,brms,744
y_noMiss,Intercept,0.09183490032094974,0.09227086093645712,-0.0887893806368942,0.0931340273807459,0.2720853421647304,MNAR,brms,744
