missingprop_autocor,parameter,mean,sd,2.5%,50%,97.5%,missingness,type,run_no
y_noMiss,b_Intercept,-0.5490549615978912,0.08651105760859248,-0.7225674369218772,-0.5485165703969912,-0.37905091315849404,MNAR,brms,745
y_noMiss,b_light,0.216003217295284,0.06219875253014385,0.09228772358416272,0.21634419589499587,0.33860946402790965,MNAR,brms,745
y_noMiss,b_discharge,0.033367868363336294,0.05689827103279284,-0.07596803766336752,0.032604084609249046,0.14502023751285897,MNAR,brms,745
y_noMiss,phi,0.2960154019120243,0.05611412343976175,0.1881281878293368,0.2961879791584381,0.4048985868287194,MNAR,brms,745
y_noMiss,sigma,1.0215763382758394,0.04188231032737748,0.9429858844263332,1.0197023329135009,1.1075182551693583,MNAR,brms,745
y_noMiss,Intercept,-0.5725769354922935,0.08623325822303968,-0.7442875811295541,-0.5722443825196872,-0.40367749550627147,MNAR,brms,745
