missingprop_autocor,parameter,mean,sd,2.5%,50%,97.5%,missingness,type,run_no
y_noMiss,b_Intercept,-0.05556149520728774,0.1676659364912771,-0.3872786176440443,-0.05518184269662517,0.2727746136865523,MNAR,brms,746
y_noMiss,b_light,-1.561972128683694,0.051641032735539244,-1.6644445830333388,-1.561412180264412,-1.4593234386518028,MNAR,brms,746
y_noMiss,b_discharge,-0.525013766240636,0.054312003968750557,-0.6314000485945348,-0.5250368510849424,-0.419723962387196,MNAR,brms,746
y_noMiss,phi,0.6331407541801173,0.04631414664306946,0.5428608697312536,0.6329135518025386,0.7236419451618987,MNAR,brms,746
y_noMiss,sigma,1.0364046940737734,0.04418323277627725,0.954048197532574,1.0344762362420137,1.1278609469069845,MNAR,brms,746
y_noMiss,Intercept,0.02821815962799317,0.16755084316866048,-0.3046254426772452,0.02841472973728973,0.3574708899187873,MNAR,brms,746
