missingprop_autocor,parameter,mean,sd,2.5%,50%,97.5%,missingness,type,run_no
y_noMiss,b_Intercept,-1.0204103782274452,0.11584103582385404,-1.2478794705446008,-1.020481789528536,-0.79549345570254,MNAR,brms,747
y_noMiss,b_light,0.0036440406728724707,0.055092238012937174,-0.10509990923657364,0.003968713008176798,0.10945889588349797,MNAR,brms,747
y_noMiss,b_discharge,1.4918202013310236,0.05131502959739426,1.3891328503956462,1.4915268756538067,1.591661784383109,MNAR,brms,747
y_noMiss,phi,0.48826341799490547,0.05126342977205619,0.38901725718974384,0.4886372049838865,0.5870203070926092,MNAR,brms,747
y_noMiss,sigma,1.0208430405896698,0.04275560602932156,0.941495429924504,1.0194595322377138,1.108608349345275,MNAR,brms,747
y_noMiss,Intercept,-0.9384276486328008,0.11578155667424504,-1.1659999168953903,-0.9384548708993493,-0.7136772414474299,MNAR,brms,747
