missingprop_autocor,parameter,mean,sd,2.5%,50%,97.5%,missingness,type,run_no
y_noMiss,b_Intercept,-0.9889541667471654,0.059845330686533686,-1.1058376743918872,-0.9887825590264765,-0.8717753724162495,MNAR,brms,748
y_noMiss,b_light,-1.3829147690971775,0.05917813525422377,-1.4993484845080716,-1.3828459968613362,-1.2670911174057222,MNAR,brms,748
y_noMiss,b_discharge,0.27660543180802655,0.059945395099246165,0.15810981291972517,0.27729201838215933,0.39226535868146223,MNAR,brms,748
y_noMiss,phi,-0.021961336933156748,0.059099744407903276,-0.13749079724634206,-0.022342706815313036,0.09696347185291528,MNAR,brms,748
y_noMiss,sigma,1.014365555576818,0.04212928939167083,0.9341278002462312,1.012934767111289,1.1002356543928886,MNAR,brms,748
y_noMiss,Intercept,-0.9924154296689008,0.05984418838918005,-1.1092895145357802,-0.9921829743264192,-0.8751404071968144,MNAR,brms,748
