missingprop_autocor,parameter,mean,sd,2.5%,50%,97.5%,missingness,type,run_no
y_noMiss,b_Intercept,-1.1992593940316367,0.12214432061948055,-1.4393076623329604,-1.1997736831868369,-0.9582851127916423,MNAR,brms,749
y_noMiss,b_light,0.34024371053334923,0.05029852888622093,0.24161330908341785,0.3405820192035556,0.43705378747986834,MNAR,brms,749
y_noMiss,b_discharge,-1.6159847328418542,0.0510758367014324,-1.7159607942048218,-1.6164913278524193,-1.518508841114526,MNAR,brms,749
y_noMiss,phi,0.5139640130397396,0.05121910644480057,0.4130835592054916,0.5137891001125939,0.6135048923570838,MNAR,brms,749
y_noMiss,sigma,1.004697580333661,0.04157567861757843,0.9263733904193834,1.0033922604446188,1.0917926319900306,MNAR,brms,749
y_noMiss,Intercept,-1.1264572469223342,0.12216007396926673,-1.3659607405541538,-1.127062542276386,-0.8846121631603132,MNAR,brms,749
