missingprop_autocor,parameter,mean,sd,2.5%,50%,97.5%,missingness,type,run_no
y_noMiss,b_Intercept,-0.02857123430970353,0.07511852223502812,-0.17656915684328195,-0.027557656847172193,0.12026215347204727,MNAR,brms,74
y_noMiss,b_light,-0.6238926854834408,0.060526605257260196,-0.7448987004111007,-0.6230097402516586,-0.5074406611430822,MNAR,brms,74
y_noMiss,b_discharge,0.40575610154018654,0.06361458714018035,0.28145005784812466,0.40523073255902203,0.5317177496183789,MNAR,brms,74
y_noMiss,phi,0.2030367332554478,0.05875969933547514,0.08511937579888279,0.20312797852702463,0.3162695140989557,MNAR,brms,74
y_noMiss,sigma,1.0232635502527156,0.04381488045233123,0.9431843644808071,1.02219028002466,1.111617217405266,MNAR,brms,74
y_noMiss,Intercept,-0.06179015968754021,0.07439205849955802,-0.20765570148954163,-0.061328940197272655,0.08567141291178582,MNAR,brms,74
