missingprop_autocor,parameter,mean,sd,2.5%,50%,97.5%,missingness,type,run_no
y_noMiss,b_Intercept,-0.9944487582588994,0.2036398887604869,-1.391094180279383,-0.9979392524856381,-0.5819647780641581,MNAR,brms,750
y_noMiss,b_light,1.6685720766370395,0.041213515357800636,1.587924914025934,1.6685766661825703,1.7487447622779464,MNAR,brms,750
y_noMiss,b_discharge,-2.1038154808912983,0.0433789242292296,-2.1888959548396465,-2.103457599466151,-2.017935963490126,MNAR,brms,750
y_noMiss,phi,0.7294532366127711,0.04093003537322397,0.6489525468041302,0.72971398634528994,0.8083365083312846,MNAR,brms,750
y_noMiss,sigma,0.9376246391939255,0.038766253749204824,0.86554362109029,0.9367433813610044,1.01736192418901,MNAR,brms,750
y_noMiss,Intercept,-1.2548025812500325,0.20360488164333404,-1.6517611256966516,-1.2584468826260022,-0.8430912625487015,MNAR,brms,750
