missingprop_autocor,parameter,mean,sd,2.5%,50%,97.5%,missingness,type,run_no
y_noMiss,b_Intercept,1.0416278704881556,0.12182606939252168,0.7989210553668116,1.0422899080424792,1.2788724853366686,MNAR,brms,751
y_noMiss,b_light,-0.15549321756591994,0.05531012882273899,-0.2655571378820202,-0.15535782393352782,-0.047824732175333715,MNAR,brms,751
y_noMiss,b_discharge,-1.7519027087843182,0.050299673063653044,-1.850445910563979,-1.7526818105301198,-1.650355407350325,MNAR,brms,751
y_noMiss,phi,0.5059983801840725,0.0516836369291679,0.402447168016769,0.5059970024750742,0.6054230866947533,MNAR,brms,751
y_noMiss,sigma,1.0050166171282022,0.04226525214547452,0.9278965936261118,1.0029983389121802,1.0921096838551116,MNAR,brms,751
y_noMiss,Intercept,1.1168859880432422,0.1218177465636829,0.8737496111237638,1.117467543808837,1.3547968561056722,MNAR,brms,751
