missingprop_autocor,parameter,mean,sd,2.5%,50%,97.5%,missingness,type,run_no
y_noMiss,b_Intercept,-0.37148167972859913,0.17140396698373275,-0.7062877128439513,-0.3749514062762678,-0.02594728898545486,MNAR,brms,752
y_noMiss,b_light,-0.53064696643701,0.04309019468909279,-0.6148049033995615,-0.5304593813967956,-0.4454560345274716,MNAR,brms,752
y_noMiss,b_discharge,-0.8149428941480623,0.04947005267117458,-0.912308043936354,-0.8148607207984606,-0.7172046840145136,MNAR,brms,752
y_noMiss,phi,0.652960407425519,0.04592106587758611,0.5624995590045051,0.6520093949656353,0.745236850011911,MNAR,brms,752
y_noMiss,sigma,0.9819206200278915,0.041298136240732745,0.9060183251706184,0.9804906247792575,1.0679235794466022,MNAR,brms,752
y_noMiss,Intercept,-0.4007772601096951,0.17135964076893478,-0.7353536162888975,-0.4040198939293459,-0.054838534140811544,MNAR,brms,752
