missingprop_autocor,parameter,mean,sd,2.5%,50%,97.5%,missingness,type,run_no
y_noMiss,b_Intercept,0.2797378862773048,0.12690600869260954,0.034823360357824865,0.2778691248585541,0.5273494795590516,MNAR,brms,753
y_noMiss,b_light,1.1680927089270574,0.057540142193810706,1.056385539065374,1.168418444873294,1.2814956518585066,MNAR,brms,753
y_noMiss,b_discharge,1.2829450990641527,0.0584930010697634,1.1661270688186487,1.2832374309304857,1.396584471644521,MNAR,brms,753
y_noMiss,phi,0.4947245039939356,0.05137566438251085,0.3940957267791607,0.4951272693849774,0.5950681435567582,MNAR,brms,753
y_noMiss,sigma,1.0949641390744485,0.046087511894397984,1.0095386015204824,1.0938799268429875,1.1899466923090671,MNAR,brms,753
y_noMiss,Intercept,0.17998848065369658,0.12671342269379304,-0.06476426665220476,0.17837809473646332,0.4275846803543242,MNAR,brms,753
