missingprop_autocor,parameter,mean,sd,2.5%,50%,97.5%,missingness,type,run_no
y_noMiss,b_Intercept,0.40218290726655226,0.08583620952476446,0.22990985432104133,0.4022232531837545,0.5707553463990225,MNAR,brms,754
y_noMiss,b_light,-0.8844571511736274,0.05971067411734424,-1.0018891781096548,-0.8848127823103584,-0.764477525224304,MNAR,brms,754
y_noMiss,b_discharge,-0.23920861062704074,0.06256411120949615,-0.36054420102498475,-0.2396999047133114,-0.11686463960146891,MNAR,brms,754
y_noMiss,phi,0.25883647343928545,0.05571605883115713,0.1474681678964262,0.25918262065542685,0.36895320043412827,MNAR,brms,754
y_noMiss,sigma,1.076194428446758,0.04476932060610265,0.99228231694895,1.0745421793937573,1.1680969992938934,MNAR,brms,754
y_noMiss,Intercept,0.30645777455674383,0.08561134397790839,0.1350754796241848,0.3066064023482918,0.4728225544595328,MNAR,brms,754
