missingprop_autocor,parameter,mean,sd,2.5%,50%,97.5%,missingness,type,run_no
y_noMiss,b_Intercept,-1.3382819610735852,0.07095956278684216,-1.474094892767586,-1.3383440571757137,-1.1985880721530902,MNAR,brms,755
y_noMiss,b_light,-1.7336192213632506,0.05573938567700538,-1.8408922076495566,-1.7339116354901147,-1.6249304883464424,MNAR,brms,755
y_noMiss,b_discharge,0.9041953524880227,0.05231474052718694,0.8038479789416093,0.9039816242629952,1.0074077569225242,MNAR,brms,755
y_noMiss,phi,0.22685786283126488,0.05887209277938665,0.10985366313879177,0.22666145029214435,0.34188811132237834,MNAR,brms,755
y_noMiss,sigma,0.928991398835809,0.037372108095261994,0.8593040418142152,0.9275931555610413,1.005510028008037,MNAR,brms,755
y_noMiss,Intercept,-1.4154848693980233,0.07086664744860417,-1.5508166649174502,-1.4154147304270142,-1.275243681198415,MNAR,brms,755
