missingprop_autocor,parameter,mean,sd,2.5%,50%,97.5%,missingness,type,run_no
y_noMiss,b_Intercept,-2.069258890091133,0.0633206844484877,-2.1941538901213593,-2.069144255020528,-1.9442982035189413,MNAR,brms,756
y_noMiss,b_light,0.11835690348265537,0.05954089374056813,0.002067210671918261,0.11830403933975428,0.2346252488564469,MNAR,brms,756
y_noMiss,b_discharge,0.3746916940086714,0.058436049904731883,0.26254375266004604,0.373735183967861,0.49061243694613665,MNAR,brms,756
y_noMiss,phi,0.07660012327478671,0.057790014912587354,-0.036367480293885486,0.07670360619075955,0.19015579144719777,MNAR,brms,756
y_noMiss,sigma,0.9844586574121145,0.04156907375302062,0.908309024394455,0.9832021008487937,1.069548592055037,MNAR,brms,756
y_noMiss,Intercept,-2.0863391101866116,0.06314045421338882,-2.2114513406077765,-2.0861697293784993,-1.9632843649109717,MNAR,brms,756
