missingprop_autocor,parameter,mean,sd,2.5%,50%,97.5%,missingness,type,run_no
y_noMiss,b_Intercept,-0.18234557761175899,0.1334501673032528,-0.441071088305864,-0.18247405618005808,0.08135783837570329,MNAR,brms,757
y_noMiss,b_light,0.6800324471207165,0.05282376743317705,0.5776698741974623,0.6797001942710419,0.783813060383519,MNAR,brms,757
y_noMiss,b_discharge,-0.4138966129222807,0.05184386038445114,-0.5144776627703486,-0.41397488931784304,-0.31176776447797055,MNAR,brms,757
y_noMiss,phi,0.5652548162377732,0.049641834315799487,0.46791207085888187,0.5650895923247049,0.6614370997593277,MNAR,brms,757
y_noMiss,sigma,0.9881582721458539,0.0407461748065917,0.9114116894095852,0.9867079108966619,1.0734895397904867,MNAR,brms,757
y_noMiss,Intercept,-0.08333877284644307,0.1334134711136984,-0.341131451679177,-0.08321077464452425,0.17802624379888202,MNAR,brms,757
