missingprop_autocor,parameter,mean,sd,2.5%,50%,97.5%,missingness,type,run_no
y_noMiss,b_Intercept,-1.6085940811043717,0.10018159666096244,-1.8017939002805696,-1.609857308569777,-1.4108760243280791,MNAR,brms,758
y_noMiss,b_light,0.054725890049387424,0.061588430871009646,-0.06668753519304606,0.05486850804581529,0.17509437014228701,MNAR,brms,758
y_noMiss,b_discharge,-1.6360143859049516,0.055590897610528794,-1.744107786374938,-1.636388827388143,-1.5263349350466004,MNAR,brms,758
y_noMiss,phi,0.40804957692641736,0.054801396730353044,0.3000128840388442,0.40799894619426436,0.5131547919399969,MNAR,brms,758
y_noMiss,sigma,1.0240136982008572,0.041943881157039106,0.946179833871517,1.0229713553202506,1.1083188139003262,MNAR,brms,758
y_noMiss,Intercept,-1.613517231375549,0.10009103612977788,-1.8067251938732594,-1.6149107256500397,-1.4161438971521607,MNAR,brms,758
