missingprop_autocor,parameter,mean,sd,2.5%,50%,97.5%,missingness,type,run_no
y_noMiss,b_Intercept,0.8291576081178279,0.0806726632103725,0.6722084312826654,0.8288318355306326,0.9884138431033305,MNAR,brms,759
y_noMiss,b_light,0.28846105366241054,0.061616067430582296,0.16767368054821993,0.288479277582088,0.4103695545188386,MNAR,brms,759
y_noMiss,b_discharge,1.336705857525004,0.06153186586084182,1.2167840548155426,1.3365605447525009,1.4610040773605222,MNAR,brms,759
y_noMiss,phi,0.2678110608446699,0.058637314908280586,0.15456541482239294,0.2682804976182406,0.3818953099231118,MNAR,brms,759
y_noMiss,sigma,1.0067879863672227,0.04305493863868384,0.9259579833404671,1.0052413208782782,1.0947048814569282,MNAR,brms,759
y_noMiss,Intercept,0.7815796849420855,0.0805308947648672,0.6249043326373356,0.7813978478347594,0.9398270314163264,MNAR,brms,759
