missingprop_autocor,parameter,mean,sd,2.5%,50%,97.5%,missingness,type,run_no
y_noMiss,b_Intercept,-1.3132843182985634,0.2800023750173107,-1.8571351713588045,-1.3203341295397548,-0.7417964536401711,MNAR,brms,75
y_noMiss,b_light,1.4657008979648427,0.046608236886635984,1.3722895535887223,1.4658882651450096,1.556705036126705,MNAR,brms,75
y_noMiss,b_discharge,-0.6945868337731295,0.04726660840000005,-0.785353192059535,-0.6950317331737581,-0.6025309236578207,MNAR,brms,75
y_noMiss,phi,0.7791997642409094,0.03859460602509293,0.7056369134469028,0.7786923549544711,0.8548605315849482,MNAR,brms,75
y_noMiss,sigma,1.0337434147988092,0.04341068497236915,0.9521326938140574,1.0326300903496997,1.1223912227728332,MNAR,brms,75
y_noMiss,Intercept,-1.3566191008550017,0.2800900730844789,-1.9010314937081583,-1.3627467270020044,-0.785771649845771,MNAR,brms,75
