missingprop_autocor,parameter,mean,sd,2.5%,50%,97.5%,missingness,type,run_no
y_noMiss,b_Intercept,0.3053825585805097,0.12351411923028534,0.06953809596843295,0.3038350379207039,0.5465058124499205,MNAR,brms,760
y_noMiss,b_light,1.3562823812909943,0.052625992597706284,1.250672645547682,1.3568243477036077,1.4583085515628524,MNAR,brms,760
y_noMiss,b_discharge,1.7858446132847687,0.05073772891892092,1.6885415182905255,1.7851306938859262,1.8857921562084294,MNAR,brms,760
y_noMiss,phi,0.541186401324617,0.04986026383569215,0.44218292037418827,0.5410707246342121,0.6391089650232897,MNAR,brms,760
y_noMiss,sigma,0.9635599047759127,0.04023462181689045,0.8883376432201727,0.9612144002614007,1.0462701843163498,MNAR,brms,760
y_noMiss,Intercept,0.5180569135416804,0.12345290049150039,0.28091482324290984,0.5172289912634943,0.7590751407739033,MNAR,brms,760
