missingprop_autocor,parameter,mean,sd,2.5%,50%,97.5%,missingness,type,run_no
y_noMiss,b_Intercept,1.593719995520904,0.06469581972093841,1.468168328635112,1.593315797742346,1.722556080180955,MNAR,brms,761
y_noMiss,b_light,0.2014578982067274,0.06003416743243029,0.08228278092839196,0.20165733030587638,0.3185953237866642,MNAR,brms,761
y_noMiss,b_discharge,0.30286729202814755,0.05928136697188415,0.18541862448660157,0.3026209719573918,0.41832845329235957,MNAR,brms,761
y_noMiss,phi,0.09592634429894896,0.05831456824731127,-0.018784218314464588,0.09597689762627201,0.21212089114913485,MNAR,brms,761
y_noMiss,sigma,0.9959075179360113,0.04224340513317473,0.9146842778382971,0.9949531620770331,1.0816672409191084,MNAR,brms,761
y_noMiss,Intercept,1.6159462405350622,0.06429909347668987,1.4916611240166362,1.615076874348715,1.7444008681379954,MNAR,brms,761
