missingprop_autocor,parameter,mean,sd,2.5%,50%,97.5%,missingness,type,run_no
y_noMiss,b_Intercept,-0.4252883127720363,0.06807258062806205,-0.5590205753342863,-0.42442510098969544,-0.2930595615841889,MNAR,brms,762
y_noMiss,b_light,-0.221470430996107,0.058936908780595584,-0.3377190033038859,-0.22176032979303098,-0.10628479477432913,MNAR,brms,762
y_noMiss,b_discharge,-0.08124997508702052,0.05446369795206709,-0.19000546038932892,-0.08069622329185236,0.024070591436119063,MNAR,brms,762
y_noMiss,phi,0.1500297529380272,0.05893527448401273,0.03413161655930268,0.14959319004185162,0.2649641353022908,MNAR,brms,762
y_noMiss,sigma,0.9892734073204502,0.04165899570726724,0.9123514857842939,0.9877515067806688,1.0741338593341423,MNAR,brms,762
y_noMiss,Intercept,-0.421644460322644,0.06780908684399894,-0.5553863567092615,-0.42068587954830683,-0.29021267081580093,MNAR,brms,762
