missingprop_autocor,parameter,mean,sd,2.5%,50%,97.5%,missingness,type,run_no
y_noMiss,b_Intercept,0.07009036748204958,0.05868634239572529,-0.0437294187745248,0.07045983427368784,0.18508931307039542,MNAR,brms,763
y_noMiss,b_light,-0.22625228061943445,0.06491128559357086,-0.3529931372139613,-0.22596516957261642,-0.09808562812231392,MNAR,brms,763
y_noMiss,b_discharge,-0.7919712775659659,0.06472994578110165,-0.9170071483850787,-0.7915442492645284,-0.663629038482274,MNAR,brms,763
y_noMiss,phi,-0.05390376106174494,0.05924533348367676,-0.17127398361522592,-0.05368129578913328,0.06369511873821845,MNAR,brms,763
y_noMiss,sigma,1.0463511426451886,0.04395010634022886,0.9643072310238643,1.0447600266639434,1.1375241889067917,MNAR,brms,763
y_noMiss,Intercept,0.1256676270577248,0.058423465807113675,0.012258782568949429,0.12582855400896362,0.24178841021949235,MNAR,brms,763
