missingprop_autocor,parameter,mean,sd,2.5%,50%,97.5%,missingness,type,run_no
y_noMiss,b_Intercept,0.13724153916322215,0.08754818737552265,-0.03321002837438373,0.13661548153758737,0.30711162953524584,MNAR,brms,764
y_noMiss,b_light,0.10307885722394841,0.0556452119449813,-0.004923165156170381,0.10249566044405783,0.21443230995358875,MNAR,brms,764
y_noMiss,b_discharge,1.0015081354291389,0.05206575883950828,0.8997317275744499,1.0021269231778036,1.1030391911784179,MNAR,brms,764
y_noMiss,phi,0.3435662726053116,0.05658725306754662,0.234231924880628,0.3433898159944608,0.45543035241114893,MNAR,brms,764
y_noMiss,sigma,0.9628292664958054,0.03927352917020631,0.8897258943068649,0.9615877922971333,1.0435399810947268,MNAR,brms,764
y_noMiss,Intercept,0.22155320400503486,0.08755439689340622,0.051921188031795365,0.2209031356261772,0.3899587510391622,MNAR,brms,764
