missingprop_autocor,parameter,mean,sd,2.5%,50%,97.5%,missingness,type,run_no
y_noMiss,b_Intercept,0.634119962958952,0.12522283764185166,0.3858109066540661,0.6350963506715785,0.8797961285793151,MNAR,brms,766
y_noMiss,b_light,-0.5976871191893719,0.05408853111778518,-0.7037144125700076,-0.5968700585585942,-0.4916198031864931,MNAR,brms,766
y_noMiss,b_discharge,1.0444907807692048,0.048711735212693806,0.9486908433572003,1.044140041462792,1.1396580057407666,MNAR,brms,766
y_noMiss,phi,0.5093217855259989,0.05150929290861986,0.40929920419564875,0.5092726476376355,0.609763799790844,MNAR,brms,766
y_noMiss,sigma,1.0426978434286274,0.044285769462392516,0.9603097727143174,1.0409743065661483,1.1339406034517543,MNAR,brms,766
y_noMiss,Intercept,0.48740888281604683,0.1249729245315347,0.24102160981198012,0.48942358636354555,0.733307321356465,MNAR,brms,766
