missingprop_autocor,parameter,mean,sd,2.5%,50%,97.5%,missingness,type,run_no
y_noMiss,b_Intercept,0.9097803668729337,0.16799573559730013,0.5832442855136007,0.9102484362362233,1.23808560062525,MNAR,brms,767
y_noMiss,b_light,0.4989577870466332,0.04788946659868035,0.40205559982335465,0.4991789464730187,0.5950650905247027,MNAR,brms,767
y_noMiss,b_discharge,-0.11945701334321314,0.04837036915997076,-0.21358173740283656,-0.11976410090449581,-0.025052392572248585,MNAR,brms,767
y_noMiss,phi,0.6449711255108804,0.046106610068171114,0.5538287191994828,0.645014226793547,0.7370987624858543,MNAR,brms,767
y_noMiss,sigma,1.0192359006240366,0.0428840974932206,0.9387895914781016,1.0173206287145602,1.108118445543443,MNAR,brms,767
y_noMiss,Intercept,0.8465420858946331,0.1676727805362657,0.5214723306392488,0.8475675726566032,1.1751153144760793,MNAR,brms,767
