missingprop_autocor,parameter,mean,sd,2.5%,50%,97.5%,missingness,type,run_no
y_noMiss,b_Intercept,-1.1350489040987668,0.10662116589885164,-1.34205450329523,-1.1360989494737006,-0.9241572257535339,MNAR,brms,768
y_noMiss,b_light,-1.0758383205185116,0.06002800002641192,-1.193275240980833,-1.0767397793959836,-0.9570376872398333,MNAR,brms,768
y_noMiss,b_discharge,0.34993146583752227,0.06454965794670313,0.22389051071596072,0.34976657397795585,0.47634516552621553,MNAR,brms,768
y_noMiss,phi,0.40810059295782863,0.05374585704398683,0.3033447589022613,0.4076296274998553,0.5149158397554766,MNAR,brms,768
y_noMiss,sigma,1.0640612108490783,0.04456808549699119,0.9812779079319405,1.0620683155590918,1.1556658496865944,MNAR,brms,768
y_noMiss,Intercept,-1.121325314136256,0.10640133140319208,-1.3276090130954452,-1.121862920806124,-0.9113393455354558,MNAR,brms,768
