missingprop_autocor,parameter,mean,sd,2.5%,50%,97.5%,missingness,type,run_no
y_noMiss,b_Intercept,1.3313888253289903,0.10107713022147732,1.133285956574958,1.3321985488978987,1.535394687053253,MNAR,brms,769
y_noMiss,b_light,1.9020729332233237,0.04939764910616765,1.8053324120544536,1.9019215792460713,1.9977278033475365,MNAR,brms,769
y_noMiss,b_discharge,-1.3693035613067233,0.05360848357519236,-1.475331350765385,-1.3686450277889732,-1.266374379190873,MNAR,brms,769
y_noMiss,phi,0.41836536598882756,0.054765405445350863,0.31237972875041997,0.4179864186256973,0.5263819191160223,MNAR,brms,769
y_noMiss,sigma,0.9975544655817958,0.04214193174279236,0.9187530716993847,0.9961519021866951,1.0838136034544767,MNAR,brms,769
y_noMiss,Intercept,1.2452715217071668,0.10099538334579489,1.0500844953481219,1.2458215610309962,1.44903759956649,MNAR,brms,769
