missingprop_autocor,parameter,mean,sd,2.5%,50%,97.5%,missingness,type,run_no
y_noMiss,b_Intercept,0.3976790682103713,0.08599437605366232,0.22796044253757453,0.39774382561063293,0.5660150216463306,MNAR,brms,76
y_noMiss,b_light,0.5926779563262935,0.0597797444900876,0.47570095278867225,0.5922120323150974,0.710220667493058,MNAR,brms,76
y_noMiss,b_discharge,0.3341420487323052,0.05933624057741741,0.2195667238545455,0.33381832855758053,0.4504179761310968,MNAR,brms,76
y_noMiss,phi,0.2634926178291345,0.05777967718427988,0.14944919304418314,0.26319699539229424,0.37669404757212044,MNAR,brms,76
y_noMiss,sigma,1.0538448699459295,0.04513359554334985,0.9698558734351457,1.0527614424883867,1.1457954066450813,MNAR,brms,76
y_noMiss,Intercept,0.4594625750552031,0.08570363705802841,0.2901798801856937,0.45940433854416995,0.6267934120777969,MNAR,brms,76
