missingprop_autocor,parameter,mean,sd,2.5%,50%,97.5%,missingness,type,run_no
y_noMiss,b_Intercept,0.9374339045948532,0.12396909077193162,0.6969848376467274,0.9370585925276425,1.1809746574424262,MNAR,brms,770
y_noMiss,b_light,0.33270002149848754,0.05175611799549114,0.23265210728285596,0.3324663735388306,0.4345552468742738,MNAR,brms,770
y_noMiss,b_discharge,0.6660554573795883,0.05310584530481744,0.5634828257885859,0.6654224483200817,0.7718609929511114,MNAR,brms,770
y_noMiss,phi,0.5166897680252751,0.05090056461326055,0.4166387548825676,0.5161333576075369,0.6166528658439231,MNAR,brms,770
y_noMiss,sigma,1.0042436746328445,0.04197764769640414,0.9245904428130999,1.0034560752188764,1.0902323883220086,MNAR,brms,770
y_noMiss,Intercept,0.877843647101731,0.12366631042964571,0.6376774270895056,0.8777995097370138,1.1209700751235427,MNAR,brms,770
