missingprop_autocor,parameter,mean,sd,2.5%,50%,97.5%,missingness,type,run_no
y_noMiss,b_Intercept,-0.16169973699141446,0.08248869531653759,-0.3206319001435206,-0.16182250930640546,-0.0021332245348847172,MNAR,brms,771
y_noMiss,b_light,0.6523824863135845,0.059777689833705135,0.5338983163275643,0.6526679779499767,0.7689733937903203,MNAR,brms,771
y_noMiss,b_discharge,-0.6021805532211775,0.05901757335006337,-0.7177353976925818,-0.6021917274357899,-0.48500181719087815,MNAR,brms,771
y_noMiss,phi,0.2509275668047513,0.05834590530834777,0.13660504922496827,0.2507199510090088,0.36478189596773786,MNAR,brms,771
y_noMiss,sigma,1.035024984613161,0.04283618805447036,0.9572613778675797,1.0328841530482118,1.1241180569894869,MNAR,brms,771
y_noMiss,Intercept,-0.21584483161280824,0.0823026863116488,-0.37457804932593913,-0.21583545405603202,-0.05490145869675556,MNAR,brms,771
