missingprop_autocor,parameter,mean,sd,2.5%,50%,97.5%,missingness,type,run_no
y_noMiss,b_Intercept,0.37629432715446803,0.06828974798278419,0.24267868001516163,0.37639999881024344,0.5097628129935712,MNAR,brms,772
y_noMiss,b_light,1.9870099060924544,0.059923878500341414,1.8688660443774123,1.986495068036384,2.104150599850065,MNAR,brms,772
y_noMiss,b_discharge,0.18627355532268405,0.061033648489575244,0.06549977714831356,0.18622756992407963,0.302517895704732,MNAR,brms,772
y_noMiss,phi,0.1264484027274551,0.05921629563736858,0.010269588008496065,0.12634385806227394,0.24195265090712578,MNAR,brms,772
y_noMiss,sigma,1.017223004558642,0.043140903870387624,0.9378429983175135,1.0156944005052497,1.1093025246977826,MNAR,brms,772
y_noMiss,Intercept,0.24118510686143874,0.06821049956234253,0.10777749692038309,0.2414101712908217,0.3745025683911523,MNAR,brms,772
