missingprop_autocor,parameter,mean,sd,2.5%,50%,97.5%,missingness,type,run_no
y_noMiss,b_Intercept,0.07143514780518673,0.06368125140293882,-0.05342333722980299,0.07181630542581288,0.19573535926027585,MNAR,brms,773
y_noMiss,b_light,1.3937997802848212,0.05190093862111325,1.2919251050352332,1.394270938663042,1.4959931400693323,MNAR,brms,773
y_noMiss,b_discharge,-1.3321016436477267,0.06141951261325831,-1.452083127857574,-1.331862096956045,-1.2119407714887593,MNAR,brms,773
y_noMiss,phi,0.0784310357769824,0.057903838851788604,-0.03574559115337649,0.07860219624633777,0.19063374199734964,MNAR,brms,773
y_noMiss,sigma,0.9930718125003328,0.041512872400551536,0.9142212206271408,0.9915933869885724,1.0797432942745944,MNAR,brms,773
y_noMiss,Intercept,0.02468486908437511,0.0634188968616912,-0.09962443737255773,0.02506261848929727,0.14885952268290326,MNAR,brms,773
