missingprop_autocor,parameter,mean,sd,2.5%,50%,97.5%,missingness,type,run_no
y_noMiss,b_Intercept,-0.6977551632919953,0.06873053463137999,-0.8338667925385581,-0.697751928135655,-0.5650326529645731,MNAR,brms,774
y_noMiss,b_light,1.3189697810919494,0.06061812312565675,1.2007928708068685,1.3189547239053858,1.437657621777255,MNAR,brms,774
y_noMiss,b_discharge,-1.7272472425267598,0.05914347026699494,-1.8428102818689096,-1.7282856499741825,-1.6117815632012913,MNAR,brms,774
y_noMiss,phi,0.12394215087955121,0.0601322976487514,0.007184707825986748,0.12243495094938031,0.24324100506782612,MNAR,brms,774
y_noMiss,sigma,1.0097296355051368,0.0425240889464818,0.9307734559349803,1.0080403152699509,1.0966127984754785,MNAR,brms,774
y_noMiss,Intercept,-0.622683571229444,0.06860548097519736,-0.7585454348438746,-0.622536487338784,-0.4902680169906122,MNAR,brms,774
