missingprop_autocor,parameter,mean,sd,2.5%,50%,97.5%,missingness,type,run_no
y_noMiss,b_Intercept,0.5567577510784883,0.09033443644974157,0.3812567511037983,0.5567821381647519,0.7358645479857677,MNAR,brms,775
y_noMiss,b_light,0.49817582787031395,0.06163999938290592,0.3782910123949436,0.49817485745968343,0.620328263315613,MNAR,brms,775
y_noMiss,b_discharge,0.08563565666045106,0.05796453019410444,-0.025906313684969148,0.08557298095659785,0.19932431859255337,MNAR,brms,775
y_noMiss,phi,0.32114971830037725,0.057040568119329976,0.2111044680349762,0.32058809313352066,0.4342457584351894,MNAR,brms,775
y_noMiss,sigma,1.0561209176175195,0.04381410186388711,0.9733177714938979,1.0548653278422964,1.1469950588583104,MNAR,brms,775
y_noMiss,Intercept,0.5447921941225988,0.09022208695822476,0.36813246395914306,0.5448167290979885,0.7242004454123939,MNAR,brms,775
