missingprop_autocor,parameter,mean,sd,2.5%,50%,97.5%,missingness,type,run_no
y_noMiss,b_Intercept,-0.6590249930750557,0.06795400549000968,-0.7936194987246667,-0.6581265147472475,-0.5249508598704404,MNAR,brms,776
y_noMiss,b_light,0.12192040034374418,0.059828979487034514,0.00601439898687036,0.12156662125268897,0.23889047178453357,MNAR,brms,776
y_noMiss,b_discharge,0.7982049915914425,0.06625456034152867,0.6691457676024373,0.797500515773257,0.9286733366806462,MNAR,brms,776
y_noMiss,phi,0.09195324408020492,0.057949215429999576,-0.022362578369294537,0.09219274573097891,0.20749790451680328,MNAR,brms,776
y_noMiss,sigma,1.0282503615753729,0.043004827065441245,0.9469006445252592,1.0271162488401646,1.115491715031895,MNAR,brms,776
y_noMiss,Intercept,-0.7020252812652371,0.06753763420497046,-0.8345906906832499,-0.7012805529262464,-0.5682854186074662,MNAR,brms,776
