missingprop_autocor,parameter,mean,sd,2.5%,50%,97.5%,missingness,type,run_no
y_noMiss,b_Intercept,-0.6019584464789004,0.06403476323256689,-0.7274993545716152,-0.6016957410135171,-0.47578565099699904,MNAR,brms,777
y_noMiss,b_light,0.49739437392418145,0.06047782122276219,0.3803258825179199,0.4980945811424447,0.6133753553421265,MNAR,brms,777
y_noMiss,b_discharge,-2.0305382620377195,0.0634355581535919,-2.1554738821171022,-2.0309100459529925,-1.9069676431533926,MNAR,brms,777
y_noMiss,phi,0.04458283629409442,0.05987584689732712,-0.07516659917550367,0.04508248457555204,0.1611616071200516,MNAR,brms,777
y_noMiss,sigma,1.041065309105255,0.043702773135420536,0.9600670195101785,1.0396456273894037,1.1298885059572563,MNAR,brms,777
y_noMiss,Intercept,-0.6030773542346317,0.06366131890458271,-0.7285073260359175,-0.6029809376622481,-0.47867126273229665,MNAR,brms,777
