missingprop_autocor,parameter,mean,sd,2.5%,50%,97.5%,missingness,type,run_no
y_noMiss,b_Intercept,1.0622424927835212,0.08730184349763882,0.8890540918917821,1.0613708148900485,1.2341257735395181,MNAR,brms,778
y_noMiss,b_light,-1.4095691888929112,0.05041129515266093,-1.5073032806987916,-1.4098927234573495,-1.3104388066890902,MNAR,brms,778
y_noMiss,b_discharge,1.420387358088824,0.05276190388114502,1.317368485309678,1.420786666248116,1.524549220946859,MNAR,brms,778
y_noMiss,phi,0.37008723688616896,0.05558922400845789,0.25887236281430254,0.37049267196789915,0.48003083370236876,MNAR,brms,778
y_noMiss,sigma,0.9363368152013768,0.03958990305157923,0.8627268596297613,0.9347240391892593,1.015935710638106,MNAR,brms,778
y_noMiss,Intercept,1.1514812915314423,0.08722595929411911,0.9786856740080007,1.1507814263686744,1.3243987354472164,MNAR,brms,778
