missingprop_autocor,parameter,mean,sd,2.5%,50%,97.5%,missingness,type,run_no
y_noMiss,b_Intercept,2.7726981371194936,0.07095886328632135,2.632279904244182,2.7730321788205394,2.9152831092062974,MNAR,brms,779
y_noMiss,b_light,1.1663771822892608,0.058739082649783655,1.0525182811626606,1.1655481501968659,1.2817108774081147,MNAR,brms,779
y_noMiss,b_discharge,-1.5010546821077184,0.05886987558052731,-1.6151524730229028,-1.5010522366577297,-1.3844564319102337,MNAR,brms,779
y_noMiss,phi,0.1337963720936655,0.059776580617769436,0.016519628492872737,0.1338654799725013,0.2502117746512539,MNAR,brms,779
y_noMiss,sigma,1.0466251896969345,0.043433915973294414,0.9666450905942182,1.0449836095088227,1.135138918698646,MNAR,brms,779
y_noMiss,Intercept,2.705212766073231,0.07096002003493705,2.5647707993329765,2.705500763707375,2.8485946610123163,MNAR,brms,779
