missingprop_autocor,parameter,mean,sd,2.5%,50%,97.5%,missingness,type,run_no
y_noMiss,b_Intercept,0.242658957038268,0.06287662569732407,0.12055316373406946,0.242164832081279,0.3675341649178185,MNAR,brms,77
y_noMiss,b_light,-0.010411182558670495,0.06118743809203557,-0.13198419521762458,-0.010391879103157718,0.10916249081274194,MNAR,brms,77
y_noMiss,b_discharge,-1.8038685357507833,0.05995646847856008,-1.9200773758025835,-1.8040471181065627,-1.6867311974323835,MNAR,brms,77
y_noMiss,phi,0.05676162427704325,0.05825642401552457,-0.058368954279163957,0.05625361032158179,0.1701586763946229,MNAR,brms,77
y_noMiss,sigma,0.9984185931142187,0.04147207465953991,0.9210327250839915,0.9977838811072477,1.081867383199136,MNAR,brms,77
y_noMiss,Intercept,0.2805006525986524,0.06271144121724971,0.1580180739154717,0.28020118177881004,0.403796990072049,MNAR,brms,77
