missingprop_autocor,parameter,mean,sd,2.5%,50%,97.5%,missingness,type,run_no
y_noMiss,b_Intercept,1.3216039536441628,0.1701938690572629,0.9842450331809964,1.3210040544632973,1.6534013453586436,MNAR,brms,780
y_noMiss,b_light,1.219893927107492,0.057330698859082756,1.1073019771875634,1.220070102084152,1.331420191651103,MNAR,brms,780
y_noMiss,b_discharge,-1.968953121806957,0.053002698943390755,-2.0708201548940535,-1.9696851682801952,-1.8644242182866617,MNAR,brms,780
y_noMiss,phi,0.6327018960280216,0.04612058808820749,0.5425007610606889,0.6326171398914626,0.7235548531050249,MNAR,brms,780
y_noMiss,sigma,1.0507910257627677,0.043983698268576704,0.9680012602137313,1.0486583937063987,1.1408242518823426,MNAR,brms,780
y_noMiss,Intercept,1.3261438208477048,0.17016722448877142,0.9890540395282235,1.325297821181607,1.6585742497133953,MNAR,brms,780
