missingprop_autocor,parameter,mean,sd,2.5%,50%,97.5%,missingness,type,run_no
y_noMiss,b_Intercept,0.6409852839543586,0.07407586545574622,0.49159306520307894,0.6412280545202467,0.7861137084660378,MNAR,brms,781
y_noMiss,b_light,0.14272341320456708,0.06424403600153496,0.016791543234997448,0.14252796622129363,0.2699326163126964,MNAR,brms,781
y_noMiss,b_discharge,0.16792942886274395,0.06069657704762251,0.04808401582199303,0.16804687014755895,0.2863148211735802,MNAR,brms,781
y_noMiss,phi,0.15663203742848353,0.058866360534993785,0.03789301486532501,0.1574258077163376,0.2702126383237787,MNAR,brms,781
y_noMiss,sigma,1.0618627183417502,0.04474254035941927,0.9787632529923296,1.0601022404786606,1.1550735437995283,MNAR,brms,781
y_noMiss,Intercept,0.6356271251680071,0.07405481052766727,0.4860738543668128,0.6357584926702892,0.7795676795243438,MNAR,brms,781
