missingprop_autocor,parameter,mean,sd,2.5%,50%,97.5%,missingness,type,run_no
y_noMiss,b_Intercept,0.34334386825427227,0.10767559850445825,0.12812317910017723,0.34402500821875914,0.553171957600454,MNAR,brms,782
y_noMiss,b_light,0.9677110299658706,0.05774538824317902,0.855361159932025,0.9675692812553625,1.0803009685445886,MNAR,brms,782
y_noMiss,b_discharge,-1.3251781374051468,0.05397666400201078,-1.4312332561803023,-1.3251209232222396,-1.2209649567348912,MNAR,brms,782
y_noMiss,phi,0.4214756421665024,0.05390464889571926,0.31592042441237284,0.421662177912169,0.5302119245530619,MNAR,brms,782
y_noMiss,sigma,1.0466220213337887,0.04390597356504186,0.9653253171707443,1.0449460477085268,1.136963441781122,MNAR,brms,782
y_noMiss,Intercept,0.3587779729230393,0.10766981836234865,0.1437962992171485,0.3591920521684152,0.5685118668193607,MNAR,brms,782
