missingprop_autocor,parameter,mean,sd,2.5%,50%,97.5%,missingness,type,run_no
y_noMiss,b_Intercept,0.7989440387562396,0.1271860449725155,0.5494126035275839,0.7992057151689532,1.0535823813857907,MNAR,brms,783
y_noMiss,b_light,-0.5510259021426935,0.0519367460438476,-0.653925579771866,-0.5512257596892733,-0.44766231221108316,MNAR,brms,783
y_noMiss,b_discharge,3.027706582741887,0.04740900255691571,2.935968833988132,3.027816315869571,3.1219648744374733,MNAR,brms,783
y_noMiss,phi,0.5462777183989516,0.04958498871690456,0.4484491629020943,0.5464629958129573,0.6438213515414869,MNAR,brms,783
y_noMiss,sigma,0.9704394851728375,0.04079766301322203,0.8950260023038126,0.9688606523434147,1.0531727164877127,MNAR,brms,783
y_noMiss,Intercept,0.7846407720689109,0.12714824726942664,0.5348743975091811,0.7848361798776429,1.038810620103033,MNAR,brms,783
