missingprop_autocor,parameter,mean,sd,2.5%,50%,97.5%,missingness,type,run_no
y_noMiss,b_Intercept,-0.8941880991198383,0.1155677754313776,-1.1211845113981456,-0.8947625995550532,-0.6671278016612349,MNAR,brms,784
y_noMiss,b_light,-0.12551203086956636,0.04925145717302338,-0.22589745294798008,-0.12490614838260133,-0.02727142373286853,MNAR,brms,784
y_noMiss,b_discharge,-1.3480965521919888,0.050518547964558305,-1.4476622134106878,-1.3472620438071332,-1.2499440438736131,MNAR,brms,784
y_noMiss,phi,0.4979564145666377,0.05103435242495064,0.39935664615382704,0.49818738014372876,0.5977122355499591,MNAR,brms,784
y_noMiss,sigma,0.9829451551313699,0.0408643357248927,0.9058500972774831,0.9812986424953908,1.0663329971366835,MNAR,brms,784
y_noMiss,Intercept,-0.7909305140204075,0.1155921848224257,-1.0194796712066116,-0.791202600019578,-0.5637469589866212,MNAR,brms,784
