missingprop_autocor,parameter,mean,sd,2.5%,50%,97.5%,missingness,type,run_no
y_noMiss,b_Intercept,-1.5036234839751677,0.3230095073929245,-2.1593295587780523,-1.498251213324337,-0.8648796181052838,MNAR,brms,785
y_noMiss,b_light,-0.0023870899811077955,0.04545700982147571,-0.0945898557857287,-0.0024969243719750647,0.08563385588204898,MNAR,brms,785
y_noMiss,b_discharge,-0.14343634499669713,0.04640015306448099,-0.2358714100231508,-0.14348638715487738,-0.05355048180903065,MNAR,brms,785
y_noMiss,phi,0.8217197069622277,0.03513339905045474,0.7515550001763472,0.8218613790581697,0.8893275280266233,MNAR,brms,785
y_noMiss,sigma,0.9849178689229279,0.04164905379261574,0.9082420418115325,0.9829453881066947,1.0726390901038272,MNAR,brms,785
y_noMiss,Intercept,-1.4949049342638843,0.3228978531369883,-2.152886312331053,-1.4895400623197212,-0.8548607147978444,MNAR,brms,785
