missingprop_autocor,parameter,mean,sd,2.5%,50%,97.5%,missingness,type,run_no
y_noMiss,b_Intercept,-0.08715251185392343,0.23551689632271902,-0.5586837374163471,-0.08286002228923034,0.36724140531119953,MNAR,brms,786
y_noMiss,b_light,-1.2549246327194425,0.047056949578816794,-1.34765962964691,-1.25472988839636,-1.1645514900161897,MNAR,brms,786
y_noMiss,b_discharge,-1.9198376982274836,0.04837810650648908,-2.013913953030222,-1.919653735085249,-1.8239278729426716,MNAR,brms,786
y_noMiss,phi,0.7510541273935926,0.04051376674287984,0.6728527506485175,0.7503458121654643,0.8316171872253199,MNAR,brms,786
y_noMiss,sigma,0.974785728040911,0.041116615614153224,0.8982021079019862,0.9734706682250736,1.0582547709666215,MNAR,brms,786
y_noMiss,Intercept,-0.09977668093148058,0.2356658049335367,-0.5733582953051779,-0.09634434252555245,0.3555832741139877,MNAR,brms,786
