missingprop_autocor,parameter,mean,sd,2.5%,50%,97.5%,missingness,type,run_no
y_noMiss,b_Intercept,0.29641239811634895,0.06484961242403496,0.16961879053636666,0.2962902141353813,0.4229823115200163,MNAR,brms,787
y_noMiss,b_light,0.31295077171444535,0.06201151291274766,0.19089090864738467,0.3133999910181219,0.43513849677169375,MNAR,brms,787
y_noMiss,b_discharge,-0.46494244957886205,0.05447548879951735,-0.5696721812551209,-0.465482642682248,-0.3601786774830498,MNAR,brms,787
y_noMiss,phi,0.1124949209351374,0.059492569845694475,-0.004695871847096139,0.11289954689980873,0.2281650382727592,MNAR,brms,787
y_noMiss,sigma,0.9664017505153364,0.03974361487398501,0.8918249953405133,0.9656448834632467,1.0485406788233196,MNAR,brms,787
y_noMiss,Intercept,0.3486340974042331,0.06465869474147017,0.22098482269244302,0.34862324284285007,0.47388395696817104,MNAR,brms,787
