missingprop_autocor,parameter,mean,sd,2.5%,50%,97.5%,missingness,type,run_no
y_noMiss,b_Intercept,-1.2008722137001377,0.07194612952158169,-1.340884959523694,-1.2008946869165287,-1.0605039276712276,MNAR,brms,788
y_noMiss,b_light,-0.8880341229268142,0.05726624466306531,-1.0012089335590344,-0.8876442781021688,-0.7747051450845844,MNAR,brms,788
y_noMiss,b_discharge,0.6121037316050884,0.0629950940740461,0.49011395883229825,0.6126738557068492,0.7351887186626475,MNAR,brms,788
y_noMiss,phi,0.15570345116505369,0.059276004600802415,0.036823993004497735,0.15604769934639368,0.27276968201307195,MNAR,brms,788
y_noMiss,sigma,1.0254860298303583,0.043030826573104496,0.944272857490647,1.0237796785433373,1.1147769983120026,MNAR,brms,788
y_noMiss,Intercept,-1.1785948655783343,0.07196845999840745,-1.318255044668119,-1.178780430866318,-1.0377088412928634,MNAR,brms,788
