missingprop_autocor,parameter,mean,sd,2.5%,50%,97.5%,missingness,type,run_no
y_noMiss,b_Intercept,-0.22600522139445928,0.1604510948783668,-0.5419121067116227,-0.22442447919326367,0.09187091249379956,MNAR,brms,789
y_noMiss,b_light,2.0823981339324407,0.049320032884902006,1.9852277527519566,2.083007718915248,2.1784082798610136,MNAR,brms,789
y_noMiss,b_discharge,0.436168793094748,0.04706097584565869,0.344444886410682,0.4359954424384026,0.5295398256303498,MNAR,brms,789
y_noMiss,phi,0.6446244482941167,0.04624106697513505,0.5571009978354057,0.6444422508541627,0.735935937890865,MNAR,brms,789
y_noMiss,sigma,0.9754614281938783,0.040768977664180854,0.8997099161730138,0.974596195659235,1.0592886607137815,MNAR,brms,789
y_noMiss,Intercept,-0.2705409859667047,0.16044733730955293,-0.5868083862458061,-0.2689801467451314,0.047182502751668604,MNAR,brms,789
