missingprop_autocor,parameter,mean,sd,2.5%,50%,97.5%,missingness,type,run_no
y_noMiss,b_Intercept,0.9993630181052673,0.06446000152427664,0.8708350860322871,0.9990323232210656,1.1263637864420024,MNAR,brms,78
y_noMiss,b_light,-0.3110892112235166,0.05727215649447938,-0.42324255812504974,-0.3111303994875312,-0.19885251788481462,MNAR,brms,78
y_noMiss,b_discharge,0.11096315218617117,0.060418411105747756,-0.007223603544740089,0.11153921431277648,0.22770751061787875,MNAR,brms,78
y_noMiss,phi,0.06950853573336498,0.058982567793155055,-0.04689702067154932,0.06959254772322634,0.18421845445501916,MNAR,brms,78
y_noMiss,sigma,1.013077081754478,0.041898102857587924,0.9356557773117395,1.0117568508577253,1.0981505902014077,MNAR,brms,78
y_noMiss,Intercept,0.9765980480222253,0.06411340729181941,0.8489074442166317,0.9758351505476017,1.1032542294569645,MNAR,brms,78
