missingprop_autocor,parameter,mean,sd,2.5%,50%,97.5%,missingness,type,run_no
y_noMiss,b_Intercept,0.5972132498277538,0.09322397084866466,0.41294661879788175,0.5977325456667348,0.7827172754733625,MNAR,brms,790
y_noMiss,b_light,-0.16381218951846574,0.05364493746201124,-0.2677669291181517,-0.1638685930172165,-0.05755348092450527,MNAR,brms,790
y_noMiss,b_discharge,-0.3070598352965407,0.05385063119633899,-0.4129275696943787,-0.3070670337004464,-0.20196992981233916,MNAR,brms,790
y_noMiss,phi,0.3942264602003224,0.055820134836619455,0.2861774798953791,0.3941244645234791,0.5029448941793723,MNAR,brms,790
y_noMiss,sigma,0.9503575572087478,0.03932831585164512,0.8782196151906673,0.9487762740218482,1.0320243799770583,MNAR,brms,790
y_noMiss,Intercept,0.581882716236008,0.09321407918043118,0.3976224483798398,0.582084560192733,0.7673711542647038,MNAR,brms,790
