missingprop_autocor,parameter,mean,sd,2.5%,50%,97.5%,missingness,type,run_no
y_noMiss,b_Intercept,0.9094032594053987,0.05900940728013405,0.7933270719410067,0.9088677537574676,1.0256319388099298,MNAR,brms,791
y_noMiss,b_light,-1.2448248232593708,0.055387533584547385,-1.3530559288901558,-1.2454390262354826,-1.1347380164113317,MNAR,brms,791
y_noMiss,b_discharge,1.1163096947191162,0.05994049421307434,0.9974602593272932,1.1158522836770768,1.2346973424440622,MNAR,brms,791
y_noMiss,phi,0.030184544575089185,0.05924505322054543,-0.08233208085253062,0.03031733217902136,0.1440765105406905,MNAR,brms,791
y_noMiss,sigma,0.9716499475029636,0.03996906441989717,0.8978688958525913,0.9708392073019276,1.0536662719857084,MNAR,brms,791
y_noMiss,Intercept,0.8508986123943083,0.059039777340743144,0.7349329144029915,0.850724560417445,0.9672794951837224,MNAR,brms,791
