missingprop_autocor,parameter,mean,sd,2.5%,50%,97.5%,missingness,type,run_no
y_noMiss,b_Intercept,-0.7427452545850598,0.0776551873908393,-0.8975669657571433,-0.7424301225457254,-0.5901102816784108,MNAR,brms,792
y_noMiss,b_light,0.341382670094211,0.053696911519789566,0.23655931507442682,0.34106706062378866,0.4449138789631743,MNAR,brms,792
y_noMiss,b_discharge,-1.6558585957360008,0.0622221373443137,-1.7771525548607772,-1.655600501842887,-1.5334422101813487,MNAR,brms,792
y_noMiss,phi,0.21793905192893265,0.058347695558597,0.1038905293690231,0.2174272585304876,0.3326727344689279,MNAR,brms,792
y_noMiss,sigma,1.0185820565555994,0.04249004950237526,0.9387213999731768,1.01652260871812,1.1078532227480524,MNAR,brms,792
y_noMiss,Intercept,-0.757566385238693,0.07767754755809078,-0.912595740176659,-0.7572676307997241,-0.6051518471467281,MNAR,brms,792
