missingprop_autocor,parameter,mean,sd,2.5%,50%,97.5%,missingness,type,run_no
y_noMiss,b_Intercept,0.7432521676962995,0.10540059473936031,0.5373938745649539,0.7436837197026638,0.9496942982266579,MNAR,brms,793
y_noMiss,b_light,-0.3404037979871343,0.053637095810560656,-0.4465318230347885,-0.34023654550496907,-0.23509843173783396,MNAR,brms,793
y_noMiss,b_discharge,-0.0851506922468004,0.051903121781058534,-0.1873682636474285,-0.08466744732457349,0.016805304139603346,MNAR,brms,793
y_noMiss,phi,0.44362558348155345,0.053318427419624885,0.34076754219667343,0.4430381440237047,0.5504421819098909,MNAR,brms,793
y_noMiss,sigma,0.9974912330840802,0.04143335279047414,0.9213875162601832,0.9960789501713996,1.0838130511701787,MNAR,brms,793
y_noMiss,Intercept,0.751918029308977,0.1053334011183,0.5454962263126021,0.7524140384479869,0.9585985657685854,MNAR,brms,793
