missingprop_autocor,parameter,mean,sd,2.5%,50%,97.5%,missingness,type,run_no
y_noMiss,b_Intercept,1.1530480980176256,0.09255669335177043,0.9717369974707403,1.153072902227136,1.337003224846031,MNAR,brms,794
y_noMiss,b_light,0.08861178814008337,0.04757167265004611,-0.0038417149939402625,0.08844258296070295,0.18137523937513886,MNAR,brms,794
y_noMiss,b_discharge,-1.556826912415601,0.049394134010808714,-1.651352371791663,-1.5578457186626167,-1.45833409762188,MNAR,brms,794
y_noMiss,phi,0.4131366588459023,0.055541338098243076,0.30452538317279765,0.41282655579668465,0.5222087472115851,MNAR,brms,794
y_noMiss,sigma,0.9252866884383477,0.03806677140524028,0.8534792299337507,0.9242346704197213,1.003647409801058,MNAR,brms,794
y_noMiss,Intercept,0.986279107819817,0.0922866577937781,0.8047965395861741,0.9857996886798648,1.1697313220049383,MNAR,brms,794
