missingprop_autocor,parameter,mean,sd,2.5%,50%,97.5%,missingness,type,run_no
y_noMiss,b_Intercept,-1.3400033263487503,0.07326619874525107,-1.486145817866823,-1.339224342159221,-1.1959476098378816,MNAR,brms,795
y_noMiss,b_light,0.7102512834574939,0.060067356094978264,0.5944244074040952,0.7103403301363025,0.8285753637144226,MNAR,brms,795
y_noMiss,b_discharge,-1.4759053714917016,0.06379485309376379,-1.600574386491068,-1.4766977353470887,-1.3526000443451922,MNAR,brms,795
y_noMiss,phi,0.17364617722172834,0.059221769401575725,0.055545701488241866,0.1742583826220595,0.29043460963042916,MNAR,brms,795
y_noMiss,sigma,0.9840091864502395,0.041958495584752536,0.9062870602762573,0.982375641611654,1.069944675979154,MNAR,brms,795
y_noMiss,Intercept,-1.0487539643763542,0.07222053561271258,-1.1927790740962179,-1.0481512218636393,-0.9071779785080766,MNAR,brms,795
