missingprop_autocor,parameter,mean,sd,2.5%,50%,97.5%,missingness,type,run_no
y_noMiss,b_Intercept,0.5606669468574793,0.23868919203466615,0.10185846040781403,0.5588406318564847,1.0336633980871688,MNAR,brms,796
y_noMiss,b_light,-0.13138319609833343,0.0476428199700618,-0.2250554484709854,-0.13098336575473118,-0.03910833010666307,MNAR,brms,796
y_noMiss,b_discharge,0.2121822661472548,0.04636571105186655,0.12201559341701465,0.21291111062092521,0.3014199996094315,MNAR,brms,796
y_noMiss,phi,0.7461265460273245,0.04027496353053571,0.6674738767132218,0.7461430044775978,0.8245141625813002,MNAR,brms,796
y_noMiss,sigma,1.0145782154374334,0.04228088352083708,0.9374410619044738,1.0128818198991638,1.101333593502685,MNAR,brms,796
y_noMiss,Intercept,0.5391979631426834,0.23863307359461683,0.08121811997150503,0.5371803790805743,1.0121365288512958,MNAR,brms,796
