missingprop_autocor,parameter,mean,sd,2.5%,50%,97.5%,missingness,type,run_no
y_noMiss,b_Intercept,0.6737467934551209,0.1269764162220139,0.42646014727492204,0.6736297638918092,0.9321393938453598,MNAR,brms,797
y_noMiss,b_light,-1.185339025305885,0.05337574622151765,-1.2902785807759747,-1.1854908533145547,-1.0805255878051057,MNAR,brms,797
y_noMiss,b_discharge,-0.08227891790173071,0.048594464961048675,-0.17801292088559204,-0.08197926995136842,0.012446964279225264,MNAR,brms,797
y_noMiss,phi,0.5308645966508466,0.051112503933339465,0.4320568702297976,0.5308461681346217,0.6334094691151212,MNAR,brms,797
y_noMiss,sigma,0.9964880942420146,0.041840717227614586,0.9194154672063166,0.994817940669333,1.084140877721432,MNAR,brms,797
y_noMiss,Intercept,0.7062714725831789,0.12698428269556924,0.4595130541891399,0.7061430147507137,0.9639663028537333,MNAR,brms,797
