missingprop_autocor,parameter,mean,sd,2.5%,50%,97.5%,missingness,type,run_no
y_noMiss,b_Intercept,0.38417932883482264,0.0626386619358461,0.26048818676894725,0.3849486922842019,0.5036704231491923,MNAR,brms,798
y_noMiss,b_light,-0.42534225721075253,0.054275332346971565,-0.5307880573225725,-0.4258786900180854,-0.3172799426487221,MNAR,brms,798
y_noMiss,b_discharge,0.5321273262934433,0.05585842021275179,0.42230225207257244,0.5321684123591481,0.6436953352043392,MNAR,brms,798
y_noMiss,phi,0.06230051443502078,0.05927570841406296,-0.05314054103041481,0.06230452198048482,0.1797414344995154,MNAR,brms,798
y_noMiss,sigma,0.987856202288645,0.04046158875086048,0.912399162806522,0.9858724153732576,1.0704806051957707,MNAR,brms,798
y_noMiss,Intercept,0.4071551050432092,0.062236092381978074,0.2845810605856551,0.4076218559505287,0.5267201461419411,MNAR,brms,798
