missingprop_autocor,parameter,mean,sd,2.5%,50%,97.5%,missingness,type,run_no
y_noMiss,b_Intercept,0.8389663397850059,0.07422351539085867,0.6924075725654792,0.8380702050504161,0.9889263580188514,MNAR,brms,799
y_noMiss,b_light,0.17306305334849054,0.06119632948675463,0.05178161618980018,0.17314142695927387,0.29379362712645823,MNAR,brms,799
y_noMiss,b_discharge,-0.16210848788588741,0.060413587484821875,-0.28125656024101997,-0.16200507987163335,-0.04445259419678045,MNAR,brms,799
y_noMiss,phi,0.17577712096297343,0.059884273376096905,0.0604699012306328,0.17554174247560728,0.2919987798688211,MNAR,brms,799
y_noMiss,sigma,1.0337952723590096,0.04339687082890586,0.9530030076712553,1.03242296103766,1.122670334805286,MNAR,brms,799
y_noMiss,Intercept,0.8612174671766951,0.07379954269664678,0.7172261623739598,0.860972073325278,1.0096351514699975,MNAR,brms,799
