missingprop_autocor,parameter,mean,sd,2.5%,50%,97.5%,missingness,type,run_no
y_noMiss,b_Intercept,-1.3225671720708339,0.21480093459238672,-1.7641931562444702,-1.3193659638370163,-0.9111746711857976,MNAR,brms,79
y_noMiss,b_light,1.077405665272693,0.05061471290676874,0.9771286980612854,1.0778148079269423,1.1755860779105276,MNAR,brms,79
y_noMiss,b_discharge,-0.5858726519890355,0.059060946009399644,-0.7010628132867929,-0.5866006344800068,-0.47216184865335203,MNAR,brms,79
y_noMiss,phi,0.6966773106704593,0.042999523451451825,0.6124690605928466,0.6969056374468265,0.7807110493671824,MNAR,brms,79
y_noMiss,sigma,1.103264244302935,0.04674728035814566,1.01726174905044,1.1013702347776242,1.2002883363418144,MNAR,brms,79
y_noMiss,Intercept,-1.3862046416367806,0.21480060248730282,-1.8279127564573856,-1.3825346797017393,-0.9740564962433217,MNAR,brms,79
