missingprop_autocor,parameter,mean,sd,2.5%,50%,97.5%,missingness,type,run_no
y_noMiss,b_Intercept,-1.7942064737721177,0.1810883227574554,-2.1489072330687558,-1.794018028663916,-1.436541968015437,MNAR,brms,7
y_noMiss,b_light,1.687208947292333,0.04619415711027658,1.596721808476416,1.6867842136118265,1.7777574232312967,MNAR,brms,7
y_noMiss,b_discharge,-1.1452371430839685,0.044658661252900494,-1.233399386941459,-1.1458425617253958,-1.0583752876271029,MNAR,brms,7
y_noMiss,phi,0.6902549875300543,0.04368052170064335,0.6044208440019779,0.6902856314361061,0.7759795134733617,MNAR,brms,7
y_noMiss,sigma,0.9310710199561126,0.03871576716432021,0.8594443847037879,0.9298433054335346,1.0106108809077143,MNAR,brms,7
y_noMiss,Intercept,-1.5183825257717116,0.18104526997712503,-1.8733899276545334,-1.5182658578414263,-1.1590102400907254,MNAR,brms,7
