missingprop_autocor,parameter,mean,sd,2.5%,50%,97.5%,missingness,type,run_no
y_noMiss,b_Intercept,1.198455254121356,0.1535753988084524,0.889863086093665,1.200442918617696,1.4932189966007108,MNAR,brms,800
y_noMiss,b_light,0.19462521396608723,0.04732031568182191,0.10169594861608097,0.19437831265173175,0.28861571582838974,MNAR,brms,800
y_noMiss,b_discharge,-1.8593333900822846,0.047856912521840204,-1.9542710455477101,-1.859699926478255,-1.7642423594582781,MNAR,brms,800
y_noMiss,phi,0.6242269226468623,0.04718196457056258,0.5332194140829267,0.6236838160679059,0.716313988784825,MNAR,brms,800
y_noMiss,sigma,0.9695000587397185,0.04066488878025629,0.8938814659114984,0.967688691397242,1.05332487782927,MNAR,brms,800
y_noMiss,Intercept,1.338222409582049,0.15322566240201957,1.0300197158565247,1.3400618809110618,1.6310965421257106,MNAR,brms,800
