missingprop_autocor,parameter,mean,sd,2.5%,50%,97.5%,missingness,type,run_no
y_noMiss,b_Intercept,-0.6304058503320649,0.32018783837048753,-1.2910258720620837,-0.6250023990210747,-0.016501273859470682,MNAR,brms,801
y_noMiss,b_light,-0.33487246410823396,0.04550007817576088,-0.42546439442214956,-0.33526587347456094,-0.24486908736206744,MNAR,brms,801
y_noMiss,b_discharge,-1.0576941879453292,0.042338729562288284,-1.1396988968205957,-1.0582131686052962,-0.9737814032197956,MNAR,brms,801
y_noMiss,phi,0.8249463201444893,0.035139991505080286,0.7556095736860935,0.8249210581639768,0.8936511017647646,MNAR,brms,801
y_noMiss,sigma,0.9566317818311053,0.04017725813320196,0.8824212431032126,0.9548950311431862,1.0379445733290995,MNAR,brms,801
y_noMiss,Intercept,-0.6150503274991047,0.32019238018945356,-1.2743495340440656,-0.6099686835558429,5.474679583739251e-5,MNAR,brms,801
