missingprop_autocor,parameter,mean,sd,2.5%,50%,97.5%,missingness,type,run_no
y_noMiss,b_Intercept,0.5151683566593328,0.1244636291248717,0.2715848235402754,0.5154465783915512,0.7592460711987186,MNAR,brms,802
y_noMiss,b_light,0.24580202377795693,0.050768554208595044,0.14610042086087463,0.24613234382597138,0.3445317908751869,MNAR,brms,802
y_noMiss,b_discharge,1.9705836915970592,0.051084717480962216,1.8700012628281133,1.9703175042355672,2.0710973483369806,MNAR,brms,802
y_noMiss,phi,0.5366574341077225,0.05035114698712766,0.4378245411299861,0.5370397268464591,0.6345657922114339,MNAR,brms,802
y_noMiss,sigma,0.9827876404300404,0.04196614216505634,0.9051096101611952,0.9814316089601266,1.0685888473795657,MNAR,brms,802
y_noMiss,Intercept,0.5530277621998787,0.12448735857627763,0.30891679001773487,0.5530232628352019,0.7968747032533412,MNAR,brms,802
