missingprop_autocor,parameter,mean,sd,2.5%,50%,97.5%,missingness,type,run_no
y_noMiss,b_Intercept,-1.0970340693109886,0.11253802548173697,-1.317429354838617,-1.0959427630726242,-0.8759316029725925,MNAR,brms,803
y_noMiss,b_light,0.3764238847108476,0.05437902911732908,0.26850679735766264,0.37625794959850367,0.4855603166706622,MNAR,brms,803
y_noMiss,b_discharge,0.1644062685008253,0.052740651048434756,0.061409682381935456,0.16374416833542504,0.26717138258041095,MNAR,brms,803
y_noMiss,phi,0.4635456949366118,0.05419872104028537,0.35878011954027483,0.46291300603032903,0.5706839930184153,MNAR,brms,803
y_noMiss,sigma,1.0220415647999697,0.042616177807605425,0.9432783680944774,1.020951344390456,1.1084221033423933,MNAR,brms,803
y_noMiss,Intercept,-1.0710614270346677,0.11238042350629521,-1.291192363460533,-1.0701818940603145,-0.8493499761589577,MNAR,brms,803
