missingprop_autocor,parameter,mean,sd,2.5%,50%,97.5%,missingness,type,run_no
y_noMiss,b_Intercept,-0.8618417674574995,0.09225918441959788,-1.0421512935047204,-0.8624254683956596,-0.6788462826191006,MNAR,brms,804
y_noMiss,b_light,0.23560563113404967,0.05842271181216111,0.1229502281505712,0.23448300396570276,0.34919719607569427,MNAR,brms,804
y_noMiss,b_discharge,-0.47920947849654666,0.06373310886001017,-0.6041072620103836,-0.4788064191244849,-0.3525774369303593,MNAR,brms,804
y_noMiss,phi,0.3374067654857661,0.05479656894803306,0.22961160869081826,0.3377858215139277,0.44347514051750403,MNAR,brms,804
y_noMiss,sigma,1.031519703662256,0.04376573853678081,0.9518651148135896,1.0299424066640408,1.1200356070287143,MNAR,brms,804
y_noMiss,Intercept,-0.8782402707663333,0.09219167348874935,-1.0588421094643106,-0.8791802122953079,-0.6956608193594424,MNAR,brms,804
