missingprop_autocor,parameter,mean,sd,2.5%,50%,97.5%,missingness,type,run_no
y_noMiss,b_Intercept,0.38880659403653356,0.09023877901608364,0.212469974534629,0.3888296426660655,0.5652654828470115,MNAR,brms,805
y_noMiss,b_light,1.2427087238941261,0.056527495770975975,1.1308035259764797,1.242358709823523,1.3540111433338515,MNAR,brms,805
y_noMiss,b_discharge,0.027615934048292014,0.05767453037171168,-0.0834878088737927,0.028087367859049295,0.1394109835688449,MNAR,brms,805
y_noMiss,phi,0.348185603858761,0.05572069112182655,0.23727931767921628,0.3487068855906471,0.4576318703054413,MNAR,brms,805
y_noMiss,sigma,1.0037862857995214,0.042347401476494954,0.9238935310096735,1.002376816011933,1.0912429679196243,MNAR,brms,805
y_noMiss,Intercept,0.39564638220869175,0.09025352843906212,0.21937644591394806,0.39565359970383657,0.57189452212383,MNAR,brms,805
