missingprop_autocor,parameter,mean,sd,2.5%,50%,97.5%,missingness,type,run_no
y_noMiss,b_Intercept,0.3434412488963858,0.07838078280857218,0.18842711798694178,0.34300198798028614,0.49729524888901977,MNAR,brms,806
y_noMiss,b_light,-0.8385948644126164,0.05280519679125297,-0.94075027771527,-0.8382884470588579,-0.7353392111379995,MNAR,brms,806
y_noMiss,b_discharge,0.6582975115674757,0.058898052788576565,0.5429382185351934,0.6584692424932481,0.7736546998597301,MNAR,brms,806
y_noMiss,phi,0.26513235450705996,0.05995596748985498,0.14854862323279508,0.26474567727903886,0.38157864654161433,MNAR,brms,806
y_noMiss,sigma,0.9712473336150396,0.04095945960663067,0.8947149418391066,0.9697987918704168,1.0558088160353893,MNAR,brms,806
y_noMiss,Intercept,0.21054109632461485,0.07796386221070906,0.057082561223649214,0.21032063847150487,0.3638756688097794,MNAR,brms,806
