missingprop_autocor,parameter,mean,sd,2.5%,50%,97.5%,missingness,type,run_no
y_noMiss,b_Intercept,0.5224920367302486,0.08723164762585156,0.3516159878535508,0.5216853031409141,0.6948123829977356,MNAR,brms,807
y_noMiss,b_light,-1.385820253236351,0.06345194008148873,-1.5088660388870818,-1.3854643021425388,-1.261424658933904,MNAR,brms,807
y_noMiss,b_discharge,-0.613946747859242,0.059086052122709176,-0.72926594566552,-0.6150476686565456,-0.49721286777586515,MNAR,brms,807
y_noMiss,phi,0.32814469299602383,0.05539615387501279,0.2195503031428432,0.3274894925440499,0.4377551599622398,MNAR,brms,807
y_noMiss,sigma,0.9945131464739506,0.041567355160946805,0.9166463456899148,0.9927877573347383,1.08094928054153,MNAR,brms,807
y_noMiss,Intercept,0.4566295976828954,0.08720197505346526,0.2856256984807134,0.4556726542957711,0.6289661057974851,MNAR,brms,807
