missingprop_autocor,parameter,mean,sd,2.5%,50%,97.5%,missingness,type,run_no
y_noMiss,b_Intercept,1.0874903795542594,0.055850448718746164,0.9768715672847089,1.0874856445620933,1.1975305782959977,MNAR,brms,808
y_noMiss,b_light,-0.8844824651508029,0.061556751858907154,-1.0078607742824985,-0.8829262688080366,-0.7659438017904043,MNAR,brms,808
y_noMiss,b_discharge,-0.07382150579915732,0.05445557779604586,-0.17997068007552272,-0.07405433068096946,0.03466900632719777,MNAR,brms,808
y_noMiss,phi,-0.09082653828397703,0.05932883945343464,-0.2068366191255206,-0.09031380520144829,0.026589460578124387,MNAR,brms,808
y_noMiss,sigma,1.022003761790215,0.04310612604391375,0.9419292389710635,1.020570841735952,1.1085775182345783,MNAR,brms,808
y_noMiss,Intercept,0.972711389649682,0.05514288333406153,0.8636500250321878,0.9729911676098872,1.0819923509488867,MNAR,brms,808
