missingprop_autocor,parameter,mean,sd,2.5%,50%,97.5%,missingness,type,run_no
y_noMiss,b_Intercept,-0.2177667136573587,0.30623638359560423,-0.7998747238708916,-0.22720142284102657,0.41302580427351054,MNAR,brms,809
y_noMiss,b_light,0.04578928550846178,0.04774207099362407,-0.047437100224466136,0.04575444754660125,0.1402944028157867,MNAR,brms,809
y_noMiss,b_discharge,-0.23679522431855474,0.042644028922249104,-0.3209709988163162,-0.23689629963260533,-0.15292094718948024,MNAR,brms,809
y_noMiss,phi,0.7976140793347285,0.036918318692949675,0.7240956077463724,0.7980280883678954,0.8690168154337046,MNAR,brms,809
y_noMiss,sigma,1.0396843032748142,0.04290904743320483,0.9585737920163386,1.0386494673340136,1.1266578477441025,MNAR,brms,809
y_noMiss,Intercept,-0.2152813702480621,0.30627724900631287,-0.7943423783506368,-0.22438122309249495,0.41445070098163095,MNAR,brms,809
