missingprop_autocor,parameter,mean,sd,2.5%,50%,97.5%,missingness,type,run_no
y_noMiss,b_Intercept,0.3982606062253197,0.12690220396521545,0.14867974179110163,0.39860816697062657,0.6527994457961858,MNAR,brms,80
y_noMiss,b_light,1.895180115942088,0.05220911204733008,1.7939985772235698,1.895345411878543,1.9985591273356862,MNAR,brms,80
y_noMiss,b_discharge,-1.9436965589815434,0.046095283979803794,-2.0332546905347506,-1.9438123799212828,-1.8536244289513988,MNAR,brms,80
y_noMiss,phi,0.5453651602252204,0.04940460543893782,0.4501654273738659,0.5455147132436038,0.6408224321580804,MNAR,brms,80
y_noMiss,sigma,0.9724941715570817,0.04055536056643266,0.8971280192810579,0.97126053647171,1.0562743517793471,MNAR,brms,80
y_noMiss,Intercept,0.3673079076339542,0.1268094691816545,0.11782282285710739,0.36729235478376526,0.6206563607550684,MNAR,brms,80
