missingprop_autocor,parameter,mean,sd,2.5%,50%,97.5%,missingness,type,run_no
y_noMiss,b_Intercept,0.544963456702931,0.05952276779637694,0.4265700813999834,0.545069124283226,0.6637572388660835,MNAR,brms,810
y_noMiss,b_light,-0.5536586726955849,0.055726416260241274,-0.6633710135836915,-0.5541149637769476,-0.4436378366157438,MNAR,brms,810
y_noMiss,b_discharge,-1.4008297669850507,0.05474087370234009,-1.5090845966948174,-1.4012006444409777,-1.2934571043393965,MNAR,brms,810
y_noMiss,phi,0.06310368370462038,0.058587140046492805,-0.051295853423696684,0.06286514947864796,0.1792265445685262,MNAR,brms,810
y_noMiss,sigma,0.9520008109500833,0.039440406164638446,0.8778828540241298,0.9512455458539141,1.0328222014398993,MNAR,brms,810
y_noMiss,Intercept,0.5152553982229856,0.059385322432631095,0.39705806386432274,0.5154466636499115,0.6338410853752794,MNAR,brms,810
