missingprop_autocor,parameter,mean,sd,2.5%,50%,97.5%,missingness,type,run_no
y_noMiss,b_Intercept,-1.7543985121188506,0.1050008523460624,-1.960752709602383,-1.7548402758179704,-1.544326888258858,MNAR,brms,811
y_noMiss,b_light,1.2659813449028325,0.05805601858394042,1.1517102911264194,1.2656117703247318,1.3799584270770993,MNAR,brms,811
y_noMiss,b_discharge,-0.9142659957829562,0.0559070753643232,-1.0251985867667324,-0.9139691445492968,-0.8052377506829571,MNAR,brms,811
y_noMiss,phi,0.4364517107206693,0.05396541162491611,0.3293973312236137,0.4369627440149113,0.5429050932684019,MNAR,brms,811
y_noMiss,sigma,1.0123690511763517,0.04244706401690641,0.9329809450960966,1.0110817763159563,1.0998227580413518,MNAR,brms,811
y_noMiss,Intercept,-1.655882801948108,0.10492649678215835,-1.863309651943037,-1.6558227302384172,-1.4462696975432385,MNAR,brms,811
