missingprop_autocor,parameter,mean,sd,2.5%,50%,97.5%,missingness,type,run_no
y_noMiss,b_Intercept,-0.6782114844949005,0.0851349038558846,-0.8438992210850904,-0.677963594773769,-0.5110825486857683,MNAR,brms,812
y_noMiss,b_light,-0.09236419620197271,0.05065914582298783,-0.1913512191324368,-0.09253711305429574,0.007080461112818313,MNAR,brms,812
y_noMiss,b_discharge,-0.7399677675076045,0.054585967802575346,-0.8492884549029518,-0.7396706304065925,-0.6334673553963319,MNAR,brms,812
y_noMiss,phi,0.3348086243969627,0.0563966033599938,0.2222890437043594,0.3357580715692803,0.44394543288088223,MNAR,brms,812
y_noMiss,sigma,0.9441508354549536,0.03979794386477323,0.8710225322800962,0.9425939461972829,1.0243596088239688,MNAR,brms,812
y_noMiss,Intercept,-0.7849202313281585,0.08468559454127972,-0.9485084962912573,-0.7847344248935306,-0.6176935283459524,MNAR,brms,812
