missingprop_autocor,parameter,mean,sd,2.5%,50%,97.5%,missingness,type,run_no
y_noMiss,b_Intercept,1.6215893294487396,0.2123298947793368,1.194502454135676,1.626356430052661,2.0304247986808366,MNAR,brms,813
y_noMiss,b_light,-1.426376522833603,0.05300862497375685,-1.5313395130236491,-1.4265465974677152,-1.32230589329685,MNAR,brms,813
y_noMiss,b_discharge,1.5955292948738058,0.049126348944938954,1.4991570618767884,1.5960327449552125,1.6921468336723544,MNAR,brms,813
y_noMiss,phi,0.7017865697016383,0.04345911699715042,0.617710222546763,0.7018202540657853,0.7876011127214744,MNAR,brms,813
y_noMiss,sigma,1.0538425024106972,0.04407195451534862,0.9720090757831696,1.052500514523906,1.1423374978543779,MNAR,brms,813
y_noMiss,Intercept,1.8622538902682682,0.21232242263869247,1.4361593024954022,1.8666080082059429,2.2719766966021426,MNAR,brms,813
