missingprop_autocor,parameter,mean,sd,2.5%,50%,97.5%,missingness,type,run_no
y_noMiss,b_Intercept,-1.7306871957979253,0.06636965246329386,-1.8620116962392765,-1.7300739205171856,-1.6010164485673959,MNAR,brms,814
y_noMiss,b_light,-0.3528509988842339,0.058018330054884604,-0.4675599983471944,-0.35245532151117637,-0.24041799380146112,MNAR,brms,814
y_noMiss,b_discharge,-0.6512527576304025,0.06004035876134091,-0.7695043228326447,-0.6507880394409828,-0.5357794739053705,MNAR,brms,814
y_noMiss,phi,0.09733225930996026,0.05839476600807652,-0.017105847507981935,0.0969084928668069,0.21064004280546664,MNAR,brms,814
y_noMiss,sigma,1.0137635825749747,0.04184085985593079,0.9353285590103283,1.0127811059460887,1.1002807013534437,MNAR,brms,814
y_noMiss,Intercept,-1.6955896423547399,0.06626476246733314,-1.8275675721984204,-1.694910057337934,-1.566475644489077,MNAR,brms,814
