missingprop_autocor,parameter,mean,sd,2.5%,50%,97.5%,missingness,type,run_no
y_noMiss,b_Intercept,0.31028476938740446,0.11344358852648335,0.08739878572441256,0.30989330686150257,0.5335183031454406,MNAR,brms,815
y_noMiss,b_light,-0.06928727846134333,0.05675568587929866,-0.1820885421400351,-0.06929761466878982,0.041907256726769274,MNAR,brms,815
y_noMiss,b_discharge,1.908215410231565,0.054503258450745495,1.7998701613876877,1.9082548705513527,2.01351496922083,MNAR,brms,815
y_noMiss,phi,0.461110005794987,0.05222554197188924,0.3571337334531483,0.46073072225546863,0.5655404375117042,MNAR,brms,815
y_noMiss,sigma,1.034163512064838,0.043669579017127015,0.9519936221935853,1.0327877147291034,1.1227775749032478,MNAR,brms,815
y_noMiss,Intercept,0.49247452297835476,0.11339361856627463,0.2708956119924066,0.4923645942889884,0.7185035504713341,MNAR,brms,815
