missingprop_autocor,parameter,mean,sd,2.5%,50%,97.5%,missingness,type,run_no
y_noMiss,b_Intercept,-0.14103134696182004,0.2982545085936725,-0.7471170030590378,-0.13927003963478962,0.4311172278936772,MNAR,brms,816
y_noMiss,b_light,1.2881450525011224,0.0417921236288267,1.2063506474472687,1.2877756133387377,1.371890498116855,MNAR,brms,816
y_noMiss,b_discharge,-0.35909573077060075,0.04408260524521545,-0.44679935487281747,-0.35905483512325237,-0.2710947308377545,MNAR,brms,816
y_noMiss,phi,0.8130497310177529,0.03591052721189918,0.7426708886301111,0.8127727778207166,0.8813739866470158,MNAR,brms,816
y_noMiss,sigma,0.9725490499429994,0.041158549884242855,0.8955787029442268,0.9716490807442588,1.0574964981605988,MNAR,brms,816
y_noMiss,Intercept,-0.22952978578855363,0.29817967666018913,-0.8347171540291513,-0.22684085704255227,0.3425335280898107,MNAR,brms,816
