missingprop_autocor,parameter,mean,sd,2.5%,50%,97.5%,missingness,type,run_no
y_noMiss,b_Intercept,0.37390907536581475,0.117926201466721,0.1405450369143035,0.3746163601612006,0.6029455219725003,MNAR,brms,817
y_noMiss,b_light,-0.38783237329547104,0.05799041044798161,-0.4995956164839578,-0.38781458935047763,-0.2704678130730586,MNAR,brms,817
y_noMiss,b_discharge,0.10926006221979383,0.0519302672015374,0.007355027027281476,0.10890892285634346,0.21389824854460437,MNAR,brms,817
y_noMiss,phi,0.4941650470529238,0.05169638072440045,0.39432828161971706,0.4934621556669382,0.5972501894755674,MNAR,brms,817
y_noMiss,sigma,1.0053466914697147,0.04260318173785397,0.9260641152986817,1.0042349739571355,1.0926218661123352,MNAR,brms,817
y_noMiss,Intercept,0.36759331312150423,0.11786732207053201,0.13480444901359373,0.3685782450011832,0.5966177186245776,MNAR,brms,817
