missingprop_autocor,parameter,mean,sd,2.5%,50%,97.5%,missingness,type,run_no
y_noMiss,b_Intercept,-1.1661005690258566,0.08334427885999675,-1.3255287896767214,-1.165542738271554,-1.0023253045312972,MNAR,brms,818
y_noMiss,b_light,0.7166525897857393,0.0571396644352916,0.6029371068874766,0.7167885199903998,0.8270401392855522,MNAR,brms,818
y_noMiss,b_discharge,0.1893750522950135,0.05333685655041687,0.08363251003803901,0.18978939582106408,0.2932761628806085,MNAR,brms,818
y_noMiss,phi,0.29134250553469987,0.05712018152425305,0.17789381128905007,0.29179989427460284,0.40351137536694254,MNAR,brms,818
y_noMiss,sigma,1.0073137812348945,0.04216744784830279,0.9285214622160203,1.0060338016146742,1.0937641989048235,MNAR,brms,818
y_noMiss,Intercept,-1.1210344406239752,0.08312170207762962,-1.2817303567469294,-1.1205102580092416,-0.9573182787910617,MNAR,brms,818
