missingprop_autocor,parameter,mean,sd,2.5%,50%,97.5%,missingness,type,run_no
y_noMiss,b_Intercept,0.6451295375279782,0.1757053453962781,0.3100687620146674,0.6420205486446562,0.9912108789606265,MNAR,brms,819
y_noMiss,b_light,2.468806178423002,0.046080340416285955,2.3781646346473253,2.4690365125123757,2.560514961334709,MNAR,brms,819
y_noMiss,b_discharge,-0.14982981153995514,0.04859877393923264,-0.24649632130164165,-0.1496089657708578,-0.054152053310379075,MNAR,brms,819
y_noMiss,phi,0.6435588082089322,0.04599229763535303,0.5531215202905945,0.6429656330499742,0.7352027338470789,MNAR,brms,819
y_noMiss,sigma,1.0436617960548313,0.044008771232837626,0.96248243887107,1.041982122354972,1.1334591121369029,MNAR,brms,819
y_noMiss,Intercept,0.6682991112933288,0.17571683312192854,0.3328697062452209,0.6652028173487218,1.0145056258745158,MNAR,brms,819
