missingprop_autocor,parameter,mean,sd,2.5%,50%,97.5%,missingness,type,run_no
y_noMiss,b_Intercept,0.182106115514529,0.1553619065011945,-0.1238362649505352,0.18145428698020438,0.4949450530533016,MNAR,brms,81
y_noMiss,b_light,0.42262385594717483,0.04525069738949827,0.3354493487749124,0.42256671539370505,0.5102786354761536,MNAR,brms,81
y_noMiss,b_discharge,0.19198172457086543,0.04282464831626897,0.10915747696548157,0.19186754355706165,0.2759205487621455,MNAR,brms,81
y_noMiss,phi,0.6460969518650594,0.04619881378865688,0.5563808820118906,0.646126522899403,0.7358909310248848,MNAR,brms,81
y_noMiss,sigma,0.9324414497219666,0.038937139738876,0.8618148616506485,0.9306286934609556,1.0137357020939093,MNAR,brms,81
y_noMiss,Intercept,0.1883026113446986,0.1552866480165397,-0.11811337781081567,0.18792573504233617,0.5017068432149125,MNAR,brms,81
