missingprop_autocor,parameter,mean,sd,2.5%,50%,97.5%,missingness,type,run_no
y_noMiss,b_Intercept,0.49967689176838986,0.12881452989445852,0.24330886586995346,0.4973347401645865,0.7588086618002116,MNAR,brms,820
y_noMiss,b_light,0.6838615313557391,0.051745693803741076,0.581367782728993,0.6837992654763534,0.7853925082410319,MNAR,brms,820
y_noMiss,b_discharge,-0.6986128574088247,0.05196037341375384,-0.8023720232417233,-0.6977065163209552,-0.5973821756242406,MNAR,brms,820
y_noMiss,phi,0.5375321103058214,0.05113472264046982,0.436556166528999,0.5377638208283867,0.6378188791838756,MNAR,brms,820
y_noMiss,sigma,1.0038114178633188,0.0426770796015383,0.9248525077304163,1.002472072541733,1.0909227770978727,MNAR,brms,820
y_noMiss,Intercept,0.5816728459980636,0.12868779909898156,0.32838481905045225,0.579369905272539,0.8411937029680298,MNAR,brms,820
