missingprop_autocor,parameter,mean,sd,2.5%,50%,97.5%,missingness,type,run_no
y_noMiss,b_Intercept,-1.2823560588839418,0.1337402738519087,-1.5427480839894405,-1.2814086971758702,-1.0164349254017178,MNAR,brms,821
y_noMiss,b_light,-0.02568698428313039,0.053505125342367996,-0.12838701996770635,-0.02607314064326291,0.07946375688450967,MNAR,brms,821
y_noMiss,b_discharge,-0.4348463916210892,0.058414774769815075,-0.5474800948233927,-0.43547738813069903,-0.3195730484698097,MNAR,brms,821
y_noMiss,phi,0.5308327983765607,0.05074992055038133,0.43209518433322114,0.5309544351712787,0.6306214132635984,MNAR,brms,821
y_noMiss,sigma,1.0736924753894825,0.04510848803339692,0.9896448084970372,1.0718940186145376,1.166370495339322,MNAR,brms,821
y_noMiss,Intercept,-1.2689483891260325,0.13368122910205477,-1.5297003391280561,-1.2680535122563248,-1.0028676331894149,MNAR,brms,821
