missingprop_autocor,parameter,mean,sd,2.5%,50%,97.5%,missingness,type,run_no
y_noMiss,b_Intercept,0.8170666911534079,0.062456635512105896,0.6927450170843044,0.8174106612934257,0.9366594432552888,MNAR,brms,822
y_noMiss,b_light,0.4334459357224241,0.054687007149176826,0.32601827855956794,0.43418396520151187,0.5417142436183533,MNAR,brms,822
y_noMiss,b_discharge,-1.8507193683660228,0.05657841897590576,-1.962535025833908,-1.8506289724149714,-1.7397475757894851,MNAR,brms,822
y_noMiss,phi,0.06955695948126062,0.059669105864001135,-0.04690339297682399,0.06990512245918798,0.1873684052469571,MNAR,brms,822
y_noMiss,sigma,0.9866280134587951,0.04161157114566364,0.9092837287991739,0.9848134379073601,1.073015802914529,MNAR,brms,822
y_noMiss,Intercept,0.8451185647888148,0.06241955091852263,0.7213998881572131,0.8456184429616938,0.9653883803523684,MNAR,brms,822
