missingprop_autocor,parameter,mean,sd,2.5%,50%,97.5%,missingness,type,run_no
y_noMiss,b_Intercept,0.6184688146136739,0.09712888908239695,0.43170538833935074,0.6177991359567298,0.8104692182945591,MNAR,brms,823
y_noMiss,b_light,-0.39532488963240414,0.0530819811916016,-0.4994897522513078,-0.39548179976262166,-0.2911658736285444,MNAR,brms,823
y_noMiss,b_discharge,0.304684846001863,0.0500922800135118,0.20487551887430175,0.30467228124754797,0.40218044890193483,MNAR,brms,823
y_noMiss,phi,0.42806906087548063,0.053563578267105685,0.32200931348703454,0.42856077819782734,0.5336016460608551,MNAR,brms,823
y_noMiss,sigma,0.9295771538721695,0.0389055839453322,0.8571925308053164,0.9284693109254629,1.009605318473972,MNAR,brms,823
y_noMiss,Intercept,0.6340584478144433,0.09716092826305099,0.44742754223330433,0.6332710111935849,0.827264108357649,MNAR,brms,823
