missingprop_autocor,parameter,mean,sd,2.5%,50%,97.5%,missingness,type,run_no
y_noMiss,b_Intercept,-1.0258570330147547,0.08193831889728581,-1.1849657975703973,-1.0261315218536464,-0.8636599075908803,MNAR,brms,824
y_noMiss,b_light,0.889978298384739,0.05521314754664426,0.7803373028572772,0.8898556337708017,0.9977572832548196,MNAR,brms,824
y_noMiss,b_discharge,0.3001074761554423,0.056078924535095866,0.1899949385312167,0.3005868815866314,0.410877401526758,MNAR,brms,824
y_noMiss,phi,0.2877465845938736,0.05652161764693723,0.17794362338310596,0.2878472217764866,0.3981830451905327,MNAR,brms,824
y_noMiss,sigma,0.98307218793575,0.041808618623370014,0.9035964982561849,0.9817702588078527,1.067990357272686,MNAR,brms,824
y_noMiss,Intercept,-0.9610840479452281,0.08176932977901914,-1.1199607578072306,-0.9612847035746621,-0.7978227160887225,MNAR,brms,824
