missingprop_autocor,parameter,mean,sd,2.5%,50%,97.5%,missingness,type,run_no
y_noMiss,b_Intercept,0.9205973053822732,0.0619579939326653,0.7988907703295478,0.9210254270934256,1.0450646946677995,MNAR,brms,825
y_noMiss,b_light,0.1616794548541362,0.06536091361181513,0.0345270683336935,0.16239877563203475,0.29109699549553913,MNAR,brms,825
y_noMiss,b_discharge,-0.2249482637707756,0.06443887873690586,-0.350626115980138,-0.2254020703138906,-0.10032289737165852,MNAR,brms,825
y_noMiss,phi,-0.008058532795668297,0.05856781104652273,-0.1215327768212448,-0.008436033524206816,0.10795932330407379,MNAR,brms,825
y_noMiss,sigma,1.0563570656270869,0.04438897116869079,0.975361608958081,1.0545576708418567,1.1482334887260737,MNAR,brms,825
y_noMiss,Intercept,0.922568863462781,0.061964235599023636,0.8003812316179645,0.9229346135733736,1.0468627318758261,MNAR,brms,825
