missingprop_autocor,parameter,mean,sd,2.5%,50%,97.5%,missingness,type,run_no
y_noMiss,b_Intercept,0.4901839011450606,0.1750084430896629,0.14378376420927255,0.4907032793047574,0.8332547623491238,MNAR,brms,826
y_noMiss,b_light,0.3161870937011705,0.04791051493859651,0.22208274723575766,0.31633577341323443,0.4101995063928324,MNAR,brms,826
y_noMiss,b_discharge,-1.2594952605311447,0.049820085739601026,-1.358809937538719,-1.259340874325599,-1.1620233073926005,MNAR,brms,826
y_noMiss,phi,0.6666879023626298,0.04493065311539795,0.5788000058832139,0.6665930862746439,0.7554818987712718,MNAR,brms,826
y_noMiss,sigma,1.0026524697447805,0.04205466579572047,0.925442946192052,1.0015432611941375,1.0898612204876796,MNAR,brms,826
y_noMiss,Intercept,0.6916949422806847,0.1747926981042809,0.34446535830517044,0.6928602660403409,1.0357118599985125,MNAR,brms,826
