missingprop_autocor,parameter,mean,sd,2.5%,50%,97.5%,missingness,type,run_no
y_noMiss,b_Intercept,0.488775965911995,0.062109361048589655,0.36731603898359516,0.48911717732691506,0.6104096271241984,MNAR,brms,827
y_noMiss,b_light,-0.3715449593241476,0.061186057299921694,-0.490462121175609,-0.37163429373350376,-0.25284986517307173,MNAR,brms,827
y_noMiss,b_discharge,0.011567077200818057,0.060978247072256145,-0.10788527540665753,0.01131084825409798,0.12939836940225602,MNAR,brms,827
y_noMiss,phi,0.06379377739467204,0.05903541126276973,-0.05207050869345524,0.06361000111068123,0.179605482585716,MNAR,brms,827
y_noMiss,sigma,1.0037157389330278,0.042401865659712656,0.9254749759147236,1.002246226448836,1.090103791237375,MNAR,brms,827
y_noMiss,Intercept,0.4763525935044459,0.06201809495769206,0.35481124309477036,0.477000219753968,0.5979487723614245,MNAR,brms,827
