missingprop_autocor,parameter,mean,sd,2.5%,50%,97.5%,missingness,type,run_no
y_noMiss,b_Intercept,0.14276049474370917,0.1527880941100382,-0.16115206682197783,0.1434959028792439,0.4426181537106983,MNAR,brms,828
y_noMiss,b_light,-0.8816490725384508,0.054817293920457276,-0.991460396802225,-0.8816887725810095,-0.7748627894343688,MNAR,brms,828
y_noMiss,b_discharge,-1.6819896051491654,0.050864844375860196,-1.7801023100280313,-1.682477708714928,-1.5828537727910594,MNAR,brms,828
y_noMiss,phi,0.5955364970366164,0.04773371363508632,0.5047557373529246,0.5941861550890442,0.6898508423701576,MNAR,brms,828
y_noMiss,sigma,1.02621120242792,0.04278667385991726,0.9454526919488206,1.026041999450014,1.114662669911226,MNAR,brms,828
y_noMiss,Intercept,0.24970389132274431,0.15259916377790203,-0.05361324648000777,0.2509448321589851,0.5497442996210047,MNAR,brms,828
