missingprop_autocor,parameter,mean,sd,2.5%,50%,97.5%,missingness,type,run_no
y_noMiss,b_Intercept,0.6269597984268216,0.1252018963330115,0.3807076773822379,0.6253845181731531,0.8787530316159194,MNAR,brms,829
y_noMiss,b_light,-0.2347138207733184,0.05152162462760493,-0.3364008175168682,-0.23499874164067636,-0.13318789669503145,MNAR,brms,829
y_noMiss,b_discharge,0.21859221130688902,0.04747727333437102,0.12534703469667471,0.218553902811724,0.31029901706168495,MNAR,brms,829
y_noMiss,phi,0.5345027100985068,0.050141712259013996,0.43702649211350153,0.5341404599563013,0.63298868933530394,MNAR,brms,829
y_noMiss,sigma,0.9637094370734683,0.0407101864286805,0.8897840557079747,0.9625369513159814,1.0480400379144201,MNAR,brms,829
y_noMiss,Intercept,0.6263917302591966,0.12520222749985677,0.3801042505452859,0.6248320181113731,0.8779987502767735,MNAR,brms,829
