missingprop_autocor,parameter,mean,sd,2.5%,50%,97.5%,missingness,type,run_no
y_noMiss,b_Intercept,0.05776009530375256,0.07557389352384172,-0.09044661889683189,0.0577008959634132,0.2051024278205531,MNAR,brms,82
y_noMiss,b_light,1.9461817224597815,0.05573435354625602,1.8350937414138317,1.9456598121084838,2.0551314909773883,MNAR,brms,82
y_noMiss,b_discharge,-0.5031239721358263,0.05401550132104366,-0.6078131933137648,-0.5030564347053565,-0.3965448726709341,MNAR,brms,82
y_noMiss,phi,0.20254632076600848,0.058367365905137934,0.08887942498587413,0.20321464623684876,0.31730697407664915,MNAR,brms,82
y_noMiss,sigma,0.9977788929259136,0.04162408377290242,0.9205708458512886,0.9964323607027603,1.0839860040139975,MNAR,brms,82
y_noMiss,Intercept,-0.15488455398762943,0.07545782839109516,-0.3045091306959525,-0.1550527624950676,-0.007013040600208991,MNAR,brms,82
