missingprop_autocor,parameter,mean,sd,2.5%,50%,97.5%,missingness,type,run_no
y_noMiss,b_Intercept,0.6708504126827955,0.20913576818422067,0.26075983443956874,0.6691067172116514,1.0858553499775676,MNAR,brms,830
y_noMiss,b_light,-1.833451951658215,0.046711369751282754,-1.9238827359288702,-1.8335175011746194,-1.7400844752866143,MNAR,brms,830
y_noMiss,b_discharge,-0.03705862707978377,0.05168031878614316,-0.1410138947052177,-0.0367955034941448,0.06212451935300544,MNAR,brms,830
y_noMiss,phi,0.7045743704558989,0.04291829911537031,0.6212421443773155,0.7042964648833805,0.788995186400958,MNAR,brms,830
y_noMiss,sigma,1.0563100015008173,0.04381053790697507,0.9749521856340702,1.054500289056818,1.1438095749057404,MNAR,brms,830
y_noMiss,Intercept,0.3583539737551785,0.20890811177142518,-0.04901028403237043,0.35675200929445194,0.7728418206647962,MNAR,brms,830
