missingprop_autocor,parameter,mean,sd,2.5%,50%,97.5%,missingness,type,run_no
y_noMiss,b_Intercept,1.1950987544845828,0.07640710963857465,1.0430978309907786,1.194740556955801,1.347154770203819,MNAR,brms,831
y_noMiss,b_light,0.023972414424003125,0.0560995579542616,-0.08628273454290862,0.02362860960665205,0.1314070578648527,MNAR,brms,831
y_noMiss,b_discharge,0.40215128702315234,0.057690997624187376,0.2895188377901442,0.40332822845259597,0.5123472285718734,MNAR,brms,831
y_noMiss,phi,0.232728324996008,0.057989192668679676,0.12208231819738699,0.23277217502419437,0.3464372696451867,MNAR,brms,831
y_noMiss,sigma,0.990627284719449,0.04150621220302554,0.9135855332714087,0.9891675156863371,1.0754323108031456,MNAR,brms,831
y_noMiss,Intercept,1.2475383272580305,0.07582569891192609,1.0957523666398943,1.247336270222719,1.399063317580352,MNAR,brms,831
