missingprop_autocor,parameter,mean,sd,2.5%,50%,97.5%,missingness,type,run_no
y_noMiss,b_Intercept,1.5625550090931162,0.06529070045754506,1.4352930781747235,1.563344288460137,1.689623643655589,MNAR,brms,832
y_noMiss,b_light,1.2746439746659317,0.05767945555364815,1.1624316117454618,1.2748276798632006,1.387409016540404,MNAR,brms,832
y_noMiss,b_discharge,-1.3347742733673078,0.05688635656562274,-1.447351783482929,-1.3346400031558692,-1.225049502279264,MNAR,brms,832
y_noMiss,phi,0.09933314818020107,0.05989992810378326,-0.01709627339864455,0.09910511983245682,0.21661207991628548,MNAR,brms,832
y_noMiss,sigma,0.9823991864374686,0.041086342539005546,0.9060025492382042,0.9813089965212761,1.0679790282668695,MNAR,brms,832
y_noMiss,Intercept,1.636653746623711,0.06485520407563558,1.5099032216485864,1.6370111254939474,1.763135150103406,MNAR,brms,832
