missingprop_autocor,parameter,mean,sd,2.5%,50%,97.5%,missingness,type,run_no
y_noMiss,b_Intercept,0.38626347383198306,0.1718408050492525,0.05326644671827158,0.38411718970845615,0.7265707503148225,MNAR,brms,833
y_noMiss,b_light,-0.2957511771706985,0.051849196693692916,-0.3983328471111012,-0.2947096948709399,-0.194681115352712,MNAR,brms,833
y_noMiss,b_discharge,-0.659655733813687,0.05465489248920658,-0.7655053560332372,-0.6589861840948035,-0.55185624944938,MNAR,brms,833
y_noMiss,phi,0.6415165145800362,0.046014469222245925,0.553070131485855,0.6409297897625484,0.731457102953258,MNAR,brms,833
y_noMiss,sigma,1.0285511705210095,0.042759921313571196,0.9488759983449688,1.026920007460141,1.1164843405647273,MNAR,brms,833
y_noMiss,Intercept,0.3625334888952788,0.17179953793255714,0.029892651789021396,0.3608262457946569,0.7024843943890574,MNAR,brms,833
