missingprop_autocor,parameter,mean,sd,2.5%,50%,97.5%,missingness,type,run_no
y_noMiss,b_Intercept,1.0772450340349256,0.10540703912776764,0.871457295268144,1.0774586218205797,1.2846366794616162,MNAR,brms,834
y_noMiss,b_light,0.09219627227764432,0.058893469640169775,-0.023254698534413306,0.09295036407432773,0.20717739656615622,MNAR,brms,834
y_noMiss,b_discharge,-0.6318127064982454,0.05658394424874289,-0.7415795009695836,-0.6309483344010705,-0.5196932351338744,MNAR,brms,834
y_noMiss,phi,0.4145861800084785,0.0542514839066665,0.30684572509793945,0.4139257880505199,0.5201523545605252,MNAR,brms,834
y_noMiss,sigma,1.0372965737763922,0.04410546393554145,0.954162615772847,1.0354702550803498,1.126949007683686,MNAR,brms,834
y_noMiss,Intercept,1.1132841179884791,0.10532504995891653,0.9073772828972246,1.1136819014116686,1.3190510953895593,MNAR,brms,834
