missingprop_autocor,parameter,mean,sd,2.5%,50%,97.5%,missingness,type,run_no
y_noMiss,b_Intercept,2.0251549354010447,0.10248559235423099,1.8207960678215602,2.0257224633170976,2.2258089426553833,MNAR,brms,835
y_noMiss,b_light,-0.582966341395938,0.054655397668524126,-0.6901590189610597,-0.5824560761774369,-0.47738002731866125,MNAR,brms,835
y_noMiss,b_discharge,-0.046263697493861285,0.05093561046138174,-0.14711423483511515,-0.0462791321021506,0.05451162225457243,MNAR,brms,835
y_noMiss,phi,0.4394760984609705,0.053098288704778084,0.3355286589376953,0.43953103071782784,0.5443737429157248,MNAR,brms,835
y_noMiss,sigma,0.9692446507135782,0.040288398296957566,0.894102779023379,0.9678148524494448,1.0520943637305125,MNAR,brms,835
y_noMiss,Intercept,2.0011657804898952,0.10244484747070458,1.7971333780590044,2.0015205192317778,2.203514557853793,MNAR,brms,835
