missingprop_autocor,parameter,mean,sd,2.5%,50%,97.5%,missingness,type,run_no
y_noMiss,b_Intercept,-0.6628651547046474,0.25255080928034623,-1.2023467423371341,-0.652754983624474,-0.18856824361343205,MNAR,brms,836
y_noMiss,b_light,0.5392130603383642,0.04879977228591491,0.44375419732254345,0.5391250750475791,0.6345569791738055,MNAR,brms,836
y_noMiss,b_discharge,-1.5989486259712038,0.04358489973302473,-1.6836679274361783,-1.599015740794107,-1.5128881472509899,MNAR,brms,836
y_noMiss,phi,0.7581664324993816,0.040656799042105646,0.678919608239481,0.7573244015612028,0.8380213512022704,MNAR,brms,836
y_noMiss,sigma,1.0093022449691313,0.04276076847211037,0.9303362581563226,1.0074695889724197,1.097836037845181,MNAR,brms,836
y_noMiss,Intercept,-0.6373040872830791,0.2525531722205025,-1.1745938861410914,-0.6279277527509047,-0.16414261627649665,MNAR,brms,836
