missingprop_autocor,parameter,mean,sd,2.5%,50%,97.5%,missingness,type,run_no
y_noMiss,b_Intercept,2.820342073696244,0.06201405391085404,2.6980093261437474,2.820223746321692,2.944270612236478,MNAR,brms,837
y_noMiss,b_light,0.9175184635574329,0.05325486389874684,0.8144915150677349,0.9180057591015256,1.0229289784197673,MNAR,brms,837
y_noMiss,b_discharge,-1.8643897101863858,0.05588759488640444,-1.973765096571489,-1.8638116764819448,-1.7557855308070356,MNAR,brms,837
y_noMiss,phi,0.056263450945496986,0.05976993380037562,-0.06186442567862005,0.05620952033677748,0.17552183887959086,MNAR,brms,837
y_noMiss,sigma,0.9817321953442811,0.0416835006831844,0.9043054949560619,0.9806276410525427,1.066207069626059,MNAR,brms,837
y_noMiss,Intercept,2.6789195255798104,0.06183298011467659,2.555864174768748,2.679048460011372,2.7998546057292417,MNAR,brms,837
