missingprop_autocor,parameter,mean,sd,2.5%,50%,97.5%,missingness,type,run_no
y_noMiss,b_Intercept,-0.08617039029335434,0.08416989762990142,-0.2533071090314947,-0.08565619716963999,0.08041649632619224,MNAR,brms,838
y_noMiss,b_light,-1.517468153458258,0.06322918579426373,-1.6425420087908789,-1.517109290525968,-1.391916910578877,MNAR,brms,838
y_noMiss,b_discharge,0.47210581781422045,0.06333904663440078,0.34881849416381017,0.4715165054579567,0.5985767543193558,MNAR,brms,838
y_noMiss,phi,0.260200452155766,0.0584989538835611,0.14475689537070607,0.2602673160483255,0.37528057918577923,MNAR,brms,838
y_noMiss,sigma,1.0553069230545855,0.044242723090597104,0.972872675162014,1.053917516439482,1.1461639707234959,MNAR,brms,838
y_noMiss,Intercept,-0.17111712659863956,0.08407153179258532,-0.33914106415980483,-0.1704902192964367,-0.004456796779112608,MNAR,brms,838
