missingprop_autocor,parameter,mean,sd,2.5%,50%,97.5%,missingness,type,run_no
y_noMiss,b_Intercept,-0.4275230610451201,0.11514319823340453,-0.6539171222735216,-0.42726774185784855,-0.20356752019821525,MNAR,brms,839
y_noMiss,b_light,-1.1977164741072455,0.05477109677063138,-1.3051731003710634,-1.1975132496413015,-1.0892892823246314,MNAR,brms,839
y_noMiss,b_discharge,-1.3504495450951373,0.048165140042117076,-1.4455614543146138,-1.3499930306994266,-1.2570927370412255,MNAR,brms,839
y_noMiss,phi,0.4831231816471694,0.05162327750957644,0.3824287944782198,0.48269402511360504,0.5836099140331596,MNAR,brms,839
y_noMiss,sigma,1.0094674515277877,0.04227556809481105,0.9299558035158014,1.0076001078393069,1.0975308460971511,MNAR,brms,839
y_noMiss,Intercept,-0.5981479568150183,0.11494231704715639,-0.8244342481163391,-0.5977491110173132,-0.3756677356995279,MNAR,brms,839
