missingprop_autocor,parameter,mean,sd,2.5%,50%,97.5%,missingness,type,run_no
y_noMiss,b_Intercept,0.1301137981423985,0.06490695494503232,4.1151619629338233e-4,0.13055607566509836,0.25799924112154,MNAR,brms,83
y_noMiss,b_light,-0.4531555645541372,0.055118116997460546,-0.5582677289212709,-0.4539632542549209,-0.3422881189606111,MNAR,brms,83
y_noMiss,b_discharge,0.37857756008622173,0.06124221522433439,0.2602085946909752,0.37825023361208027,0.4971104105563572,MNAR,brms,83
y_noMiss,phi,0.07667663545368329,0.057253951815456575,-0.036382335653384494,0.07747853528701273,0.18940728822213831,MNAR,brms,83
y_noMiss,sigma,1.0356585111431431,0.0441700730454074,0.954095183902658,1.033785107974476,1.1285949346799324,MNAR,brms,83
y_noMiss,Intercept,0.11772412680804971,0.06485618473633717,-0.011327835033935986,0.11798027762778335,0.2449774094826936,MNAR,brms,83
