missingprop_autocor,parameter,mean,sd,2.5%,50%,97.5%,missingness,type,run_no
y_noMiss,b_Intercept,0.08033388558994457,0.06640696348200066,-0.05165021797661632,0.07978943959837528,0.21195343891052212,MNAR,brms,840
y_noMiss,b_light,-0.9778656051206349,0.05214210061527988,-1.0811547986856294,-0.9779432416058991,-0.8761648795420366,MNAR,brms,840
y_noMiss,b_discharge,-0.6238812617354131,0.05891467736860766,-0.7397560524156477,-0.6242038310619157,-0.5083695508064796,MNAR,brms,840
y_noMiss,phi,0.15117239419597567,0.05928664526949263,0.03384357882211115,0.151328364822301,0.27025489294912136,MNAR,brms,840
y_noMiss,sigma,0.935229150987605,0.038717979632643965,0.8627505289821733,0.9334271899536961,1.0153895460615436,MNAR,brms,840
y_noMiss,Intercept,0.18833842219716562,0.06613836039416941,0.05641636284638354,0.18787038760157881,0.3187088517208814,MNAR,brms,840
