missingprop_autocor,parameter,mean,sd,2.5%,50%,97.5%,missingness,type,run_no
y_noMiss,b_Intercept,0.22147276414251513,0.07910585346498974,0.06992284620368949,0.22028319525828205,0.3794831192990734,MNAR,brms,841
y_noMiss,b_light,-0.580763814036262,0.05830428797650138,-0.6959912554477926,-0.5803552763282978,-0.46803347328661493,MNAR,brms,841
y_noMiss,b_discharge,0.5344748438670494,0.06229885800360178,0.41561211041759477,0.5344644524114338,0.6558042874788726,MNAR,brms,841
y_noMiss,phi,0.224349048461336,0.057821309102168934,0.11060497488423342,0.22446703774141236,0.3381903208443853,MNAR,brms,841
y_noMiss,sigma,1.0407858446024891,0.04270979604843313,0.961282585889785,1.0395120941882903,1.1279921398716175,MNAR,brms,841
y_noMiss,Intercept,0.22193271940672868,0.07909038986260712,0.0703107758794987,0.22125464032513784,0.3798836782830251,MNAR,brms,841
