missingprop_autocor,parameter,mean,sd,2.5%,50%,97.5%,missingness,type,run_no
y_noMiss,b_Intercept,0.2554579504648811,0.21601759440349244,-0.17232951971519653,0.25580592286914805,0.6771721785644573,MNAR,brms,842
y_noMiss,b_light,-0.9813854236942187,0.050053289593635794,-1.0794523637502995,-0.9812392382754815,-0.8819399465168234,MNAR,brms,842
y_noMiss,b_discharge,2.8257231945792043,0.04541452636366338,2.736214752776159,2.825803585727586,2.9142529898705334,MNAR,brms,842
y_noMiss,phi,0.7242233363339999,0.04176116835982333,0.6426224295096378,0.7241268477813545,0.8077124232656382,MNAR,brms,842
y_noMiss,sigma,1.0104686925052089,0.042457663670406404,0.9327423904573613,1.008855268930886,1.0985102759748833,MNAR,brms,842
y_noMiss,Intercept,0.46416954014201917,0.21597682212839903,0.037784961944870264,0.4650065089342387,0.8853034915236304,MNAR,brms,842
