missingprop_autocor,parameter,mean,sd,2.5%,50%,97.5%,missingness,type,run_no
y_noMiss,b_Intercept,-1.732922476469613,0.059607251359391544,-1.8493339222352492,-1.7332929339848424,-1.6152638413940428,MNAR,brms,843
y_noMiss,b_light,-1.4546736682789927,0.0599360311684119,-1.5759389744657077,-1.4544426372923205,-1.3400015163534449,MNAR,brms,843
y_noMiss,b_discharge,-1.9017915735365878,0.06442427355083688,-2.0276053055852286,-1.9014540738679386,-1.7738699759932766,MNAR,brms,843
y_noMiss,phi,-0.04852532701154437,0.05850105025124258,-0.1631955632182495,-0.049005134227487014,0.07007796199430259,MNAR,brms,843
y_noMiss,sigma,1.0524315005526277,0.04390846592321504,0.970931923153223,1.051380280679242,1.1441095588488155,MNAR,brms,843
y_noMiss,Intercept,-1.5800321214679758,0.05944367171180375,-1.6955653083870452,-1.5800799788680258,-1.4628459711365913,MNAR,brms,843
