missingprop_autocor,parameter,mean,sd,2.5%,50%,97.5%,missingness,type,run_no
y_noMiss,b_Intercept,2.188065483554434,0.0739392841014082,2.043723650414604,2.188431433180781,2.333916691412464,MNAR,brms,844
y_noMiss,b_light,0.35703960178811994,0.06856637708238775,0.2235090999345018,0.3560135950848435,0.4921020217205122,MNAR,brms,844
y_noMiss,b_discharge,-0.6838510001960214,0.06335351347434165,-0.8059426781593347,-0.6845451037445014,-0.5604027590982852,MNAR,brms,844
y_noMiss,phi,0.10332469392219691,0.05919680064558581,-0.013594111972055458,0.10257351259658787,0.22096366129130596,MNAR,brms,844
y_noMiss,sigma,1.1161866427368385,0.04702473255761404,1.027916909410649,1.1146687540743747,1.2142337521024302,MNAR,brms,844
y_noMiss,Intercept,2.2487636397002255,0.07372451852583464,2.1037106352128445,2.2489878277977486,2.3947412753689163,MNAR,brms,844
