missingprop_autocor,parameter,mean,sd,2.5%,50%,97.5%,missingness,type,run_no
y_noMiss,b_Intercept,0.8391711463697292,0.07049407485721809,0.7010338701541824,0.8397832293990417,0.9757123166585829,MNAR,brms,845
y_noMiss,b_light,-0.18284106813184214,0.060090177941261154,-0.300986108548122,-0.18168570953358743,-0.06818575956258686,MNAR,brms,845
y_noMiss,b_discharge,-0.5619775747532432,0.057785705085364285,-0.6745887801203282,-0.5622917092416919,-0.4463371182700844,MNAR,brms,845
y_noMiss,phi,0.11818521205330884,0.05966646619302613,0.001466270455917169,0.11787905326944542,0.23649736436618235,MNAR,brms,845
y_noMiss,sigma,1.0306023029774514,0.04290310744751695,0.951693077380712,1.0287806372221362,1.1192997547983339,MNAR,brms,845
y_noMiss,Intercept,0.7991463433888106,0.07030753904251803,0.6615192766187161,0.7999084699674599,0.9361555249950343,MNAR,brms,845
