missingprop_autocor,parameter,mean,sd,2.5%,50%,97.5%,missingness,type,run_no
y_noMiss,b_Intercept,-1.3581052436763812,0.20443162948185914,-1.7551866762285377,-1.357481079846584,-0.9629266700065291,MNAR,brms,846
y_noMiss,b_light,0.6943900491885424,0.05145982980002209,0.5937431905766298,0.6939807969578875,0.7956416320182277,MNAR,brms,846
y_noMiss,b_discharge,-1.9214565949062203,0.04367964709204936,-2.007527326515329,-1.9214965094648084,-1.8369451692189087,MNAR,brms,846
y_noMiss,phi,0.7207306270068286,0.041304316159741596,0.6398147622063464,0.7211648360774038,0.8009023392873776,MNAR,brms,846
y_noMiss,sigma,0.9963035148512739,0.04173932674431806,0.9202118088510164,0.994390144686193,1.0801691828873499,MNAR,brms,846
y_noMiss,Intercept,-1.3000388232632538,0.20448094960967356,-1.698430925092065,-1.3001518788917388,-0.9033987776360214,MNAR,brms,846
