missingprop_autocor,parameter,mean,sd,2.5%,50%,97.5%,missingness,type,run_no
y_noMiss,b_Intercept,1.6989845550629217,0.18754895653674514,1.3363191621022974,1.6974430373376896,2.0612818522237735,MNAR,brms,847
y_noMiss,b_light,-0.37450418457630746,0.05154341962415938,-0.47548807310788604,-0.37455293317295657,-0.2725637951926587,MNAR,brms,847
y_noMiss,b_discharge,-1.690932578739417,0.05215071073177052,-1.7918818311843772,-1.6915732872476084,-1.5874913885818696,MNAR,brms,847
y_noMiss,phi,0.6662731390765773,0.04521234004466861,0.577769587335152,0.6663884339865374,0.755140899619899,MNAR,brms,847
y_noMiss,sigma,1.0452771471484001,0.04381897005391654,0.9628513782562889,1.0437846252476364,1.1328917306081396,MNAR,brms,847
y_noMiss,Intercept,1.7072522946526583,0.18753613698254293,1.3446421366368677,1.706035885669883,2.067569430638812,MNAR,brms,847
