missingprop_autocor,parameter,mean,sd,2.5%,50%,97.5%,missingness,type,run_no
y_noMiss,b_Intercept,0.2806315730934,0.07651727261415592,0.13087124959955496,0.2799727557675418,0.4304165747788494,MNAR,brms,848
y_noMiss,b_light,0.14999060640328826,0.06269633394144854,0.027890957767458285,0.14978452164495296,0.2703477749446919,MNAR,brms,848
y_noMiss,b_discharge,-0.738922454906622,0.05687281224830089,-0.850637567659654,-0.7390189810576404,-0.626208395206167,MNAR,brms,848
y_noMiss,phi,0.2211769689654099,0.05752641139941709,0.10870619569045357,0.22201851567229858,0.3333701193707301,MNAR,brms,848
y_noMiss,sigma,1.0030382379698979,0.041608170256491196,0.925108852944904,1.0016586163428185,1.0880088535393326,MNAR,brms,848
y_noMiss,Intercept,0.29975096401559365,0.07652493361174581,0.15019365690212125,0.2989867702607887,0.44884679141146433,MNAR,brms,848
