missingprop_autocor,parameter,mean,sd,2.5%,50%,97.5%,missingness,type,run_no
y_noMiss,b_Intercept,0.6409521644819871,0.08134912594086001,0.4847041044358419,0.6402740160412709,0.8025898183494218,MNAR,brms,849
y_noMiss,b_light,0.02412683425374327,0.059662175879229735,-0.09404009545931856,0.025105757796494925,0.13888922987494629,MNAR,brms,849
y_noMiss,b_discharge,0.21608809507227142,0.057059718594680835,0.10487830285934728,0.21575917224201663,0.32762421189518115,MNAR,brms,849
y_noMiss,phi,0.25189964431503276,0.05885939704680296,0.13643576113300546,0.25167028317590806,0.3675765223269035,MNAR,brms,849
y_noMiss,sigma,1.0227132192602915,0.04217618038360907,0.9443243088685357,1.0215753656656836,1.1097049361965534,MNAR,brms,849
y_noMiss,Intercept,0.6263284677662225,0.08121551894656623,0.4687305763701663,0.6260916816279609,0.7874297167389342,MNAR,brms,849
