missingprop_autocor,parameter,mean,sd,2.5%,50%,97.5%,missingness,type,run_no
y_noMiss,b_Intercept,2.430553301446915,0.09889745264664593,2.2400406746772914,2.430101714072499,2.6225210995850183,MNAR,brms,84
y_noMiss,b_light,0.26321776464866564,0.05813693552710696,0.15006488009091035,0.26328653220666354,0.377938787454866,MNAR,brms,84
y_noMiss,b_discharge,0.5389108161233929,0.05381759102436915,0.43481950522861607,0.5392019802157435,0.6449716726164029,MNAR,brms,84
y_noMiss,phi,0.3941308971194729,0.056197718213982444,0.28515165572075324,0.3933763622471622,0.5045253243622575,MNAR,brms,84
y_noMiss,sigma,1.003665914622961,0.041526859629704774,0.926613881521263,1.002251750741443,1.0901235404834755,MNAR,brms,84
y_noMiss,Intercept,2.4056083316157855,0.09885979516134714,2.2152835704659606,2.405065896444996,2.5969231309482987,MNAR,brms,84
