missingprop_autocor,parameter,mean,sd,2.5%,50%,97.5%,missingness,type,run_no
y_noMiss,b_Intercept,0.9716178643631984,0.21198268701329379,0.5428521797575603,0.9711131955854122,1.3896832965860981,MNAR,brms,850
y_noMiss,b_light,-0.2247913727114002,0.05261192457325543,-0.32769460794820793,-0.22483448876643275,-0.12235560085072049,MNAR,brms,850
y_noMiss,b_discharge,0.8809527112199134,0.05037677699212972,0.7806969073805928,0.8813482471691871,0.9791498474098451,MNAR,brms,850
y_noMiss,phi,0.7078197006057249,0.04292143355579424,0.6244247641113703,0.7077587667127443,0.7917830630196049,MNAR,brms,850
y_noMiss,sigma,1.0563712665120755,0.04356345573550337,0.9757065174865523,1.0549139082740164,1.1453144889945035,MNAR,brms,850
y_noMiss,Intercept,0.9384074953560987,0.21189746277166657,0.5102577453404374,0.9378039920874712,1.3551983605361806,MNAR,brms,850
