missingprop_autocor,parameter,mean,sd,2.5%,50%,97.5%,missingness,type,run_no
y_noMiss,b_Intercept,0.8642064222342474,0.14351902602836825,0.5834661221052241,0.8630390539178818,1.1459270223985174,MNAR,brms,851
y_noMiss,b_light,-0.5375624288813682,0.048471002421280815,-0.6324344838160298,-0.5369221617815919,-0.44406433253245103,MNAR,brms,851
y_noMiss,b_discharge,-1.7375128483073146,0.04894265337953073,-1.8341182776386067,-1.736974607960109,-1.642794659424292,MNAR,brms,851
y_noMiss,phi,0.5956721609650695,0.04756716965247362,0.5026574565179525,0.5957704649218656,0.6888415229579122,MNAR,brms,851
y_noMiss,sigma,0.9849511316201859,0.04137333601506997,0.9083510096981463,0.9834044375162279,1.0703544514366863,MNAR,brms,851
y_noMiss,Intercept,0.7866348778014696,0.14353940062319245,0.5070331888861148,0.7854684144915723,1.0672489961691567,MNAR,brms,851
