missingprop_autocor,parameter,mean,sd,2.5%,50%,97.5%,missingness,type,run_no
y_noMiss,b_Intercept,0.12259017024971015,0.08726568154540468,-0.0469581891977394,0.12220959889358862,0.29298999713250945,MNAR,brms,852
y_noMiss,b_light,-0.011815601311313447,0.05519897160019281,-0.12105486240537915,-0.011572950028179946,0.09531220182162561,MNAR,brms,852
y_noMiss,b_discharge,1.2287799524709764,0.057266133232653955,1.117469983155997,1.2284946379252262,1.3392208935401713,MNAR,brms,852
y_noMiss,phi,0.3320269312064737,0.05550261242338381,0.2197954375813553,0.33211618454821157,0.441967486879152,MNAR,brms,852
y_noMiss,sigma,0.9921190398603645,0.0414251512018892,0.9148024434626848,0.9902103791801493,1.0783179397161813,MNAR,brms,852
y_noMiss,Intercept,0.15380543982267153,0.08716382467170555,-0.016218152345111043,0.1539011152925943,0.3239358821383336,MNAR,brms,852
