missingprop_autocor,parameter,mean,sd,2.5%,50%,97.5%,missingness,type,run_no
y_noMiss,b_Intercept,-0.08146057618620124,0.09527027323261567,-0.27219891464871787,-0.08191746281664736,0.10703357526789596,MNAR,brms,853
y_noMiss,b_light,0.9409581749060415,0.05341930076512867,0.835887207687806,0.9400335866319753,1.0453998047937105,MNAR,brms,853
y_noMiss,b_discharge,-0.11390460222186291,0.057379130422099765,-0.22576171795217564,-0.11388847746232857,-0.001240478055616421,MNAR,brms,853
y_noMiss,phi,0.37249792805974546,0.05554881069973174,0.2641982472603804,0.3727171497778537,0.4831200510694352,MNAR,brms,853
y_noMiss,sigma,1.0205809210949754,0.043157809878838646,0.9397038472621285,1.0190251239314074,1.1082960055770765,MNAR,brms,853
y_noMiss,Intercept,-0.03185739507405634,0.09511661371615296,-0.22007763493692836,-0.03183404271959337,0.15740115038440744,MNAR,brms,853
