missingprop_autocor,parameter,mean,sd,2.5%,50%,97.5%,missingness,type,run_no
y_noMiss,b_Intercept,0.9095009206291887,0.15810981069800165,0.5925193475395166,0.9092584131764657,1.226518386051344,MNAR,brms,854
y_noMiss,b_light,0.25871891444152334,0.05516091041589989,0.14964734733846236,0.25909124224049324,0.36849099794509615,MNAR,brms,854
y_noMiss,b_discharge,1.4848795319854748,0.04996668203615001,1.3868318253556076,1.4851635994961168,1.5814351742196981,MNAR,brms,854
y_noMiss,phi,0.6126337549064869,0.047490618855882516,0.5203973078530097,0.6124752901344218,0.7066939467892779,MNAR,brms,854
y_noMiss,sigma,1.0487688874040286,0.04438495642664546,0.9679423956529593,1.047122807841425,1.1405155208878914,MNAR,brms,854
y_noMiss,Intercept,1.0434666317711796,0.1580845472594827,0.7276142713591182,1.0430915582180926,1.362057923352616,MNAR,brms,854
