missingprop_autocor,parameter,mean,sd,2.5%,50%,97.5%,missingness,type,run_no
y_noMiss,b_Intercept,-0.2701061787551057,0.11781263914334486,-0.5037725796977065,-0.2718794931186481,-0.033320630170891735,MNAR,brms,855
y_noMiss,b_light,0.7697600733870961,0.05346699150410965,0.6641562421232555,0.7704492147089048,0.8736847598981795,MNAR,brms,855
y_noMiss,b_discharge,0.9014668504618355,0.05055297720579656,0.8019497627055515,0.9018507029463357,1.0014004730962562,MNAR,brms,855
y_noMiss,phi,0.49674261219607396,0.05197602857999959,0.39399769905657933,0.4967509291701006,0.6003005743488983,MNAR,brms,855
y_noMiss,sigma,1.016423179797428,0.043078263925837065,0.9358170617880253,1.014587690561545,1.1046104780084551,MNAR,brms,855
y_noMiss,Intercept,-0.28002672952031116,0.11765926581054072,-0.5118958240153574,-0.2818258259463885,-0.04393627726936863,MNAR,brms,855
