missingprop_autocor,parameter,mean,sd,2.5%,50%,97.5%,missingness,type,run_no
y_noMiss,b_Intercept,-1.6400254415849054,0.18322399268496353,-1.9992499615205224,-1.638990998441347,-1.2786715090389047,MNAR,brms,856
y_noMiss,b_light,-1.5896128441709019,0.05137287578307806,-1.6897788947428383,-1.5893637631229698,-1.489413002951517,MNAR,brms,856
y_noMiss,b_discharge,-0.4633169097070731,0.05363154292675167,-0.5683605829726043,-0.4625544405427783,-0.3593971147044456,MNAR,brms,856
y_noMiss,phi,0.6668480021067985,0.04481850902709053,0.5782840112190148,0.6671495601252051,0.7543166007957695,MNAR,brms,856
y_noMiss,sigma,1.0285612398750617,0.04397100182334822,0.9466223784888824,1.0266535184380898,1.117683179172256,MNAR,brms,856
y_noMiss,Intercept,-1.836259044936469,0.18306422619568552,-2.1962068093107,-1.8359851840525412,-1.47516785651189,MNAR,brms,856
