missingprop_autocor,parameter,mean,sd,2.5%,50%,97.5%,missingness,type,run_no
y_noMiss,b_Intercept,0.5916550970530646,0.07276870050881033,0.4503766791032516,0.5908740079056716,0.7366872341824768,MNAR,brms,857
y_noMiss,b_light,-0.04420105000156305,0.056428332529621344,-0.15587940572576434,-0.04384775287216046,0.06586615065796497,MNAR,brms,857
y_noMiss,b_discharge,-0.05033874036872192,0.06087045770411605,-0.1696037266233268,-0.05016232538465913,0.07084624589515569,MNAR,brms,857
y_noMiss,phi,0.16619228737917593,0.05924367183476617,0.0488932134033234,0.16597953934308401,0.28209006951822746,MNAR,brms,857
y_noMiss,sigma,1.0154684209110345,0.042478999508058245,0.937935373058528,1.0141721625058784,1.1015959731560743,MNAR,brms,857
y_noMiss,Intercept,0.5968546842504328,0.07249489233557986,0.4545449232962109,0.5962693125145451,0.7410957825741088,MNAR,brms,857
