missingprop_autocor,parameter,mean,sd,2.5%,50%,97.5%,missingness,type,run_no
y_noMiss,b_Intercept,-0.6017825575698829,0.05659524909165775,-0.7124884384647412,-0.6013057252090589,-0.49072773831074884,MNAR,brms,858
y_noMiss,b_light,-0.9929295942892505,0.05517622297015102,-1.1023011759028118,-0.9926733955777818,-0.8867976494874253,MNAR,brms,858
y_noMiss,b_discharge,1.2799615796828931,0.055746359166101,1.1697755316610823,1.2799162504628323,1.3886941892361218,MNAR,brms,858
y_noMiss,phi,0.015288773274739107,0.05876399028721993,-0.10106249995630111,0.015685779837532367,0.12981626875708216,MNAR,brms,858
y_noMiss,sigma,0.9465860373519054,0.03967422153036068,0.8736612873762416,0.9453839382752447,1.029623021922638,MNAR,brms,858
y_noMiss,Intercept,-0.7337077720124928,0.05619617146897634,-0.842596772871526,-0.7333999814212517,-0.6237004844999422,MNAR,brms,858
