missingprop_autocor,parameter,mean,sd,2.5%,50%,97.5%,missingness,type,run_no
y_noMiss,b_Intercept,1.0064323750546158,0.07649209771376193,0.8571138129944458,1.0063710065769542,1.1559236191113715,MNAR,brms,859
y_noMiss,b_light,-0.16575366400095587,0.05905302298453096,-0.28153531925378106,-0.1654991262365241,-0.048903848196100184,MNAR,brms,859
y_noMiss,b_discharge,-0.9844347517262242,0.056360830457201264,-1.0963873377768514,-0.9846585575455635,-0.8735561317754088,MNAR,brms,859
y_noMiss,phi,0.1946328745553549,0.059254499998385016,0.07896870395673374,0.19589811427230674,0.31041646864891836,MNAR,brms,859
y_noMiss,sigma,1.0162041218146638,0.04255580333256577,0.9352318332447477,1.015539371034877,1.1039216492021142,MNAR,brms,859
y_noMiss,Intercept,1.0321367169188727,0.07642931775086935,0.8826048401263177,1.0319815551719747,1.180914952983723,MNAR,brms,859
