missingprop_autocor,parameter,mean,sd,2.5%,50%,97.5%,missingness,type,run_no
y_noMiss,b_Intercept,1.04343996241481,0.07712926983460429,0.8941616901948075,1.042969252475296,1.1932840950078256,MNAR,brms,85
y_noMiss,b_light,-0.6471348501486138,0.055276641386812764,-0.7547494814655288,-0.6474864970539609,-0.535790481753439,MNAR,brms,85
y_noMiss,b_discharge,-1.1524940052432051,0.0529351181823149,-1.2579731364308004,-1.1522106996473669,-1.0500133042591768,MNAR,brms,85
y_noMiss,phi,0.2608837330821208,0.05714568059280197,0.14775377827491543,0.2607239742353583,0.3731070873083404,MNAR,brms,85
y_noMiss,sigma,0.9549931168437715,0.039936670146316376,0.8812413780684878,0.9533264518833326,1.0353043081494542,MNAR,brms,85
y_noMiss,Intercept,1.1143516139547722,0.07701430071214566,0.9655053363549012,1.1139892712188357,1.2651628387975378,MNAR,brms,85
