missingprop_autocor,parameter,mean,sd,2.5%,50%,97.5%,missingness,type,run_no
y_noMiss,b_Intercept,-0.8695396655277703,0.15307224802295605,-1.1682298662213664,-0.8701704182077084,-0.5652233598637783,MNAR,brms,860
y_noMiss,b_light,-0.012897448442900961,0.058644267533508015,-0.1278294255318824,-0.013153783224044494,0.10288037128161348,MNAR,brms,860
y_noMiss,b_discharge,0.3366647948206949,0.06434349015786267,0.20983567671625747,0.3368952535366895,0.4616650665940069,MNAR,brms,860
y_noMiss,phi,0.5625469901459302,0.050068808427759993,0.46530095491098983,0.5619932148204003,0.6632274888400265,MNAR,brms,860
y_noMiss,sigma,1.1226292479486195,0.046359075003923396,1.037685166320661,1.1208505709572116,1.2151170227886856,MNAR,brms,860
y_noMiss,Intercept,-0.8974459614924295,0.15278040455192274,-1.197294045026644,-0.8976864815829879,-0.5939110896466183,MNAR,brms,860
