missingprop_autocor,parameter,mean,sd,2.5%,50%,97.5%,missingness,type,run_no
y_noMiss,b_Intercept,0.7391268450290526,0.21856107615938142,0.30697179847824047,0.7407673136899606,1.1669769959808938,MNAR,brms,861
y_noMiss,b_light,-0.36459604883102725,0.05215251290505219,-0.46629532842394,-0.36527026442532734,-0.26203011187712083,MNAR,brms,861
y_noMiss,b_discharge,-0.372914721142108,0.04471185907968429,-0.4603897213923998,-0.3731942175031564,-0.2853813359333793,MNAR,brms,861
y_noMiss,phi,0.7191374443439921,0.04226223461248571,0.6365368328545573,0.7195330593446216,0.8010884804604343,MNAR,brms,861
y_noMiss,sigma,1.0301848175127948,0.04396489640905154,0.948538788807729,1.0288259133023883,1.120751082211929,MNAR,brms,861
y_noMiss,Intercept,0.7038358306707074,0.2185521571047873,0.2712292947373607,0.705687002605176,1.1317534709493047,MNAR,brms,861
