missingprop_autocor,parameter,mean,sd,2.5%,50%,97.5%,missingness,type,run_no
y_noMiss,b_Intercept,-1.1960920795667944,0.0757860786843937,-1.3416350990592314,-1.1970189012840373,-1.046298069841334,MNAR,brms,862
y_noMiss,b_light,0.18347036329513855,0.055149626439543874,0.07923777421199266,0.18279310382018205,0.29260705221661854,MNAR,brms,862
y_noMiss,b_discharge,0.2622681890458596,0.05270163235998425,0.15899386393575346,0.2616936705145026,0.3663602021154983,MNAR,brms,862
y_noMiss,phi,0.24301624730454705,0.05636886988949452,0.13297368508158053,0.2420105812907099,0.3552962646066703,MNAR,brms,862
y_noMiss,sigma,0.9793873829592141,0.04154621248466717,0.9019213574142515,0.9780283575513284,1.0647036671717547,MNAR,brms,862
y_noMiss,Intercept,-1.1642350885466095,0.07548350409181946,-1.3108176107781364,-1.1649110433660415,-1.016821619426828,MNAR,brms,862
