missingprop_autocor,parameter,mean,sd,2.5%,50%,97.5%,missingness,type,run_no
y_noMiss,b_Intercept,-1.6026949185835861,0.1342294404465404,-1.8687635937800404,-1.6023348209354864,-1.342340926799761,MNAR,brms,863
y_noMiss,b_light,-0.504366287149895,0.05430970360361809,-0.6114719715288411,-0.5038100815296775,-0.3972006622930087,MNAR,brms,863
y_noMiss,b_discharge,0.33771133642557544,0.04908256878379339,0.24202233459461323,0.3379100736469741,0.4332178482090211,MNAR,brms,863
y_noMiss,phi,0.558154108305626,0.05065025069294959,0.4600221285865557,0.5584049352503252,0.6555460231167582,MNAR,brms,863
y_noMiss,sigma,0.9872658665622456,0.04138674034920126,0.908461452858391,0.9857218411581092,1.0721623303558405,MNAR,brms,863
y_noMiss,Intercept,-1.572164960601518,0.1341645536562015,-1.8373066265553604,-1.570920304545671,-1.310997633574259,MNAR,brms,863
