missingprop_autocor,parameter,mean,sd,2.5%,50%,97.5%,missingness,type,run_no
y_noMiss,b_Intercept,1.1813022926361865,0.13669695113440486,0.9088305122082743,1.181351881869702,1.4507696061286057,MNAR,brms,864
y_noMiss,b_light,-0.3806776288381261,0.05312772521397127,-0.48435934818516474,-0.3813583861141412,-0.2757807257003718,MNAR,brms,864
y_noMiss,b_discharge,-0.4904053334653931,0.048453624238525686,-0.584921854410468,-0.49002661294630645,-0.39511866740580714,MNAR,brms,864
y_noMiss,phi,0.5765392801060674,0.04862360753156608,0.48171237902173225,0.5764701166678785,0.6725954520374462,MNAR,brms,864
y_noMiss,sigma,0.9881231563810671,0.04136933314450143,0.9110970039952834,0.9866892683959145,1.072151929722293,MNAR,brms,864
y_noMiss,Intercept,1.187806838355296,0.13668881135317945,0.9153604524718989,1.1878161253997541,1.457680859769989,MNAR,brms,864
