missingprop_autocor,parameter,mean,sd,2.5%,50%,97.5%,missingness,type,run_no
y_noMiss,b_Intercept,0.11674294585876062,0.09482739753912986,-0.0664878728907432,0.11526738997662331,0.30455141954062964,MNAR,brms,865
y_noMiss,b_light,0.6990727432066357,0.049365557407375235,0.6021014399111688,0.6990731113361445,0.7964646164552293,MNAR,brms,865
y_noMiss,b_discharge,-1.362154310713891,0.05437916733635915,-1.4682744204300853,-1.3623884043361967,-1.254829622164854,MNAR,brms,865
y_noMiss,phi,0.41718687484666056,0.05395503405692643,0.3126208372705988,0.41665710375585674,0.52501235910787,MNAR,brms,865
y_noMiss,sigma,0.971266376173122,0.0404120244537985,0.8957388869659388,0.9699244847623167,1.054017545808123,MNAR,brms,865
y_noMiss,Intercept,0.005093446238505108,0.09479925451259197,-0.17760207593653274,0.004565386806676799,0.1924726867656692,MNAR,brms,865
