missingprop_autocor,parameter,mean,sd,2.5%,50%,97.5%,missingness,type,run_no
y_noMiss,b_Intercept,0.6849097060683327,0.15283813801563342,0.38800484183651346,0.686522428529833,0.9866080077747489,MNAR,brms,866
y_noMiss,b_light,-0.05172178834034211,0.050310296551155945,-0.15166162036601555,-0.0512140753085121,0.047120817433168954,MNAR,brms,866
y_noMiss,b_discharge,-1.9737883865938926,0.04824882052805269,-2.0693195534468747,-1.9746483550562983,-1.878517494971099,MNAR,brms,866
y_noMiss,phi,0.6028326255096074,0.04790777532457768,0.5083767748039356,0.6026445648025598,0.696385847806123,MNAR,brms,866
y_noMiss,sigma,1.0126677823996566,0.041897532637755065,0.934873802713266,1.01158389895871,1.0980835455703108,MNAR,brms,866
y_noMiss,Intercept,0.5436348194358892,0.15278220180811392,0.24700230901971668,0.5452574729380979,0.8430189593031211,MNAR,brms,866
