missingprop_autocor,parameter,mean,sd,2.5%,50%,97.5%,missingness,type,run_no
y_noMiss,b_Intercept,1.18538010814481,0.20768687986157366,0.7653826256626285,1.1884941094975843,1.586404253618477,MNAR,brms,867
y_noMiss,b_light,0.757872158113924,0.04107048021596823,0.677190917940218,0.7578467097547694,0.8360094877708705,MNAR,brms,867
y_noMiss,b_discharge,1.416413125485353,0.0489188649015403,1.319737440242229,1.4159588069958906,1.5113663852896368,MNAR,brms,867
y_noMiss,phi,0.7279895737346008,0.04173378837223363,0.6457828731905431,0.7275389857822123,0.8106388314478943,MNAR,brms,867
y_noMiss,sigma,0.9537327902273185,0.04024567705519579,0.8792598635985233,0.9525857073267272,1.0366344208781593,MNAR,brms,867
y_noMiss,Intercept,1.1853342524109582,0.20768232247453616,0.7647427588399623,1.1887267051170667,1.5864495401498393,MNAR,brms,867
