missingprop_autocor,parameter,mean,sd,2.5%,50%,97.5%,missingness,type,run_no
y_noMiss,b_Intercept,-1.0979746915643984,0.12620819564613353,-1.3446231699192135,-1.098870528598761,-0.8497931936962033,MNAR,brms,868
y_noMiss,b_light,-1.226997874262541,0.05773992042650148,-1.3400998962167454,-1.226686699130672,-1.1108850869600426,MNAR,brms,868
y_noMiss,b_discharge,0.472589829539179,0.05891607795539971,0.3549413983144925,0.4731242743026354,0.5863510602578299,MNAR,brms,868
y_noMiss,phi,0.4936482276429437,0.052083907791210186,0.393225566196631,0.4930618702456648,0.5960610630982696,MNAR,brms,868
y_noMiss,sigma,1.0892359674106777,0.045377408195822484,1.0037406303969962,1.087366542355424,1.1826535324691934,MNAR,brms,868
y_noMiss,Intercept,-1.163499671616125,0.12622136680851553,-1.410438386079118,-1.1645753760394746,-0.9145432863871155,MNAR,brms,868
