missingprop_autocor,parameter,mean,sd,2.5%,50%,97.5%,missingness,type,run_no
y_noMiss,b_Intercept,-0.538661563452412,0.08120783689582176,-0.6990679601543068,-0.5388370457251869,-0.37853932601528656,MNAR,brms,869
y_noMiss,b_light,1.2364817305121858,0.05176205684662626,1.1341635581595728,1.2360842324240071,1.3359188795725618,MNAR,brms,869
y_noMiss,b_discharge,-2.0796901653699993,0.05868728627564869,-2.1942053579354353,-2.079492777069528,-1.963836043782268,MNAR,brms,869
y_noMiss,phi,0.3078321595748809,0.058112239602085045,0.19614300580012572,0.3077555288192294,0.4219253440826677,MNAR,brms,869
y_noMiss,sigma,0.9519760900872634,0.04019621675702749,0.8780451485683255,0.9505385861497228,1.0348888201752555,MNAR,brms,869
y_noMiss,Intercept,-0.6164326738865056,0.08116006329034492,-0.7766707837627468,-0.6164955414289375,-0.45659181974849294,MNAR,brms,869
