missingprop_autocor,parameter,mean,sd,2.5%,50%,97.5%,missingness,type,run_no
y_noMiss,b_Intercept,-2.3829860120257047,0.08784414122973604,-2.5536124630389843,-2.3842909288669256,-2.2080631828833446,MNAR,brms,86
y_noMiss,b_light,-0.6619985707455354,0.06112830567943562,-0.7836509944432928,-0.6621283950546359,-0.5406155317313436,MNAR,brms,86
y_noMiss,b_discharge,0.1954253171752137,0.057503270745856615,0.08105593219563975,0.19532555424871742,0.30623368679808116,MNAR,brms,86
y_noMiss,phi,0.279612274363248,0.05950375749108137,0.16170026584539582,0.28010177169754014,0.39945001790800716,MNAR,brms,86
y_noMiss,sigma,1.0584289313807544,0.04487569443237653,0.9742845562673645,1.0567789747696885,1.1510263386758224,MNAR,brms,86
y_noMiss,Intercept,-2.410883051267366,0.08781403817414091,-2.58207177223151,-2.4119505847307554,-2.235207682758894,MNAR,brms,86
