missingprop_autocor,parameter,mean,sd,2.5%,50%,97.5%,missingness,type,run_no
y_noMiss,b_Intercept,-1.7276765089995512,0.09184507252858774,-1.9090853793696612,-1.727937065865345,-1.5470679725734653,MNAR,brms,870
y_noMiss,b_light,0.5633198348684895,0.05101689078468717,0.4647512680516429,0.5637204084468002,0.6637825831730717,MNAR,brms,870
y_noMiss,b_discharge,0.8093962771661077,0.057121414925123175,0.6956252157172713,0.8095180005221833,0.9233169093969733,MNAR,brms,870
y_noMiss,phi,0.3878154832500608,0.05609686186724215,0.27849665900750903,0.3877891111336892,0.4983145068221898,MNAR,brms,870
y_noMiss,sigma,0.9572331956629717,0.040013634650855744,0.8830782151513695,0.9563877602658493,1.0409048645934753,MNAR,brms,870
y_noMiss,Intercept,-1.727490793714981,0.09182830187896107,-1.9085452170381638,-1.7276366106438301,-1.5468010366678384,MNAR,brms,870
