missingprop_autocor,parameter,mean,sd,2.5%,50%,97.5%,missingness,type,run_no
y_noMiss,b_Intercept,0.24680346001841263,0.07292616714963726,0.10627121715956393,0.24663255221912217,0.3915340984276583,MNAR,brms,871
y_noMiss,b_light,0.3034825556668722,0.05094463238637409,0.2034032534317641,0.3034009077999415,0.40335206208526686,MNAR,brms,871
y_noMiss,b_discharge,0.018447523608760574,0.05558947259806582,-0.08946800014761687,0.018671401220055308,0.12596264319223385,MNAR,brms,871
y_noMiss,phi,0.25143042920523234,0.057652732000800115,0.1368355146789201,0.25073564783194763,0.36526549722872703,MNAR,brms,871
y_noMiss,sigma,0.9230278718840733,0.038294015773433256,0.8521895876672704,0.9218972115584615,1.0009850040421924,MNAR,brms,871
y_noMiss,Intercept,0.21804545647924745,0.07260427066978985,0.07718803351279584,0.2176506221849516,0.36268710483230393,MNAR,brms,871
