missingprop_autocor,parameter,mean,sd,2.5%,50%,97.5%,missingness,type,run_no
y_noMiss,b_Intercept,1.1834289610383861,0.08420450521049543,1.016678346913203,1.1837123328114136,1.348856436197007,MNAR,brms,872
y_noMiss,b_light,0.8422530385616814,0.06028833039360752,0.7222016522843796,0.8416186454731609,0.9591211754328469,MNAR,brms,872
y_noMiss,b_discharge,0.712563283983555,0.05435087252168305,0.6060488382066949,0.713004910620701,0.8178864741879629,MNAR,brms,872
y_noMiss,phi,0.30289864620141865,0.05557462675022855,0.19348248237940266,0.3032863994834082,0.4110953509255038,MNAR,brms,872
y_noMiss,sigma,0.9947243025582071,0.04125828397809751,0.9170518091388157,0.9932797690243864,1.0784934966218271,MNAR,brms,872
y_noMiss,Intercept,1.1559090056011032,0.08422182174936384,0.990370152371914,1.156030939728966,1.3218676187991738,MNAR,brms,872
