missingprop_autocor,parameter,mean,sd,2.5%,50%,97.5%,missingness,type,run_no
y_noMiss,b_Intercept,-0.8510995861657954,0.06372121564285929,-0.9729907082789553,-0.8516386194007951,-0.727017917266336,MNAR,brms,873
y_noMiss,b_light,-0.4654340612842589,0.06198916831815588,-0.589096672286856,-0.4650328288019089,-0.34349800420447546,MNAR,brms,873
y_noMiss,b_discharge,0.10803477756076389,0.060617446728332844,-0.011573522567017797,0.10817056976924141,0.22699544539960756,MNAR,brms,873
y_noMiss,phi,0.06382556003824509,0.059522318415682056,-0.050915637753842384,0.06351080808448006,0.1800198782258534,MNAR,brms,873
y_noMiss,sigma,1.0014432524991286,0.04185169322372499,0.9248172312531944,1.0002136037440672,1.0882269646646103,MNAR,brms,873
y_noMiss,Intercept,-0.8333517725846417,0.06370622174441674,-0.9545866148487426,-0.833932555755142,-0.7088635595454386,MNAR,brms,873
