missingprop_autocor,parameter,mean,sd,2.5%,50%,97.5%,missingness,type,run_no
y_noMiss,b_Intercept,0.2257405006420572,0.07036252903488228,0.0880888181628763,0.22538781054782264,0.36777160650535784,MNAR,brms,874
y_noMiss,b_light,1.4318910575311912,0.054292687529373246,1.325240905487044,1.4319616840646106,1.5371236878292647,MNAR,brms,874
y_noMiss,b_discharge,0.6973971397609715,0.049995880782341934,0.5992868402124314,0.6977810373991566,0.796233821805541,MNAR,brms,874
y_noMiss,phi,0.21817184171135562,0.05872474162460043,0.10132198575772147,0.21820583563232532,0.3320022734281656,MNAR,brms,874
y_noMiss,sigma,0.9291494967138255,0.03820424207087176,0.8580639526380971,0.9281296333151838,1.0069453779117181,MNAR,brms,874
y_noMiss,Intercept,0.3459214483053679,0.07026975244538144,0.20813911989712253,0.34570301016544536,0.4871198581363791,MNAR,brms,874
