missingprop_autocor,parameter,mean,sd,2.5%,50%,97.5%,missingness,type,run_no
y_noMiss,b_Intercept,-0.9841213402019715,0.08185428892129426,-1.1431222693728984,-0.9827406767379532,-0.8260789611567184,MNAR,brms,875
y_noMiss,b_light,-0.5409259996540388,0.049838923664040316,-0.6386442784660463,-0.540500154723244,-0.44274771757451276,MNAR,brms,875
y_noMiss,b_discharge,2.286615219739385,0.05353767002384567,2.1815629439955595,2.2860314488005438,2.3908278725091123,MNAR,brms,875
y_noMiss,phi,0.33405150099197817,0.0558794570238527,0.22644711654030353,0.33387869800293185,0.44386456973121785,MNAR,brms,875
y_noMiss,sigma,0.9494850104162823,0.03946957883138417,0.8746692688037615,0.9484040686687416,1.0298807075708896,MNAR,brms,875
y_noMiss,Intercept,-0.9478978744755262,0.08182797529921142,-1.1068680199791021,-0.9465757041904883,-0.7900454907461716,MNAR,brms,875
