missingprop_autocor,parameter,mean,sd,2.5%,50%,97.5%,missingness,type,run_no
y_noMiss,b_Intercept,1.1854919916737001,0.19996006860352014,0.8017978078981534,1.1821549880426845,1.5830232999927218,MNAR,brms,876
y_noMiss,b_light,0.27241426737830216,0.054736693013676216,0.16472378140843755,0.27183944915144065,0.38013224559020176,MNAR,brms,876
y_noMiss,b_discharge,-0.3620477030299591,0.04928359900440584,-0.4567085263353332,-0.36287645088722675,-0.2648265252152371,MNAR,brms,876
y_noMiss,phi,0.6931773822986916,0.04448052994557493,0.6050809413090418,0.6933093973572577,0.7784760865124244,MNAR,brms,876
y_noMiss,sigma,1.0460633873204948,0.04448668971815777,0.9640297299798253,1.0447878153042847,1.1379679413086792,MNAR,brms,876
y_noMiss,Intercept,1.1993415882802831,0.19993218547716077,0.8146027413400911,1.1965305679422464,1.5966883139732981,MNAR,brms,876
