missingprop_autocor,parameter,mean,sd,2.5%,50%,97.5%,missingness,type,run_no
y_noMiss,b_Intercept,-1.8989405419284187,0.07313664357772433,-2.042797404404304,-1.898660513771894,-1.757636211434309,MNAR,brms,877
y_noMiss,b_light,-0.9271169889636008,0.05492051161703569,-1.0351446940230167,-0.926988409038689,-0.8180023857047006,MNAR,brms,877
y_noMiss,b_discharge,1.1927186181634888,0.05758405951863579,1.0830094802815917,1.1919918013390807,1.306352277450089,MNAR,brms,877
y_noMiss,phi,0.20883654712825214,0.05787580702087763,0.09704612226959762,0.20781551207346075,0.3216769446151486,MNAR,brms,877
y_noMiss,sigma,0.9970579339912505,0.0411533455717736,0.918863993588806,0.9957560059487871,1.082542555838612,MNAR,brms,877
y_noMiss,Intercept,-1.852260770722501,0.07311219964851444,-1.997007647722961,-1.852077444877168,-1.7113963270818142,MNAR,brms,877
