missingprop_autocor,parameter,mean,sd,2.5%,50%,97.5%,missingness,type,run_no
y_noMiss,b_Intercept,-1.5061776830174531,0.11665703731586842,-1.7386660140897383,-1.5061151403500164,-1.2744140683442904,MNAR,brms,878
y_noMiss,b_light,0.21114026894101806,0.050439424683464816,0.11173661725243958,0.21194061857757035,0.30710513477542967,MNAR,brms,878
y_noMiss,b_discharge,0.3750390329499891,0.05318708022146224,0.270128631096159,0.3755557332844987,0.47821711321331645,MNAR,brms,878
y_noMiss,phi,0.5031378425061961,0.05138147111714117,0.399189339607621,0.5037905970351019,0.6045064010727454,MNAR,brms,878
y_noMiss,sigma,0.976603922708378,0.04051636498117864,0.901417239048618,0.9753341361733328,1.0602805996496256,MNAR,brms,878
y_noMiss,Intercept,-1.539690954509232,0.11657089713413012,-1.7708454082670635,-1.5400905104653537,-1.3063051395136522,MNAR,brms,878
