missingprop_autocor,parameter,mean,sd,2.5%,50%,97.5%,missingness,type,run_no
y_noMiss,b_Intercept,1.0032797650288074,0.13176779824264456,0.7495762699760421,1.002209548300511,1.2634071594510994,MNAR,brms,879
y_noMiss,b_light,1.8919839857510614,0.0526196212466708,1.7888107195627407,1.8925376723772689,1.9968724283021053,MNAR,brms,879
y_noMiss,b_discharge,-0.12580876465811916,0.048695514728272625,-0.22030963924125654,-0.12537197998108102,-0.03361482300456331,MNAR,brms,879
y_noMiss,phi,0.5657222529936996,0.04949736625660972,0.47030644042823644,0.5652892920346098,0.6625043458039307,MNAR,brms,879
y_noMiss,sigma,0.963636005901647,0.04006862786737582,0.8896317850805374,0.9624253848474372,1.0459685571737378,MNAR,brms,879
y_noMiss,Intercept,0.8637115959968883,0.13177698246774983,0.6095685956332361,0.8622563686571997,1.124729699149254,MNAR,brms,879
