missingprop_autocor,parameter,mean,sd,2.5%,50%,97.5%,missingness,type,run_no
y_noMiss,b_Intercept,0.9417763536968531,0.14476854122981475,0.6566381550563055,0.9389465747354472,1.2292591386417229,MNAR,brms,87
y_noMiss,b_light,0.5235022701927001,0.045225267081331,0.43564095526328783,0.522981986226323,0.611765524638731,MNAR,brms,87
y_noMiss,b_discharge,0.20237357689364224,0.05269383517841391,0.10004845553573664,0.20315392985623154,0.3058335198444596,MNAR,brms,87
y_noMiss,phi,0.5975149987631361,0.04823937761425063,0.5025384643245974,0.5972842960010697,0.6926147360423596,MNAR,brms,87
y_noMiss,sigma,0.9869765257866071,0.04122699016197468,0.9104492711294276,0.9859660809242805,1.071569195772467,MNAR,brms,87
y_noMiss,Intercept,0.957713270266184,0.14478286371965265,0.6719188809899549,0.9552129933384323,1.2456352712652894,MNAR,brms,87
