missingprop_autocor,parameter,mean,sd,2.5%,50%,97.5%,missingness,type,run_no
y_noMiss,b_Intercept,-0.05356981308433461,0.12692809792765805,-0.2980027522062769,-0.05360124490816379,0.2000302566715906,MNAR,brms,880
y_noMiss,b_light,-0.27292477278851585,0.05035868656069956,-0.37217005769085326,-0.2731507151353935,-0.17402451470073685,MNAR,brms,880
y_noMiss,b_discharge,-0.7816630119847711,0.0530323256289316,-0.8860997747228653,-0.7820634815927938,-0.6773489213571113,MNAR,brms,880
y_noMiss,phi,0.5354385669744095,0.05040403667835018,0.43489352384080965,0.5356546779581277,0.6355717817477111,MNAR,brms,880
y_noMiss,sigma,0.9915524713762529,0.04222708400905593,0.9114273467683613,0.990194619751078,1.0776209511468828,MNAR,brms,880
y_noMiss,Intercept,-0.09554063290595216,0.12687526829848936,-0.33919508666684306,-0.0956938535087781,0.15838073195572985,MNAR,brms,880
