missingprop_autocor,parameter,mean,sd,2.5%,50%,97.5%,missingness,type,run_no
y_noMiss,b_Intercept,-0.17623979391282654,0.1320960200944711,-0.44137404932822755,-0.1761945587771261,0.08504322371084348,MNAR,brms,881
y_noMiss,b_light,-0.34521454147171216,0.04640393043249922,-0.4355779423609183,-0.34541586000371594,-0.2524544143807978,MNAR,brms,881
y_noMiss,b_discharge,-0.5135000998643644,0.05320998675164565,-0.6179513019260983,-0.5141466562025241,-0.40937518405839957,MNAR,brms,881
y_noMiss,phi,0.5725104859577443,0.0497201002162692,0.4747230514647125,0.5720214763888614,0.6689260411951562,MNAR,brms,881
y_noMiss,sigma,0.9656710289836676,0.040381656977244586,0.8910301341045092,0.964188482089296,1.0485042902685728,MNAR,brms,881
y_noMiss,Intercept,-0.10336882287402015,0.13194618882355333,-0.36824991938008966,-0.10300131866348078,0.15677706690705845,MNAR,brms,881
