missingprop_autocor,parameter,mean,sd,2.5%,50%,97.5%,missingness,type,run_no
y_noMiss,b_Intercept,0.9343580276106057,0.07687358586123921,0.7858510415751188,0.934741440370911,1.0853757783825488,MNAR,brms,882
y_noMiss,b_light,1.9830279950225804,0.06301769423966493,1.8594185766655946,1.9828300944900126,2.106474658122566,MNAR,brms,882
y_noMiss,b_discharge,0.3638863156177126,0.062341188615364085,0.24294440660903543,0.36379995075729765,0.48456034152986266,MNAR,brms,882
y_noMiss,phi,0.17397620871746156,0.05903140234808237,0.05906052346243958,0.17333544041486498,0.2894018431163806,MNAR,brms,882
y_noMiss,sigma,1.0827811111960148,0.04561470338501789,0.9985232730276569,1.0814367171392734,1.1763246509628233,MNAR,brms,882
y_noMiss,Intercept,1.0164077999002084,0.07686361448566617,0.8681219867427591,1.0161985934654751,1.1671517836796643,MNAR,brms,882
