missingprop_autocor,parameter,mean,sd,2.5%,50%,97.5%,missingness,type,run_no
y_noMiss,b_Intercept,-0.25497924574482256,0.058693774559433885,-0.36951083128840656,-0.2547994051481996,-0.13908635205542294,MNAR,brms,883
y_noMiss,b_light,-0.9341602049422043,0.05330996143274462,-1.040346480032644,-0.9349003825941138,-0.8283918720498525,MNAR,brms,883
y_noMiss,b_discharge,0.6109928596788682,0.05460819371559556,0.500318339593749,0.6122197040733669,0.7157140862585963,MNAR,brms,883
y_noMiss,phi,0.07587837394489753,0.06110577991729731,-0.047997157527200955,0.07594873828695735,0.19452879336874654,MNAR,brms,883
y_noMiss,sigma,0.936935290826828,0.03931608321971995,0.8638278006776703,0.935599155962628,1.0177687832378846,MNAR,brms,883
y_noMiss,Intercept,-0.22714748492993672,0.05856879368312554,-0.33998958632444043,-0.22692114540284836,-0.11261097449088221,MNAR,brms,883
