missingprop_autocor,parameter,mean,sd,2.5%,50%,97.5%,missingness,type,run_no
y_noMiss,b_Intercept,-1.5879086136397857,0.07278691914509708,-1.73089521995168,-1.587841363985556,-1.4436615093267855,MNAR,brms,884
y_noMiss,b_light,0.10119567854341148,0.0588234440748178,-0.01509889086507308,0.10246697841425845,0.215301893635034,MNAR,brms,884
y_noMiss,b_discharge,-0.0151419253601485,0.059605574659088355,-0.13425850592628202,-0.014830605733895722,0.10041000486581521,MNAR,brms,884
y_noMiss,phi,0.19877818604371625,0.058707437368044665,0.08380409100861537,0.19878980425445797,0.3137076228060237,MNAR,brms,884
y_noMiss,sigma,0.9889820689785518,0.041180550467048466,0.9119639047721724,0.9875292438961978,1.0742624582537004,MNAR,brms,884
y_noMiss,Intercept,-1.5799668964570994,0.07268020059681483,-1.7231011453704705,-1.579814367730138,-1.4355057935770368,MNAR,brms,884
