missingprop_autocor,parameter,mean,sd,2.5%,50%,97.5%,missingness,type,run_no
y_noMiss,b_Intercept,-0.630175013865457,0.11822792999541415,-0.8664117387800945,-0.6299353107780595,-0.39561696931814944,MNAR,brms,885
y_noMiss,b_light,0.3355704158903589,0.05737914364987311,0.22138419446563318,0.3355156029640779,0.44989806722963505,MNAR,brms,885
y_noMiss,b_discharge,-1.361817373802846,0.05004928277357722,-1.4584136303847968,-1.3616112348049056,-1.263886963460145,MNAR,brms,885
y_noMiss,phi,0.47089229972262275,0.051905181303091616,0.3719137580403538,0.47150334409570627,0.574432863277039,MNAR,brms,885
y_noMiss,sigma,1.04020400957841,0.0435806863853676,0.9601279483433758,1.0387515540912535,1.129305185269998,MNAR,brms,885
y_noMiss,Intercept,-0.7100169957544258,0.1180597335944422,-0.9447705551111607,-0.7094638351866405,-0.47514657476174077,MNAR,brms,885
