missingprop_autocor,parameter,mean,sd,2.5%,50%,97.5%,missingness,type,run_no
y_noMiss,b_Intercept,-0.3354584053063002,0.06366409617181303,-0.46042104773236636,-0.3355806433845683,-0.20923044055713627,MNAR,brms,886
y_noMiss,b_light,-0.5364091093383411,0.0618198397461632,-0.6598687040034624,-0.5367476517110746,-0.41326906608960384,MNAR,brms,886
y_noMiss,b_discharge,0.12130605303319116,0.06401986218967431,-0.0049967384342352065,0.12099298222052249,0.24728478086557049,MNAR,brms,886
y_noMiss,phi,-0.003493596523337025,0.05811640039405471,-0.11660745950051338,-0.003750415569404934,0.11155041957243737,MNAR,brms,886
y_noMiss,sigma,1.0632117277420405,0.04495213598098239,0.9791082890468689,1.0622746403646806,1.1565790952327848,MNAR,brms,886
y_noMiss,Intercept,-0.37612867609394657,0.06326603689545592,-0.49928169549366885,-0.37661835973280444,-0.25056575666935155,MNAR,brms,886
