missingprop_autocor,parameter,mean,sd,2.5%,50%,97.5%,missingness,type,run_no
y_noMiss,b_Intercept,0.5188016891436245,0.07862345779412126,0.36554823295189587,0.5182671263201738,0.6719678791159337,MNAR,brms,887
y_noMiss,b_light,1.826199267509462,0.05705010134739027,1.7134900980106798,1.8264794756725191,1.9367254798510563,MNAR,brms,887
y_noMiss,b_discharge,1.0601430764065292,0.05606061810548127,0.9501864446115449,1.0595638049191942,1.1708890664734402,MNAR,brms,887
y_noMiss,phi,0.24899739773153218,0.05648494450980471,0.13963328540812375,0.24792577668335725,0.362294641884451,MNAR,brms,887
y_noMiss,sigma,0.9908464558740487,0.04176324861766672,0.9144194793093515,0.9891956630703025,1.0780015665037268,MNAR,brms,887
y_noMiss,Intercept,0.44529485063351926,0.07859575232268293,0.2922558791226755,0.44456675774686344,0.598849036327333,MNAR,brms,887
