missingprop_autocor,parameter,mean,sd,2.5%,50%,97.5%,missingness,type,run_no
y_noMiss,b_Intercept,-0.07511209614332677,0.11587722675577945,-0.30177748796617104,-0.07470583445708823,0.15530214203940407,MNAR,brms,888
y_noMiss,b_light,-0.7380106176101583,0.058205794242777484,-0.8512114465404815,-0.7382663805144245,-0.6224216482659718,MNAR,brms,888
y_noMiss,b_discharge,-1.1219481315419748,0.057937800246243634,-1.2350260078385316,-1.122408946792477,-1.0088046332851228,MNAR,brms,888
y_noMiss,phi,0.46236475785746994,0.05272927960064166,0.3605712194125485,0.4616652532788885,0.5660716867437402,MNAR,brms,888
y_noMiss,sigma,1.060636156547311,0.04460468982066496,0.9783293470311646,1.0594556344302224,1.153422892196038,MNAR,brms,888
y_noMiss,Intercept,-0.014974644409518852,0.11584676261268767,-0.24198986695158411,-0.014820468415288432,0.21392320663208197,MNAR,brms,888
