missingprop_autocor,parameter,mean,sd,2.5%,50%,97.5%,missingness,type,run_no
y_noMiss,b_Intercept,0.5497711637218354,0.06695517906964109,0.41961976534034817,0.5500872076350743,0.6800295646252148,MNAR,brms,889
y_noMiss,b_light,-0.8654906853333082,0.05983577246599377,-0.9829824859259477,-0.8655244921886821,-0.7485326730828409,MNAR,brms,889
y_noMiss,b_discharge,-1.4780911436616815,0.0554851941196803,-1.5898967511914073,-1.4782222275256274,-1.3702475099926448,MNAR,brms,889
y_noMiss,phi,0.1541671695457829,0.058888898213077884,0.03837683560813926,0.15431201073818304,0.2716286418488655,MNAR,brms,889
y_noMiss,sigma,0.9749799432666469,0.04075597466872342,0.898686312016958,0.9737864143417452,1.0577742280286138,MNAR,brms,889
y_noMiss,Intercept,0.5535593386990206,0.06695479556476999,0.4236161266822146,0.5540268983584107,0.6834424102491111,MNAR,brms,889
