missingprop_autocor,parameter,mean,sd,2.5%,50%,97.5%,missingness,type,run_no
y_noMiss,b_Intercept,1.238964034151933,0.09015009698393779,1.0596929914624877,1.2386164912013147,1.4171573614903383,MNAR,brms,88
y_noMiss,b_light,0.5882630399404853,0.061630886529303396,0.4662139685542569,0.5879171065205806,0.7098088218348567,MNAR,brms,88
y_noMiss,b_discharge,0.42491675051343475,0.059005904197892804,0.310252664712741,0.4248622125991137,0.5412905737673671,MNAR,brms,88
y_noMiss,phi,0.31698012801068437,0.05537613444284418,0.20674543320432903,0.3165818420403014,0.42689701244359757,MNAR,brms,88
y_noMiss,sigma,1.0724977919753376,0.045976692455732264,0.9862618913977602,1.0709759294198005,1.1669423811737831,MNAR,brms,88
y_noMiss,Intercept,1.2667577933632548,0.09008491673704144,1.087599038430104,1.2660837271029157,1.445603198237534,MNAR,brms,88
