missingprop_autocor,parameter,mean,sd,2.5%,50%,97.5%,missingness,type,run_no
y_noMiss,b_Intercept,-1.8004268305157065,0.2637595796571825,-2.32078665440535,-1.7959842711976228,-1.2962563514666114,MNAR,brms,890
y_noMiss,b_light,-1.077886381605547,0.04825597388802726,-1.17293746466053,-1.0776528799973462,-0.9818653486240888,MNAR,brms,890
y_noMiss,b_discharge,1.2246261790689135,0.04508050724242336,1.1357061689565782,1.224736740378892,1.3132772190881392,MNAR,brms,890
y_noMiss,phi,0.7768978814796567,0.038510143486486334,0.701973819832471,0.7768355879372009,0.8548926860310366,MNAR,brms,890
y_noMiss,sigma,0.9909631999269594,0.04171415653527765,0.9132562928849112,0.9886904434311952,1.0780650124943596,MNAR,brms,890
y_noMiss,Intercept,-1.8224438705340023,0.26377946007505354,-2.343061179342543,-1.8179733325432328,-1.318936405143787,MNAR,brms,890
