missingprop_autocor,parameter,mean,sd,2.5%,50%,97.5%,missingness,type,run_no
y_noMiss,b_Intercept,0.03224692717667266,0.05954291320939328,-0.08462507030935312,0.03242160721520383,0.14847565370420865,MNAR,brms,891
y_noMiss,b_light,-1.1051405037653736,0.0565313464627628,-1.2151626621666827,-1.1048597580016561,-0.9933007188966981,MNAR,brms,891
y_noMiss,b_discharge,1.4803006683434732,0.0575382182170144,1.366633325203392,1.4800479950396968,1.5929905261146475,MNAR,brms,891
y_noMiss,phi,0.053999292128889674,0.05841752179591384,-0.06067890919284629,0.05396611340252848,0.16666872579657702,MNAR,brms,891
y_noMiss,sigma,0.9676030001575336,0.040481911580538,0.8915552483431481,0.9664849547915062,1.05103236948255,MNAR,brms,891
y_noMiss,Intercept,0.03561817733176534,0.05951405988420722,-0.08092008937197315,0.03565080912524383,0.151844089805926,MNAR,brms,891
