missingprop_autocor,parameter,mean,sd,2.5%,50%,97.5%,missingness,type,run_no
y_noMiss,b_Intercept,0.30297009258463187,0.09808642264984317,0.1110234809065585,0.30298905412636074,0.4958774010108519,MNAR,brms,892
y_noMiss,b_light,-1.0961453373089276,0.052757033546654356,-1.198490692150021,-1.0960028287653085,-0.9936891948279644,MNAR,brms,892
y_noMiss,b_discharge,0.07315814760643548,0.05998005518422212,-0.04779269856149873,0.07367708187595517,0.19022962593176723,MNAR,brms,892
y_noMiss,phi,0.391721984078159,0.05652140001178033,0.28306830675698724,0.3916439682174624,0.5013626553373824,MNAR,brms,892
y_noMiss,sigma,1.0078863268202374,0.04258123623822798,0.9275568116047288,1.0068707748591876,1.0954481024850753,MNAR,brms,892
y_noMiss,Intercept,0.4798430862389723,0.09758877390515143,0.28870647328655447,0.47952158659831856,0.6731469151370498,MNAR,brms,892
