missingprop_autocor,parameter,mean,sd,2.5%,50%,97.5%,missingness,type,run_no
y_noMiss,b_Intercept,-0.2605332631514197,0.14405872168499667,-0.5381844358076582,-0.26099442335547257,0.024063325451543334,MNAR,brms,893
y_noMiss,b_light,1.1453176583130522,0.05531646526457463,1.0390986721055613,1.1453083479673802,1.2536789573000209,MNAR,brms,893
y_noMiss,b_discharge,-0.7938121574978784,0.05370376173314587,-0.8975736927840777,-0.794489387516951,-0.6899294193047164,MNAR,brms,893
y_noMiss,phi,0.5632623865041031,0.04947419095821981,0.4670641288061484,0.5635135995002243,0.6596233405959097,MNAR,brms,893
y_noMiss,sigma,1.0752470063006494,0.04469222037687613,0.9913634268533928,1.0734382378579217,1.166583973721901,MNAR,brms,893
y_noMiss,Intercept,-0.36075716870205415,0.14395969805129458,-0.6382800095317643,-0.36131307928533074,-0.07705253379315846,MNAR,brms,893
