missingprop_autocor,parameter,mean,sd,2.5%,50%,97.5%,missingness,type,run_no
y_noMiss,b_Intercept,-1.0950584979939946,0.05906943028997645,-1.2112939145186992,-1.0937608920310953,-0.979321415341893,MNAR,brms,894
y_noMiss,b_light,-1.176807369637689,0.05736740103086959,-1.2888931805612347,-1.1763311026573795,-1.064096254632953,MNAR,brms,894
y_noMiss,b_discharge,0.730392589593291,0.05556101116124418,0.6209292650261332,0.7307394991338121,0.8414503131700592,MNAR,brms,894
y_noMiss,phi,0.028564278106634953,0.05973130858129295,-0.08874457809091663,0.028375790890293642,0.1443531470029501,MNAR,brms,894
y_noMiss,sigma,0.9723980963125873,0.04058821818950306,0.8964546329267186,0.9705072084590375,1.05685876530944,MNAR,brms,894
y_noMiss,Intercept,-1.2147015882360659,0.05883010944076617,-1.332671551655157,-1.213204045327804,-1.1008102275975955,MNAR,brms,894
