missingprop_autocor,parameter,mean,sd,2.5%,50%,97.5%,missingness,type,run_no
y_noMiss,b_Intercept,-1.2233159995595297,0.06519361144167973,-1.3521641124403978,-1.2232712647803181,-1.0956019926527003,MNAR,brms,895
y_noMiss,b_light,1.0095021591099045,0.060030714498154954,0.8911348862705587,1.0095064854553937,1.1256164277297658,MNAR,brms,895
y_noMiss,b_discharge,-0.9647162406829414,0.05925962869530661,-1.0832972701295938,-0.964437654151784,-0.8508968427046323,MNAR,brms,895
y_noMiss,phi,0.1030074416770254,0.06024100663617257,-0.015259635232586019,0.10284299714847872,0.2206366894365107,MNAR,brms,895
y_noMiss,sigma,0.985150186713082,0.0422170406788718,0.9076338216499743,0.9836181691447884,1.0711315483065786,MNAR,brms,895
y_noMiss,Intercept,-1.2303077771763542,0.06508488416529791,-1.3586587892107347,-1.2300568085722472,-1.1029258318795387,MNAR,brms,895
