missingprop_autocor,parameter,mean,sd,2.5%,50%,97.5%,missingness,type,run_no
y_noMiss,b_Intercept,-1.0771389438865049,0.0554302305322773,-1.1830585703791112,-1.0779307754142202,-0.9673948717524816,MNAR,brms,896
y_noMiss,b_light,-0.2929579766483287,0.05673387929603376,-0.4054209264657438,-0.29340564128611896,-0.1816366982250885,MNAR,brms,896
y_noMiss,b_discharge,0.5357316128580308,0.05235389991713864,0.4319323773224449,0.5364288537592851,0.639800956799683,MNAR,brms,896
y_noMiss,phi,-0.03658151287998116,0.05826404966852843,-0.15154565526688513,-0.0368859094645408,0.0772190300999487,MNAR,brms,896
y_noMiss,sigma,0.9652729100963284,0.04025909735077805,0.890203331283517,0.9645399111062842,1.0482727535762613,MNAR,brms,896
y_noMiss,Intercept,-1.0719774123666965,0.055184107354332074,-1.178154801783835,-1.0728960470753979,-0.9620456734061307,MNAR,brms,896
