missingprop_autocor,parameter,mean,sd,2.5%,50%,97.5%,missingness,type,run_no
y_noMiss,b_Intercept,0.8438866808814667,0.058170825531915174,0.7307413795479677,0.8445032852231411,0.954849340023244,MNAR,brms,897
y_noMiss,b_light,0.32454916913368387,0.06254886234795963,0.20148796923466245,0.32445474160866394,0.4463214575755152,MNAR,brms,897
y_noMiss,b_discharge,0.46906997231947273,0.05841163284681317,0.3553153305166776,0.46873601858728986,0.5844225316004197,MNAR,brms,897
y_noMiss,phi,-0.03408707567931344,0.05808074159303083,-0.1467411543222074,-0.035137839937982515,0.08480641782974394,MNAR,brms,897
y_noMiss,sigma,1.0221024619687502,0.042708202594906854,0.9429368025456983,1.0202369505252356,1.1113133553407928,MNAR,brms,897
y_noMiss,Intercept,0.8306889711919019,0.05811404468293038,0.7179760973092324,0.8315732013837763,0.9415320199696829,MNAR,brms,897
