missingprop_autocor,parameter,mean,sd,2.5%,50%,97.5%,missingness,type,run_no
y_noMiss,b_Intercept,-0.1049839031293255,0.12768007388181188,-0.35473927644061415,-0.10492755838944039,0.1466596204035197,MNAR,brms,898
y_noMiss,b_light,-0.6236828800521602,0.04842753151338049,-0.7196783464623902,-0.6233960695166836,-0.5283032101599369,MNAR,brms,898
y_noMiss,b_discharge,-0.637891362515364,0.04838402945117333,-0.7333467074022211,-0.6384849547774303,-0.5426117449674925,MNAR,brms,898
y_noMiss,phi,0.5697453815801184,0.04928147625963708,0.47486173560361133,0.5692062216692555,0.6684826661990189,MNAR,brms,898
y_noMiss,sigma,0.9288322993648811,0.03928111838940425,0.8550050877811076,0.927237940839849,1.010215673893153,MNAR,brms,898
y_noMiss,Intercept,-0.03941745374886086,0.12761105044673104,-0.2883522754935598,-0.04009218476802882,0.21070635092906673,MNAR,brms,898
