missingprop_autocor,parameter,mean,sd,2.5%,50%,97.5%,missingness,type,run_no
y_noMiss,b_Intercept,-0.09301353741766988,0.0886023855853999,-0.2667344629568557,-0.09287301003333968,0.08246567963160222,MNAR,brms,899
y_noMiss,b_light,0.1729943089315308,0.050335950257497895,0.07416397076268609,0.17305472892134804,0.2711322765883607,MNAR,brms,899
y_noMiss,b_discharge,0.6511818708879273,0.05359673279812042,0.5467310573660688,0.6512518406994723,0.7562367191086107,MNAR,brms,899
y_noMiss,phi,0.37349469729068263,0.05637237865626909,0.26270868407667547,0.37300727415436147,0.48260308295114046,MNAR,brms,899
y_noMiss,sigma,0.9448044814098232,0.040092741781684434,0.8710722815263824,0.9429879707498259,1.0263428147638638,MNAR,brms,899
y_noMiss,Intercept,-0.06418557586824158,0.08847910592254744,-0.23693441244543198,-0.06450073814801006,0.10940378606474037,MNAR,brms,899
