missingprop_autocor,parameter,mean,sd,2.5%,50%,97.5%,missingness,type,run_no
y_noMiss,b_Intercept,-1.2438012575208313,0.12488464755854539,-1.4881332928893323,-1.2440491536860252,-0.9999142548477288,MNAR,brms,89
y_noMiss,b_light,-0.4528795887824146,0.0524401393764009,-0.556259307282743,-0.452440615205732,-0.34945888305467143,MNAR,brms,89
y_noMiss,b_discharge,1.11740724186556,0.05552860240718066,1.0081393766619962,1.1174253260878557,1.2254869182203858,MNAR,brms,89
y_noMiss,phi,0.502835851224483,0.051735993562161096,0.4022149925409671,0.5024565162069418,0.6055106670780054,MNAR,brms,89
y_noMiss,sigma,1.0393509331776505,0.04398017546616159,0.956860479363713,1.0380048610641137,1.1285707610784084,MNAR,brms,89
y_noMiss,Intercept,-1.276326469180682,0.1247589657851149,-1.5191854792848156,-1.2768328723822697,-1.0328410072651923,MNAR,brms,89
