missingprop_autocor,parameter,mean,sd,2.5%,50%,97.5%,missingness,type,run_no
y_noMiss,b_Intercept,1.1336118913816369,0.06724984979340878,1.0023733420785106,1.1334560824731097,1.2667598225658088,MNAR,brms,8
y_noMiss,b_light,0.37312141261132636,0.05972975108542659,0.2553635721564521,0.37441466894202047,0.4875939030959878,MNAR,brms,8
y_noMiss,b_discharge,-1.879429561099332,0.06311878402596073,-2.0001540279384744,-1.8799933428062976,-1.757690071067752,MNAR,brms,8
y_noMiss,phi,0.09450388395390609,0.0595778563459549,-0.02433941411280452,0.09416116686346607,0.21341139506440618,MNAR,brms,8
y_noMiss,sigma,1.0101430509698817,0.04238292733024795,0.9313789775085813,1.0084809474422167,1.0987482711478775,MNAR,brms,8
y_noMiss,Intercept,0.8950508634239867,0.06627177506461532,0.7660304611177206,0.8949143438533771,1.0264464919772518,MNAR,brms,8
