missingprop_autocor,parameter,mean,sd,2.5%,50%,97.5%,missingness,type,run_no
y_noMiss,b_Intercept,-0.26980078821470266,0.056068381576200865,-0.3776823526630624,-0.2691211815609502,-0.16022082142206256,MNAR,brms,900
y_noMiss,b_light,0.027568000252733996,0.05954757848623022,-0.09015266025094702,0.027529604688285494,0.14400933703788532,MNAR,brms,900
y_noMiss,b_discharge,-0.4014396089096458,0.05801650946736263,-0.5157013980862724,-0.4021036841133454,-0.28794346843913105,MNAR,brms,900
y_noMiss,phi,0.002940606756410963,0.05909129382563259,-0.11333043253257573,0.0037424686994264496,0.11897135197285366,MNAR,brms,900
y_noMiss,sigma,0.9541781928282407,0.03948765063423866,0.8801018267040788,0.9531021379186415,1.0376280455802602,MNAR,brms,900
y_noMiss,Intercept,-0.30653423180360606,0.05603629733575351,-0.4140335439462918,-0.3062788909526732,-0.19671296928140614,MNAR,brms,900
