missingprop_autocor,parameter,mean,sd,2.5%,50%,97.5%,missingness,type,run_no
y_noMiss,b_Intercept,0.2771045240112841,0.07221497752645102,0.13551613242517918,0.2763023038306707,0.4201483900394493,MNAR,brms,901
y_noMiss,b_light,0.3001881016987919,0.06050770603197169,0.1829404291810686,0.3001903251660088,0.41965875860357504,MNAR,brms,901
y_noMiss,b_discharge,0.015311653428207596,0.06048581992518865,-0.10210358356351189,0.015532521249761804,0.13250442228890125,MNAR,brms,901
y_noMiss,phi,0.12760110878298636,0.059414899239501495,0.009138506467894682,0.12812678492963847,0.24335858597064877,MNAR,brms,901
y_noMiss,sigma,1.0522583977467832,0.04448725202299866,0.9696045171930965,1.0507479975956144,1.1414111797367321,MNAR,brms,901
y_noMiss,Intercept,0.292546758610107,0.07173303288099184,0.15066982133882056,0.29241510193129383,0.43421608302114445,MNAR,brms,901
