missingprop_autocor,parameter,mean,sd,2.5%,50%,97.5%,missingness,type,run_no
y_noMiss,b_Intercept,-0.3106380536504681,0.12156066673967894,-0.5455127373418992,-0.3119595737921723,-0.07545363668746528,MNAR,brms,902
y_noMiss,b_light,0.5074898322194523,0.053682832758491464,0.4030695309049915,0.5075110209561007,0.6105412832635082,MNAR,brms,902
y_noMiss,b_discharge,-2.1020184167215965,0.051875437269349074,-2.2033944037766737,-2.1022364721426463,-2.000405755368059,MNAR,brms,902
y_noMiss,phi,0.4904454644867966,0.05259404433302056,0.38871765060127644,0.49044036998681323,0.5958950624472861,MNAR,brms,902
y_noMiss,sigma,1.0498803844702438,0.04411304254804635,0.9676252993085054,1.0482663645908477,1.14221745184045,MNAR,brms,902
y_noMiss,Intercept,-0.19707458744344633,0.12146506852819222,-0.4319102496242562,-0.19829360117762723,0.03749384298804496,MNAR,brms,902
