missingprop_autocor,parameter,mean,sd,2.5%,50%,97.5%,missingness,type,run_no
y_noMiss,b_Intercept,-1.3886817180098916,0.1450024726856927,-1.669981656125365,-1.391822500305868,-1.0948526470020097,MNAR,brms,903
y_noMiss,b_light,-1.0266782008603224,0.055950922543294826,-1.1365810805114713,-1.0259186848884951,-0.9197997883008052,MNAR,brms,903
y_noMiss,b_discharge,0.1771507591561648,0.055172420498572294,0.06851385519755245,0.17731845382004616,0.28507368264549104,MNAR,brms,903
y_noMiss,phi,0.5642682709742427,0.04923489415212743,0.46823169403430603,0.5639730720216627,0.662375588464444,MNAR,brms,903
y_noMiss,sigma,1.0521223781215712,0.0438308982340215,0.9689587674658036,1.0510745298666917,1.1424392193370352,MNAR,brms,903
y_noMiss,Intercept,-1.5273121122705124,0.14478044166933757,-1.8084073783285648,-1.5298625162897532,-1.2363508101685012,MNAR,brms,903
