missingprop_autocor,parameter,mean,sd,2.5%,50%,97.5%,missingness,type,run_no
y_noMiss,b_Intercept,-0.30013613632152664,0.09661657302098665,-0.48889295879092703,-0.30163422556767006,-0.10845304987795194,MNAR,brms,904
y_noMiss,b_light,0.7150205877245458,0.04956562508504829,0.6191246686461633,0.715272316460414,0.8123939034077711,MNAR,brms,904
y_noMiss,b_discharge,-0.1542795442580138,0.05434071067123176,-0.26071948544416584,-0.15462130983728772,-0.04755278538767163,MNAR,brms,904
y_noMiss,phi,0.3988510575862219,0.05535352355688319,0.28935895610072304,0.3994734090047546,0.506232387922564,MNAR,brms,904
y_noMiss,sigma,0.9685759324996519,0.040766207643575136,0.8939053885554001,0.9668728516999052,1.0524737197009237,MNAR,brms,904
y_noMiss,Intercept,-0.29672282663681276,0.09661143346351209,-0.48565561887368713,-0.2983194411465667,-0.10493162820207445,MNAR,brms,904
