missingprop_autocor,parameter,mean,sd,2.5%,50%,97.5%,missingness,type,run_no
y_noMiss,b_Intercept,-1.1566483156843363,0.07557335444453576,-1.3075067706895191,-1.1573622325997488,-1.0056654069523026,MNAR,brms,905
y_noMiss,b_light,-0.5897151845168945,0.04702735667201118,-0.6808487630289919,-0.5899179685498308,-0.49832980728468834,MNAR,brms,905
y_noMiss,b_discharge,0.1027030335473523,0.05559954304472591,-0.005216035838774543,0.10250354641907294,0.21350686055077492,MNAR,brms,905
y_noMiss,phi,0.2693395614812329,0.05664961264447711,0.15653410077087154,0.26981794341736576,0.3797387386365487,MNAR,brms,905
y_noMiss,sigma,0.9328799159422676,0.03846689504017949,0.8605829952484396,0.9318536063736076,1.011187491600956,MNAR,brms,905
y_noMiss,Intercept,-1.1511209980596293,0.07556196832850395,-1.3017556548360227,-1.1517484495999,-1.000795273193257,MNAR,brms,905
