missingprop_autocor,parameter,mean,sd,2.5%,50%,97.5%,missingness,type,run_no
y_noMiss,b_Intercept,-0.11368995019503342,0.06743205316505155,-0.249252151881235,-0.1129530494583564,0.0180547981550601,MNAR,brms,906
y_noMiss,b_light,-0.8883414130055225,0.0534335846037247,-0.9927406213136172,-0.8886715457568352,-0.7824149102930125,MNAR,brms,906
y_noMiss,b_discharge,0.5992866555457205,0.055164885162064754,0.4912551919064705,0.5995396202464673,0.7064403346449283,MNAR,brms,906
y_noMiss,phi,0.1722262565471297,0.058623626582240004,0.056355608737881334,0.1720049864052631,0.2862831940690139,MNAR,brms,906
y_noMiss,sigma,0.9495719064668937,0.039921188831214906,0.8742412448080169,0.9481042720430208,1.0318756048514182,MNAR,brms,906
y_noMiss,Intercept,-0.16851801777047903,0.0672550350537965,-0.3042270733350424,-0.1680915320754089,-0.038121689321455536,MNAR,brms,906
