missingprop_autocor,parameter,mean,sd,2.5%,50%,97.5%,missingness,type,run_no
y_noMiss,b_Intercept,-0.15431699245161007,0.09082189579105071,-0.33053528146549566,-0.15556987303261377,0.024983882505843144,MNAR,brms,907
y_noMiss,b_light,-0.3976039327020916,0.057462396846988964,-0.5097596748834489,-0.3974541274563883,-0.2832361634083798,MNAR,brms,907
y_noMiss,b_discharge,-0.4490429660330459,0.05847647780253639,-0.5633322224208895,-0.4491725040072328,-0.33585538241580487,MNAR,brms,907
y_noMiss,phi,0.348631119716845,0.054443912620367275,0.24317186187098808,0.3485689921128998,0.4543389571812486,MNAR,brms,907
y_noMiss,sigma,1.0154952557973518,0.04227726024474239,0.9336553841882845,1.0142482089525535,1.1016098510020178,MNAR,brms,907
y_noMiss,Intercept,-0.1605506394919281,0.0908035947241064,-0.33628779313821805,-0.16178273667555143,0.01717957165870443,MNAR,brms,907
