missingprop_autocor,parameter,mean,sd,2.5%,50%,97.5%,missingness,type,run_no
y_noMiss,b_Intercept,0.16935860894711213,0.09156147584395491,-0.010536435978058839,0.16913551509704172,0.35110380472631064,MNAR,brms,908
y_noMiss,b_light,-0.02305536723892401,0.05908810978305161,-0.14023740587910458,-0.0230635801334914,0.09069579506820505,MNAR,brms,908
y_noMiss,b_discharge,-0.4103343055525342,0.056049980819732524,-0.5198979145834557,-0.4097358630715985,-0.3027951543352406,MNAR,brms,908
y_noMiss,phi,0.3501137153849395,0.057493712960042485,0.23624386708182232,0.35037080942238963,0.46233885977424094,MNAR,brms,908
y_noMiss,sigma,1.0098111351429537,0.04198164796046492,0.9311387192413512,1.0086020692145286,1.0952616035353004,MNAR,brms,908
y_noMiss,Intercept,0.1536637386935912,0.0914988346887715,-0.026339940174435385,0.15287109175612654,0.3346685724924268,MNAR,brms,908
