missingprop_autocor,parameter,mean,sd,2.5%,50%,97.5%,missingness,type,run_no
y_noMiss,b_Intercept,0.18958102225722576,0.07438052317216465,0.041379111414192975,0.19011107506400912,0.33534047390515587,MNAR,brms,909
y_noMiss,b_light,-1.2319915920143747,0.05899491524551608,-1.346126134983301,-1.2323170617216435,-1.1151761753503935,MNAR,brms,909
y_noMiss,b_discharge,-1.430188909278414,0.05180753160266071,-1.530005840272374,-1.4300581881730876,-1.3281796814618252,MNAR,brms,909
y_noMiss,phi,0.23226814163677062,0.05727947398308921,0.11824202196225919,0.2315981267725944,0.3442963736276589,MNAR,brms,909
y_noMiss,sigma,0.9468874890894765,0.039269319797308175,0.8730842783679627,0.9453744044841983,1.0283654003653657,MNAR,brms,909
y_noMiss,Intercept,0.297094069439984,0.07420246149297587,0.1480088578171874,0.29760191194131175,0.4424349521874029,MNAR,brms,909
