missingprop_autocor,parameter,mean,sd,2.5%,50%,97.5%,missingness,type,run_no
y_noMiss,b_Intercept,-0.6998080490353625,0.09070015867226447,-0.8785593156658413,-0.6997017691720808,-0.5236874509765355,MNAR,brms,90
y_noMiss,b_light,0.1986124770363047,0.06215058511829438,0.07746101690588435,0.19791925508645403,0.31788402430597074,MNAR,brms,90
y_noMiss,b_discharge,1.1192570100216528,0.061512613560876506,0.9995201345783158,1.1198094378408419,1.2399432600604867,MNAR,brms,90
y_noMiss,phi,0.28570662631926513,0.05503202306563883,0.17786194213646436,0.28520550443194415,0.3925950274574502,MNAR,brms,90
y_noMiss,sigma,1.0879463795813262,0.04541537499393461,1.0041369376404403,1.0867525672461036,1.1793907235303487,MNAR,brms,90
y_noMiss,Intercept,-0.7519516991699942,0.09066640545510872,-0.931834090416265,-0.7520738750457017,-0.5774214174393637,MNAR,brms,90
