missingprop_autocor,parameter,mean,sd,2.5%,50%,97.5%,missingness,type,run_no
y_noMiss,b_Intercept,1.3145575213371552,0.07872951433827649,1.1624790853309124,1.3134262964424521,1.4703371577556261,MNAR,brms,910
y_noMiss,b_light,1.7090127284606997,0.04957242036338656,1.6109414258958177,1.7088805208602627,1.8073028409536462,MNAR,brms,910
y_noMiss,b_discharge,-0.9726471821275502,0.05017226193087328,-1.0718684774618472,-0.9723168558784281,-0.8738293676137177,MNAR,brms,910
y_noMiss,phi,0.30568342756475636,0.056716512258892335,0.1963470206265284,0.3045528927847956,0.4183855186864645,MNAR,brms,910
y_noMiss,sigma,0.924465523646667,0.03900592887308132,0.8522819046006941,0.923626539045216,1.0039877609197125,MNAR,brms,910
y_noMiss,Intercept,1.375464051709272,0.07863125061026917,1.2242840469305787,1.3742490630687831,1.5313316584083563,MNAR,brms,910
