missingprop_autocor,parameter,mean,sd,2.5%,50%,97.5%,missingness,type,run_no
y_noMiss,b_Intercept,-0.9901713256471651,0.14007216684426532,-1.2704521406932499,-0.9882959262251609,-0.7162953062786939,MNAR,brms,911
y_noMiss,b_light,0.31111050501258986,0.06013175886004498,0.19370633775595125,0.3101244234445933,0.42832872114447995,MNAR,brms,911
y_noMiss,b_discharge,0.390947982850517,0.05691076811649404,0.2790251384692025,0.39149072170442417,0.502258426071331,MNAR,brms,911
y_noMiss,phi,0.543176723235623,0.05031849339168366,0.44469775377507803,0.5434579164484067,0.6411788632855397,MNAR,brms,911
y_noMiss,sigma,1.0719738257638798,0.044545401117378376,0.9876008880045078,1.0709473734990238,1.1628801220645784,MNAR,brms,911
y_noMiss,Intercept,-0.960115596964509,0.1402313132593596,-1.2430987755542833,-0.9584785135204954,-0.686965760399677,MNAR,brms,911
