missingprop_autocor,parameter,mean,sd,2.5%,50%,97.5%,missingness,type,run_no
y_noMiss,b_Intercept,-1.9556219125748058,0.07260845229821282,-2.0987090875713625,-1.9562399152239134,-1.8108318948873254,MNAR,brms,912
y_noMiss,b_light,0.39736381690961653,0.06109347567361752,0.2799245449599187,0.39668729056409524,0.5186975767636877,MNAR,brms,912
y_noMiss,b_discharge,-0.9440847311242919,0.06256737599912236,-1.0679275740577487,-0.9436656427457322,-0.8230629106634091,MNAR,brms,912
y_noMiss,phi,0.16431529832338504,0.05924276012015459,0.04485993147289129,0.16484426446636638,0.2795630187551407,MNAR,brms,912
y_noMiss,sigma,1.0235693945499584,0.04369005029970268,0.9431255592540171,1.0220302458764547,1.1151546383181268,MNAR,brms,912
y_noMiss,Intercept,-1.8925038081060035,0.07255308397696612,-2.035122331129198,-1.8931937097244145,-1.7478343166805168,MNAR,brms,912
