missingprop_autocor,parameter,mean,sd,2.5%,50%,97.5%,missingness,type,run_no
y_noMiss,b_Intercept,-0.3621497469919426,0.13282121979384037,-0.6220724205984592,-0.36188083958367256,-0.09730401988644172,MNAR,brms,913
y_noMiss,b_light,0.740312657691592,0.055858627977044474,0.6324112055311104,0.7400127495714902,0.851516404786802,MNAR,brms,913
y_noMiss,b_discharge,-0.9478128462166132,0.05300508810751276,-1.0509292689658563,-0.9470224287402532,-0.844740034205498,MNAR,brms,913
y_noMiss,phi,0.5466554442519697,0.05087950229983834,0.4482588873073924,0.5465621940777146,0.6480101863256545,MNAR,brms,913
y_noMiss,sigma,1.0189701701474168,0.04227180931699094,0.9405893392243693,1.0169496582577993,1.1056118162825552,MNAR,brms,913
y_noMiss,Intercept,-0.34772893478510464,0.1328241046845667,-0.6070232858829402,-0.3471304557421495,-0.0826584441430912,MNAR,brms,913
