missingprop_autocor,parameter,mean,sd,2.5%,50%,97.5%,missingness,type,run_no
y_noMiss,b_Intercept,0.4014044324101025,0.14792563738208195,0.11156378441596254,0.4017319724550204,0.6965220741360726,MNAR,brms,914
y_noMiss,b_light,-0.5363871943059998,0.05119095707143673,-0.6371071573416541,-0.5363263262449951,-0.4343849040284624,MNAR,brms,914
y_noMiss,b_discharge,-1.6373605630184997,0.05200297832821341,-1.7394667698412067,-1.6370244631827946,-1.5351324632129804,MNAR,brms,914
y_noMiss,phi,0.5956751924598742,0.048362067116890395,0.4979015112333198,0.5951643025116085,0.6913521187979275,MNAR,brms,914
y_noMiss,sigma,1.0218511565754071,0.0416183088273832,0.9438868875104247,1.0201259153810063,1.1085217831744316,MNAR,brms,914
y_noMiss,Intercept,0.4414649330262438,0.1478908503469134,0.15113948562336008,0.4415979287765599,0.7352002992310162,MNAR,brms,914
