missingprop_autocor,parameter,mean,sd,2.5%,50%,97.5%,missingness,type,run_no
y_noMiss,b_Intercept,-1.4519407974999867,0.16999230783498925,-1.7855002966490376,-1.452118741249739,-1.1118253469047457,MNAR,brms,915
y_noMiss,b_light,0.84183041040167494,0.054223698136102665,0.7344053900717887,0.8420746792934375,0.9484269045941489,MNAR,brms,915
y_noMiss,b_discharge,-0.4140727543458386,0.05154618317274573,-0.513955391326252,-0.41436445345831063,-0.31335480512496783,MNAR,brms,915
y_noMiss,phi,0.6308503199426727,0.04613919481918706,0.540604855174612,0.6303971036688526,0.7218731896483733,MNAR,brms,915
y_noMiss,sigma,1.0681689510590655,0.04376956267967387,0.9863595325518667,1.0671193893909012,1.1561552785201166,MNAR,brms,915
y_noMiss,Intercept,-1.4112852905430213,0.17008735395021635,-1.743305438528958,-1.4113361351856468,-1.0698486657723356,MNAR,brms,915
