missingprop_autocor,parameter,mean,sd,2.5%,50%,97.5%,missingness,type,run_no
y_noMiss,b_Intercept,0.3126483468785667,0.06393045960219876,0.18902996932334598,0.3126847558182734,0.44114089598975476,MNAR,brms,916
y_noMiss,b_light,-1.0376103478344436,0.060926892299085364,-1.1580962696964043,-1.0373794473494558,-0.9188448922781812,MNAR,brms,916
y_noMiss,b_discharge,-0.023628803034347293,0.05398877147688888,-0.12984580919076108,-0.023480824287246002,0.08222324175010669,MNAR,brms,916
y_noMiss,phi,0.08244666627322665,0.05938868525668956,-0.036292755908454086,0.08316054944643389,0.19845339087654137,MNAR,brms,916
y_noMiss,sigma,0.9874198324394153,0.04125978437296099,0.91104644776967,0.9858445578141946,1.0726412917130543,MNAR,brms,916
y_noMiss,Intercept,0.24957581682882915,0.06370070328353371,0.12482645827014174,0.24911512147951334,0.37714462111407443,MNAR,brms,916
