missingprop_autocor,parameter,mean,sd,2.5%,50%,97.5%,missingness,type,run_no
y_noMiss,b_Intercept,0.06704741081959534,0.1296193439141038,-0.18748670446810894,0.06626258625786931,0.32548444586742087,MNAR,brms,917
y_noMiss,b_light,-1.1820141090754803,0.05255489720430717,-1.2864534710236055,-1.1818800180848206,-1.077972730923223,MNAR,brms,917
y_noMiss,b_discharge,2.195999830383264,0.0563334817234811,2.086761062217912,2.1959556093515507,2.3071437220687407,MNAR,brms,917
y_noMiss,phi,0.5504696683314785,0.050323794251262516,0.4540605568926224,0.5497321048133091,0.6519474451304713,MNAR,brms,917
y_noMiss,sigma,0.9701977506518371,0.040832492304464625,0.8953472866072606,0.9690645644802979,1.0537582177770883,MNAR,brms,917
y_noMiss,Intercept,0.19619959112188357,0.12955232269937889,-0.0574404976724461,0.19580390719861046,0.4550169326346495,MNAR,brms,917
