missingprop_autocor,parameter,mean,sd,2.5%,50%,97.5%,missingness,type,run_no
y_noMiss,b_Intercept,-0.6569734707738832,0.07054478740197008,-0.7969064129102901,-0.6561612332684762,-0.5192865090392182,MNAR,brms,918
y_noMiss,b_light,0.7735789833084981,0.054343224108489525,0.6665412867042767,0.7738432703149861,0.8810892213137537,MNAR,brms,918
y_noMiss,b_discharge,-1.3188080345098232,0.04994656620318398,-1.418786204570496,-1.3187301345710134,-1.2191963070900624,MNAR,brms,918
y_noMiss,phi,0.20071952402467355,0.057712645783493124,0.0888272635200449,0.20031639725073408,0.31405831772594284,MNAR,brms,918
y_noMiss,sigma,0.9607454944901351,0.04046001310820855,0.8859098382542275,0.9593672676933451,1.044441016170885,MNAR,brms,918
y_noMiss,Intercept,-0.6809363052162524,0.07025673034777909,-0.8198008523179428,-0.6801179685769558,-0.5432282696164803,MNAR,brms,918
