missingprop_autocor,parameter,mean,sd,2.5%,50%,97.5%,missingness,type,run_no
y_noMiss,b_Intercept,0.616134519975861,0.10992655362939661,0.39706633052338774,0.616290004991014,0.8357532652713967,MNAR,brms,919
y_noMiss,b_light,2.738469890295631,0.059882306311871025,2.6211714185522674,2.738588059408545,2.85578313198011,MNAR,brms,919
y_noMiss,b_discharge,0.6189404854348561,0.0571125779501132,0.5079381327146022,0.618085647984661,0.7312579380115402,MNAR,brms,919
y_noMiss,phi,0.4594238571451435,0.052946985339489,0.35511791595935593,0.4599034755726153,0.5627706491870246,MNAR,brms,919
y_noMiss,sigma,1.0103101571654147,0.04194010853357585,0.9313328282380902,1.0094622484870928,1.0969375428476946,MNAR,brms,919
y_noMiss,Intercept,0.4281793697343962,0.10985812725067932,0.2084623877504179,0.42775904251552366,0.6467589387518083,MNAR,brms,919
