missingprop_autocor,parameter,mean,sd,2.5%,50%,97.5%,missingness,type,run_no
y_noMiss,b_Intercept,-0.6143561917520868,0.08763311696341956,-0.7855243086891285,-0.6144773206744327,-0.4422003510987316,MNAR,brms,91
y_noMiss,b_light,1.5543336100925504,0.05362251382261364,1.4491581156275928,1.5548683284795288,1.6605986199673837,MNAR,brms,91
y_noMiss,b_discharge,1.093716182884866,0.05210229246059661,0.9934255305719624,1.0936496522674766,1.1965009423422117,MNAR,brms,91
y_noMiss,phi,0.33539288819699403,0.0559208317630574,0.22604928970092944,0.33491780173257657,0.44723875768358223,MNAR,brms,91
y_noMiss,sigma,0.9675923919282922,0.04066084265473833,0.892803603601058,0.9663044084667176,1.0517598057380562,MNAR,brms,91
y_noMiss,Intercept,-0.5071609620651273,0.08750770905168975,-0.6784794613274574,-0.5076359599411534,-0.33591935031067316,MNAR,brms,91
