missingprop_autocor,parameter,mean,sd,2.5%,50%,97.5%,missingness,type,run_no
y_noMiss,b_Intercept,0.7809084339791307,0.06687808788546265,0.6460580374066949,0.7810457381262277,0.9094903004052647,MNAR,brms,920
y_noMiss,b_light,-1.0071994504781128,0.0558064779947347,-1.1161292069182485,-1.0071711613007848,-0.8968308632265706,MNAR,brms,920
y_noMiss,b_discharge,-0.7337837628127679,0.05869235194442073,-0.8477502922198695,-0.734127196192015,-0.6174187831561179,MNAR,brms,920
y_noMiss,phi,0.12475284180701636,0.05737540004576937,0.013345182251986972,0.12565901544586447,0.23649975965807288,MNAR,brms,920
y_noMiss,sigma,0.9721092256196906,0.04089053146022467,0.8957709951288596,0.9706674164453715,1.0557934859908926,MNAR,brms,920
y_noMiss,Intercept,0.7270922470397806,0.06668461865032722,0.5927038464477017,0.7271141692693861,0.854801693499956,MNAR,brms,920
