missingprop_autocor,parameter,mean,sd,2.5%,50%,97.5%,missingness,type,run_no
y_noMiss,b_Intercept,0.9555704719035868,0.1375697953031318,0.6801894564124407,0.9575326436344034,1.2234874240487523,MNAR,brms,921
y_noMiss,b_light,0.36753736686907734,0.05454154609499305,0.2614244971729324,0.367992855039639,0.4746841150595096,MNAR,brms,921
y_noMiss,b_discharge,-1.771811871108425,0.0569996585689553,-1.8828465753720451,-1.7718799075416078,-1.6609719838047428,MNAR,brms,921
y_noMiss,phi,0.5368112113105172,0.050339127595476714,0.4394913061054358,0.53715519577122,0.6364986356224707,MNAR,brms,921
y_noMiss,sigma,1.0766893526153998,0.04603535919092248,0.9910050227997687,1.075857412947597,1.170941638537858,MNAR,brms,921
y_noMiss,Intercept,0.9181039259551418,0.1375262831215405,0.6436692348228554,0.9198581589117433,1.1854414581278094,MNAR,brms,921
