missingprop_autocor,parameter,mean,sd,2.5%,50%,97.5%,missingness,type,run_no
y_noMiss,b_Intercept,-0.3826773563275017,0.08044071653274495,-0.5413404553835839,-0.38210038796187296,-0.2245053348579516,MNAR,brms,922
y_noMiss,b_light,-1.748639504769666,0.06208682745787711,-1.868337943295829,-1.7491090381642542,-1.6264959736258313,MNAR,brms,922
y_noMiss,b_discharge,-0.4399656788736755,0.059250895009455164,-0.5556116666583695,-0.4398047293195605,-0.3223216645843489,MNAR,brms,922
y_noMiss,phi,0.25743460974889837,0.05690470121593734,0.14419567799149693,0.2579095910934842,0.3669467235152289,MNAR,brms,922
y_noMiss,sigma,1.0229824250142607,0.04289627823914037,0.9446208973015161,1.0215026628179293,1.111076712702125,MNAR,brms,922
y_noMiss,Intercept,-0.5178055445754676,0.0803255840426774,-0.6768918347590559,-0.517154236552281,-0.3591439646892801,MNAR,brms,922
