missingprop_autocor,parameter,mean,sd,2.5%,50%,97.5%,missingness,type,run_no
y_noMiss,b_Intercept,0.11629551226423829,0.05574811991518944,0.006173991653890256,0.1157441236450386,0.22766334762449153,MNAR,brms,923
y_noMiss,b_light,-1.8381893458780505,0.049971394991345,-1.9390245551865393,-1.8382547654744266,-1.7394945444532717,MNAR,brms,923
y_noMiss,b_discharge,-0.827226494865982,0.05355872614845154,-0.9309238164928902,-0.8277715439516546,-0.722445137111993,MNAR,brms,923
y_noMiss,phi,0.02585683026242851,0.05953592304501714,-0.08986552105199141,0.025371699062288207,0.1452333626325535,MNAR,brms,923
y_noMiss,sigma,0.8968017783681489,0.037740667307102196,0.8274080230418142,0.8952589716688855,0.9739957241122884,MNAR,brms,923
y_noMiss,Intercept,-0.14058822396371426,0.05515316495332479,-0.24848491400605274,-0.14084119724068245,-0.030953680161292494,MNAR,brms,923
