missingprop_autocor,parameter,mean,sd,2.5%,50%,97.5%,missingness,type,run_no
y_noMiss,b_Intercept,0.2944301526916226,0.19846449369219354,-0.11463523586815397,0.2987668158562675,0.670047569099698,MNAR,brms,924
y_noMiss,b_light,0.8825009691396521,0.05367551612649261,0.7768908098645999,0.8823119215107375,0.9873026982497234,MNAR,brms,924
y_noMiss,b_discharge,-0.9940142159002594,0.051593284134359735,-1.0958495549455285,-0.9939791063774863,-0.8927860954740886,MNAR,brms,924
y_noMiss,phi,0.687003768299511,0.04471474774711586,0.601831850714788,0.6869136497597974,0.776532048280338,MNAR,brms,924
y_noMiss,sigma,1.0569859894912652,0.04330572127197649,0.9745486774877258,1.0556204388035046,1.1486264306620662,MNAR,brms,924
y_noMiss,Intercept,0.21980475148591222,0.19846624721641262,-0.1873410355380034,0.2248424333387355,0.5962925936078958,MNAR,brms,924
