missingprop_autocor,parameter,mean,sd,2.5%,50%,97.5%,missingness,type,run_no
y_noMiss,b_Intercept,2.0389420231525106,0.11553374063701738,1.8132384608408108,2.037999804854225,2.2658967316534246,MNAR,brms,925
y_noMiss,b_light,0.35205592387129975,0.06138775770597134,0.22995325734710234,0.3521826411598461,0.4714955447514728,MNAR,brms,925
y_noMiss,b_discharge,1.3885026968854681,0.05458745185015898,1.2818472490911357,1.3873588526751996,1.494332376122168,MNAR,brms,925
y_noMiss,phi,0.4551474362404607,0.05320419010550114,0.35146960126299676,0.4552679600828193,0.5604283586876884,MNAR,brms,925
y_noMiss,sigma,1.0473063591402942,0.04476477333825326,0.9638821898786203,1.0454232162070514,1.140759924519194,MNAR,brms,925
y_noMiss,Intercept,2.1536371965685164,0.11545421707565201,1.926583226049647,2.153058280069834,2.380437035023778,MNAR,brms,925
