missingprop_autocor,parameter,mean,sd,2.5%,50%,97.5%,missingness,type,run_no
y_noMiss,b_Intercept,-1.3742149209067422,0.08176379582521645,-1.5355780931967733,-1.3755934647012595,-1.2113362179423863,MNAR,brms,926
y_noMiss,b_light,0.10280625891257171,0.05735912875075888,-0.00993672264666414,0.10340050221032959,0.21403258742197115,MNAR,brms,926
y_noMiss,b_discharge,-0.15392803606687788,0.055956239753196094,-0.26381248069288626,-0.15362367731229487,-0.04533730780386649,MNAR,brms,926
y_noMiss,phi,0.2653790172619867,0.05781382297159693,0.15171998111084506,0.2652554048206316,0.3795564143102416,MNAR,brms,926
y_noMiss,sigma,1.0265298159359157,0.04247023353281367,0.9481558816876517,1.0242292116929232,1.1151718637197228,MNAR,brms,926
y_noMiss,Intercept,-1.3664849986703387,0.08154710146396928,-1.5284873793218259,-1.3677254424727798,-1.207001581993152,MNAR,brms,926
