missingprop_autocor,parameter,mean,sd,2.5%,50%,97.5%,missingness,type,run_no
y_noMiss,b_Intercept,-0.3521205827488726,0.1527562785871146,-0.6531203545812184,-0.35436987788481744,-0.046201064154745196,MNAR,brms,927
y_noMiss,b_light,-0.08738944802833747,0.057232067085226254,-0.19812283544595116,-0.08745713331918892,0.024808074964069483,MNAR,brms,927
y_noMiss,b_discharge,-0.5001601306244161,0.057738974772276436,-0.6118199014344048,-0.49982738347645533,-0.38646376958518713,MNAR,brms,927
y_noMiss,phi,0.5692791440161474,0.04993721698994688,0.47204774182348114,0.5696142032545236,0.6668473351447594,MNAR,brms,927
y_noMiss,sigma,1.1173262597985152,0.046560564162163275,1.0308110166768434,1.1159894516292985,1.2126799300798894,MNAR,brms,927
y_noMiss,Intercept,-0.30743377166786534,0.15277554906754945,-0.6098817583391838,-0.3100239084878329,-0.0018075218975590415,MNAR,brms,927
