missingprop_autocor,parameter,mean,sd,2.5%,50%,97.5%,missingness,type,run_no
y_noMiss,b_Intercept,-0.4312489903669265,0.09733532024370768,-0.6285987090805477,-0.4318516527020574,-0.24199578594242377,MNAR,brms,928
y_noMiss,b_light,0.2043124873670191,0.05382811064687274,0.10016532622157488,0.20408062900642104,0.31177069715768035,MNAR,brms,928
y_noMiss,b_discharge,1.5405287297159063,0.053936906424797114,1.433360884092303,1.540262314364481,1.6469787684425266,MNAR,brms,928
y_noMiss,phi,0.3831017974785061,0.05493701032444228,0.2764648878356278,0.3826980859158473,0.4887561091786083,MNAR,brms,928
y_noMiss,sigma,1.0191289162073134,0.043250568434686665,0.9395288511634952,1.0172728069278012,1.1073907348981775,MNAR,brms,928
y_noMiss,Intercept,-0.40576699264249066,0.0973744971774565,-0.6025796440811976,-0.40631631809918706,-0.21675989260201978,MNAR,brms,928
