missingprop_autocor,parameter,mean,sd,2.5%,50%,97.5%,missingness,type,run_no
y_noMiss,b_Intercept,0.9912354939615372,0.11157746475633551,0.7724645140496255,0.9918233898359211,1.216339244332195,MNAR,brms,929
y_noMiss,b_light,-0.1694334313107164,0.05559122628095828,-0.2767482089633282,-0.16956704359849203,-0.06167581202535618,MNAR,brms,929
y_noMiss,b_discharge,1.3931234618578412,0.05163617838212015,1.292580149840234,1.3936530521327,1.4935331930405054,MNAR,brms,929
y_noMiss,phi,0.45869724353227864,0.052904402679179986,0.35380917164500236,0.45867283111268553,0.5620490885967153,MNAR,brms,929
y_noMiss,sigma,0.9986447963372292,0.041846779424050046,0.921387443271192,0.99681916491655,1.0851345714073726,MNAR,brms,929
y_noMiss,Intercept,1.0412035075427377,0.11158089130494411,0.8227766957733267,1.041995301682897,1.2665666384821146,MNAR,brms,929
