missingprop_autocor,parameter,mean,sd,2.5%,50%,97.5%,missingness,type,run_no
y_noMiss,b_Intercept,-1.2059793355092825,0.2034223341679925,-1.6047012279268709,-1.2042948861092189,-0.796051339994808,MNAR,brms,92
y_noMiss,b_light,-0.8730977057823646,0.0478760032622182,-0.9679223011282534,-0.8737546108419901,-0.7782590538284805,MNAR,brms,92
y_noMiss,b_discharge,-0.26582029338046903,0.046429902716698335,-0.35639411817870226,-0.26597211527925224,-0.1751734444129798,MNAR,brms,92
y_noMiss,phi,0.7223248460027824,0.04104380586402295,0.642845587412058,0.722446950168919,0.8018187661625276,MNAR,brms,92
y_noMiss,sigma,0.9507004690311244,0.04003763965118954,0.8756714180980282,0.9497277201497067,1.033230029310962,MNAR,brms,92
y_noMiss,Intercept,-1.188905428959215,0.20339343100041918,-1.5882444615390694,-1.1870833578154658,-0.7801131836954308,MNAR,brms,92
