missingprop_autocor,parameter,mean,sd,2.5%,50%,97.5%,missingness,type,run_no
y_noMiss,b_Intercept,-1.3436088956414745,0.08150793502486763,-1.5034071046895092,-1.343005738122488,-1.1835762783176649,MNAR,brms,930
y_noMiss,b_light,0.611699813090426,0.050352363930894595,0.5110263515145999,0.6118696871678118,0.7108926238140568,MNAR,brms,930
y_noMiss,b_discharge,-1.2551817600428,0.04836284534000376,-1.3508388676203058,-1.2554854690158477,-1.1603903714442727,MNAR,brms,930
y_noMiss,phi,0.33799204408083433,0.05522746953509951,0.23213630231650345,0.3377160732498805,0.4458468233572872,MNAR,brms,930
y_noMiss,sigma,0.912698772511106,0.038034175191826704,0.8421111499777232,0.9112902001187169,0.9911449237753469,MNAR,brms,930
y_noMiss,Intercept,-1.2478178553012473,0.08132781009117615,-1.4070865316967007,-1.2474353598478434,-1.0862318908570316,MNAR,brms,930
