missingprop_autocor,parameter,mean,sd,2.5%,50%,97.5%,missingness,type,run_no
y_noMiss,b_Intercept,-0.15188136439433364,0.2523343575623863,-0.6675694090680764,-0.14378669774023403,0.33438686909765514,MNAR,brms,931
y_noMiss,b_light,1.4400915243843195,0.04711849244031334,1.348293304434865,1.4405299688207867,1.5308041535839392,MNAR,brms,931
y_noMiss,b_discharge,0.3229258718671583,0.04447890882393013,0.23712124082898323,0.32275758728004955,0.4125888496532122,MNAR,brms,931
y_noMiss,phi,0.7673459240816095,0.03859988463049541,0.6924301994427068,0.766964078792989,0.8450442372728989,MNAR,brms,931
y_noMiss,sigma,0.9785506174154969,0.04008571083275073,0.9031441000057483,0.9776210467306552,1.0612343146444556,MNAR,brms,931
y_noMiss,Intercept,-0.20522477361910835,0.2522729979271367,-0.7204757098477099,-0.19675122768008993,0.2820574291302267,MNAR,brms,931
