missingprop_autocor,parameter,mean,sd,2.5%,50%,97.5%,missingness,type,run_no
y_noMiss,b_Intercept,1.6858769197919117,0.07416578524914398,1.5387834404441285,1.686696995307473,1.8318562467546124,MNAR,brms,932
y_noMiss,b_light,1.0610183631592076,0.05888937158444572,0.9485060893523986,1.0605567673717338,1.1774490986285495,MNAR,brms,932
y_noMiss,b_discharge,-0.023742920097550354,0.058268978466920834,-0.13721907653909232,-0.023379809913201932,0.09087515086516781,MNAR,brms,932
y_noMiss,phi,0.21293256148533685,0.05842497788973002,0.09791881910750887,0.21289782378247224,0.3281566439721805,MNAR,brms,932
y_noMiss,sigma,0.9908289861596316,0.04154666038087175,0.912934741709458,0.9893822284021556,1.0764226719331293,MNAR,brms,932
y_noMiss,Intercept,1.740314864655321,0.07423957405577801,1.592165209847536,1.7408646638352825,1.8860529660820775,MNAR,brms,932
