missingprop_autocor,parameter,mean,sd,2.5%,50%,97.5%,missingness,type,run_no
y_noMiss,b_Intercept,0.23594506294126694,0.12902979973180678,-0.01897041560815939,0.23608137967018067,0.48826684708288803,MNAR,brms,933
y_noMiss,b_light,0.29400563349272557,0.05333627212352725,0.19080166769749382,0.29475822084610565,0.3976443664350168,MNAR,brms,933
y_noMiss,b_discharge,0.6259929375200263,0.05471504113751797,0.5203449149079363,0.625598036339206,0.7320387520650014,MNAR,brms,933
y_noMiss,phi,0.522836716515505,0.05196841753862982,0.41993502171297165,0.522875326660631,0.6231757007573323,MNAR,brms,933
y_noMiss,sigma,1.0319667669673487,0.04367037115022831,0.9510456652196325,1.0308266093234955,1.1207462593855502,MNAR,brms,933
y_noMiss,Intercept,0.2500477860462324,0.1290238437367486,-0.004054885907121064,0.25042286614862636,0.5028330641308387,MNAR,brms,933
