missingprop_autocor,parameter,mean,sd,2.5%,50%,97.5%,missingness,type,run_no
y_noMiss,b_Intercept,0.21960350938867523,0.0982846633852627,0.025766372414647933,0.21895953269594387,0.41058235346655647,MNAR,brms,934
y_noMiss,b_light,0.2932130843349554,0.053508529416249076,0.1873742098605397,0.29332216433706354,0.396856339141746,MNAR,brms,934
y_noMiss,b_discharge,-0.5253098023647891,0.052992935252335865,-0.6319180674471004,-0.5255160060811956,-0.4217700323194433,MNAR,brms,934
y_noMiss,phi,0.4161937316944004,0.05481692476610004,0.3091105460646753,0.4156327208461533,0.5222917357097726,MNAR,brms,934
y_noMiss,sigma,0.9759776101304065,0.04144920865105915,0.8985918836995803,0.9742419597212575,1.0606960718492793,MNAR,brms,934
y_noMiss,Intercept,0.23448511704246042,0.09817205990884091,0.04058333626689025,0.23404135341702326,0.42403826035783276,MNAR,brms,934
