missingprop_autocor,parameter,mean,sd,2.5%,50%,97.5%,missingness,type,run_no
y_noMiss,b_Intercept,0.615166152709018,0.19302950968327057,0.22849731939103213,0.6119658379169397,0.99241176894348615,MNAR,brms,935
y_noMiss,b_light,-0.052709416057200136,0.04529004413510568,-0.1411730909325524,-0.052626062575700565,0.03624254153548677,MNAR,brms,935
y_noMiss,b_discharge,-0.052470950765177396,0.04772489150741218,-0.1475835496866659,-0.05160030437762582,0.04062965898632866,MNAR,brms,935
y_noMiss,phi,0.7031190335701499,0.04317471486339513,0.6179167762908748,0.7030353153871353,0.789537122733993,MNAR,brms,935
y_noMiss,sigma,0.9693234307169566,0.040101712616921394,0.8953408590467682,0.9682762265853588,1.0520377159414844,MNAR,brms,935
y_noMiss,Intercept,0.6164131764560584,0.19298723149815067,0.22956304376441186,0.6134146503935287,0.9938309030576337,MNAR,brms,935
