missingprop_autocor,parameter,mean,sd,2.5%,50%,97.5%,missingness,type,run_no
y_noMiss,b_Intercept,0.4934687542009798,0.15390764531767875,0.18494844979697347,0.4954352055184651,0.7955641799530354,MNAR,brms,936
y_noMiss,b_light,-0.1765729581360245,0.0505868589479449,-0.2756661236345301,-0.17636744196001836,-0.07678788553824187,MNAR,brms,936
y_noMiss,b_discharge,-0.8054198345245466,0.049861604201490474,-0.9017813303596949,-0.8060212738245958,-0.7079014492414737,MNAR,brms,936
y_noMiss,phi,0.6280050127190822,0.04679257495840836,0.538908949695494,0.6275588831101679,0.7199118138491417,MNAR,brms,936
y_noMiss,sigma,0.9780532677351464,0.04091045906351732,0.9013992140463486,0.9768380018183276,1.0622804039879037,MNAR,brms,936
y_noMiss,Intercept,0.5207414546524917,0.15372939203002792,0.2114965238027749,0.5233695805464359,0.8232362580368399,MNAR,brms,936
