missingprop_autocor,parameter,mean,sd,2.5%,50%,97.5%,missingness,type,run_no
y_noMiss,b_Intercept,0.2736586677119654,0.10157465481411564,0.07108745186110688,0.27324257612697156,0.4698607674473717,MNAR,brms,937
y_noMiss,b_light,0.45584932143312906,0.06034652392790892,0.3375311749225045,0.45598533860410284,0.5735678021273205,MNAR,brms,937
y_noMiss,b_discharge,0.2932045816274207,0.05515552138616915,0.18465924932261915,0.2939099876433692,0.402496588221284,MNAR,brms,937
y_noMiss,phi,0.4104724364305985,0.054919553189389576,0.30298779492129146,0.4099823419404279,0.519025013740901,MNAR,brms,937
y_noMiss,sigma,1.0187338585754326,0.04260205129131378,0.9403357585711297,1.0174985410939592,1.1049746527296391,MNAR,brms,937
y_noMiss,Intercept,0.2307357403338273,0.10151425959924615,0.029099802457718933,0.23025293878435288,0.42934107086444423,MNAR,brms,937
