missingprop_autocor,parameter,mean,sd,2.5%,50%,97.5%,missingness,type,run_no
y_noMiss,b_Intercept,-0.8918084346324422,0.20572603444942847,-1.3148721557878076,-0.8888685016615101,-0.4912666697202964,MNAR,brms,938
y_noMiss,b_light,-0.2101427822383634,0.050150544401234814,-0.3092622504512357,-0.21027370946731871,-0.11325470543658014,MNAR,brms,938
y_noMiss,b_discharge,0.6163169432492744,0.056786379614012894,0.5069260347874986,0.6162848893922899,0.7277998519552105,MNAR,brms,938
y_noMiss,phi,0.6842063462357635,0.0434957791858955,0.5996882411065104,0.6839454251872561,0.7681356643468484,MNAR,brms,938
y_noMiss,sigma,1.0916928803432648,0.045198132915431316,1.0061590437645453,1.090413965569479,1.1841727413659242,MNAR,brms,938
y_noMiss,Intercept,-0.9242486704182786,0.20552076756921236,-1.347507521604933,-0.9217762170642716,-0.5238607713071952,MNAR,brms,938
