missingprop_autocor,parameter,mean,sd,2.5%,50%,97.5%,missingness,type,run_no
y_noMiss,b_Intercept,-0.05868091535444928,0.16841235202096744,-0.3900195571244365,-0.062353256068538254,0.27527300036578173,MNAR,brms,939
y_noMiss,b_light,-0.6711344114021357,0.05069309360768636,-0.7694187169044573,-0.6711947404936622,-0.5715332110503655,MNAR,brms,939
y_noMiss,b_discharge,-0.5949218446630619,0.05459950537650581,-0.7029858458746513,-0.5946944338225456,-0.4877276138021255,MNAR,brms,939
y_noMiss,phi,0.6414148895778412,0.04620351638289884,0.5525903501327124,0.6415059370445049,0.7314155566509516,MNAR,brms,939
y_noMiss,sigma,1.0211028042254258,0.043262145566531296,0.9400751709727678,1.0191953086497958,1.1104547389501727,MNAR,brms,939
y_noMiss,Intercept,-0.041617324984537823,0.16834380236776852,-0.371963160556466,-0.04501742381925501,0.29104349181076983,MNAR,brms,939
