missingprop_autocor,parameter,mean,sd,2.5%,50%,97.5%,missingness,type,run_no
y_noMiss,b_Intercept,-0.36763474626623066,0.18510981755279415,-0.73595848868463,-0.36655511458540524,-0.012419361925281893,MNAR,brms,93
y_noMiss,b_light,-2.1004047833815545,0.05161316127640551,-2.200001904542692,-2.100357417906009,-1.9993425826550617,MNAR,brms,93
y_noMiss,b_discharge,0.9778515736843069,0.049157290012157705,0.8819137975451051,0.9776696269179932,1.0749730027372313,MNAR,brms,93
y_noMiss,phi,0.66390238104591,0.04542612018838088,0.5742797244530957,0.6641108788170788,0.753621124878052,MNAR,brms,93
y_noMiss,sigma,1.0125215553795652,0.04272670381640993,0.9331669877379547,1.0110260527999522,1.1003056133771645,MNAR,brms,93
y_noMiss,Intercept,-0.5004345529014216,0.1850890889963516,-0.8679084987129451,-0.4988193187817305,-0.1464737538238105,MNAR,brms,93
