missingprop_autocor,parameter,mean,sd,2.5%,50%,97.5%,missingness,type,run_no
y_noMiss,b_Intercept,0.37246174299319545,0.09843781855710838,0.1740547093140559,0.37212218765982696,0.5640547226853541,MNAR,brms,940
y_noMiss,b_light,0.22373705029528948,0.059141766756328235,0.10626587373269103,0.22338315388455174,0.33824925267519995,MNAR,brms,940
y_noMiss,b_discharge,1.4116721398989849,0.06370501493273638,1.287475168233306,1.412436926469649,1.5355095152265374,MNAR,brms,940
y_noMiss,phi,0.3597060964819805,0.05567405387543979,0.25035006419687394,0.36009854932766344,0.46875678828959466,MNAR,brms,940
y_noMiss,sigma,1.0604850327127644,0.04493915111551665,0.9771861303735417,1.0587283218715953,1.1536807573577148,MNAR,brms,940
y_noMiss,Intercept,0.3102734944153979,0.0983328628566819,0.1120919844557502,0.3100547727133981,0.502452212084577,MNAR,brms,940
