missingprop_autocor,parameter,mean,sd,2.5%,50%,97.5%,missingness,type,run_no
y_noMiss,b_Intercept,1.6367355048643792,0.10997022860073435,1.4216473577019508,1.6373461222424668,1.8523599125423014,MNAR,brms,941
y_noMiss,b_light,-0.5280011051359598,0.05591077795793057,-0.6394717551440009,-0.5279246092154216,-0.4187438837751841,MNAR,brms,941
y_noMiss,b_discharge,-0.873993899636694,0.05112696428515114,-0.974125479511264,-0.8741020872127909,-0.7752506661464627,MNAR,brms,941
y_noMiss,phi,0.4547056414725448,0.05312693889451276,0.34970788653289525,0.4549355453430116,0.5594848958776688,MNAR,brms,941
y_noMiss,sigma,0.998026755391737,0.04111131176286414,0.9214993559530782,0.9964225167611613,1.0815193449265312,MNAR,brms,941
y_noMiss,Intercept,1.56001331090098,0.10994304690006004,1.3451044327628565,1.561108557075412,1.7756151957854271,MNAR,brms,941
