missingprop_autocor,parameter,mean,sd,2.5%,50%,97.5%,missingness,type,run_no
y_noMiss,b_Intercept,0.24981049267101302,0.17286748728245302,-0.07735156228037857,0.24692256430635057,0.5915626977834006,MNAR,brms,942
y_noMiss,b_light,-0.15611587125863635,0.04659150286709314,-0.24795819504470598,-0.1560914591369153,-0.0642863847168432,MNAR,brms,942
y_noMiss,b_discharge,0.93868505924868,0.0459014754097232,0.8494228441311933,0.9391961048276738,1.0276041946741796,MNAR,brms,942
y_noMiss,phi,0.6574010923229869,0.045885181650398614,0.5686499331219765,0.6573762019908755,0.7463105696635852,MNAR,brms,942
y_noMiss,sigma,0.9777769005002152,0.04088369020414925,0.9022092443211576,0.9768729952145357,1.0622273719511728,MNAR,brms,942
y_noMiss,Intercept,0.21950893126002793,0.17284159650099032,-0.10852814597144662,0.21718146534010713,0.5613368139802677,MNAR,brms,942
