missingprop_autocor,parameter,mean,sd,2.5%,50%,97.5%,missingness,type,run_no
y_noMiss,b_Intercept,-0.9464424531064983,0.10588259418069049,-1.1570970929482258,-0.9462516531036118,-0.7391108999142905,MNAR,brms,943
y_noMiss,b_light,0.00772658921837723,0.052227601115446866,-0.094634906726936,0.0073630284452674555,0.10824820813691069,MNAR,brms,943
y_noMiss,b_discharge,-1.1276751989263696,0.058955888112832186,-1.2435060455181306,-1.1275997759771834,-1.0135238778449036,MNAR,brms,943
y_noMiss,phi,0.4329665227059027,0.05426466345742957,0.32759799877517315,0.43300699911662116,0.5403708670637941,MNAR,brms,943
y_noMiss,sigma,1.0036324826710463,0.041482676630521846,0.9259837048520836,1.0027979360766635,1.0877588906553186,MNAR,brms,943
y_noMiss,Intercept,-0.9801146405606759,0.10577502464479505,-1.1911817341930058,-0.9801319965910188,-0.7724608923802442,MNAR,brms,943
