missingprop_autocor,parameter,mean,sd,2.5%,50%,97.5%,missingness,type,run_no
y_noMiss,b_Intercept,-0.21514890751320973,0.07530628354848186,-0.3612549129975628,-0.2150764700232519,-0.06816731009154971,MNAR,brms,944
y_noMiss,b_light,-0.5686032817653515,0.056710547832143535,-0.6776133076874125,-0.5686082875318923,-0.4591465532423792,MNAR,brms,944
y_noMiss,b_discharge,-0.6458376897011678,0.057771000379926704,-0.7584154482427558,-0.6462089137488916,-0.532834100019921,MNAR,brms,944
y_noMiss,phi,0.20106196219555997,0.058111294210798144,0.0891829993174771,0.20067039131565317,0.3156951191798876,MNAR,brms,944
y_noMiss,sigma,1.0114281198545636,0.04205479095782129,0.9336823892847385,1.010418802032965,1.0975586670832147,MNAR,brms,944
y_noMiss,Intercept,-0.3071727232723771,0.0749084671997606,-0.4531975989547527,-0.30682290856575917,-0.16063153536783387,MNAR,brms,944
