missingprop_autocor,parameter,mean,sd,2.5%,50%,97.5%,missingness,type,run_no
y_noMiss,b_Intercept,0.45036708953692767,0.12485585798652042,0.20689966680357988,0.4494993105554857,0.7002411181739806,MNAR,brms,945
y_noMiss,b_light,0.5804949995050306,0.05085880339660076,0.48211155546664464,0.5807572063534969,0.6793203193055329,MNAR,brms,945
y_noMiss,b_discharge,-0.7550780877661971,0.05042741033103387,-0.8536454506699744,-0.754683456689015,-0.6583138497011949,MNAR,brms,945
y_noMiss,phi,0.5447947137765922,0.04949731397534392,0.4484744411159688,0.5448435525225397,0.6412645840329145,MNAR,brms,945
y_noMiss,sigma,0.9687288706758285,0.040720660788111686,0.8943608734423671,0.9670709650976268,1.0524128761131255,MNAR,brms,945
y_noMiss,Intercept,0.3906855290049742,0.12481586625849501,0.14723828113468565,0.3893720943194175,0.6402414582559813,MNAR,brms,945
