missingprop_autocor,parameter,mean,sd,2.5%,50%,97.5%,missingness,type,run_no
y_noMiss,b_Intercept,-1.3078929351233026,0.06690725340923553,-1.4372745585044777,-1.308738630299822,-1.176262108248781,MNAR,brms,946
y_noMiss,b_light,0.5622671517673211,0.05459315513217625,0.4556777864463739,0.561966394760005,0.6702435575246338,MNAR,brms,946
y_noMiss,b_discharge,-0.21554711949532493,0.05498711995617993,-0.3236597790161508,-0.21563127289590617,-0.10839903403278567,MNAR,brms,946
y_noMiss,phi,0.14785601984728486,0.05757636426791951,0.03369259831385325,0.1479319891304235,0.26422152409833466,MNAR,brms,946
y_noMiss,sigma,0.9761087632954156,0.040366666966610405,0.9004015021280658,0.974791772891499,1.0589363597812766,MNAR,brms,946
y_noMiss,Intercept,-1.3019587810603126,0.066852067195437,-1.4304948073876442,-1.3029399434394162,-1.1694836474298302,MNAR,brms,946
