missingprop_autocor,parameter,mean,sd,2.5%,50%,97.5%,missingness,type,run_no
y_noMiss,b_Intercept,0.38615105375636927,0.08063485963617809,0.22855741774858115,0.3855249632180845,0.5471463821063371,MNAR,brms,947
y_noMiss,b_light,-0.03508706489080467,0.06032156830018085,-0.1556724380560766,-0.03476855943952013,0.08350942786305918,MNAR,brms,947
y_noMiss,b_discharge,0.5080781929392337,0.055858764786453824,0.397036333362626,0.5086591536210296,0.615210360595374,MNAR,brms,947
y_noMiss,phi,0.25641092345521704,0.057814580797038974,0.14059531589756133,0.25625419393326226,0.36955079358100457,MNAR,brms,947
y_noMiss,sigma,1.0069260691859871,0.04131186720134138,0.9302441421907646,1.0055648139062745,1.090978517344768,MNAR,brms,947
y_noMiss,Intercept,0.3370976305526362,0.07994360052566542,0.18145448662920888,0.3364254768426515,0.4976604023608824,MNAR,brms,947
