missingprop_autocor,parameter,mean,sd,2.5%,50%,97.5%,missingness,type,run_no
y_noMiss,b_Intercept,1.1706570488379366,0.05413423744808605,1.0664863977480314,1.1702515919461605,1.2771051774528133,MNAR,brms,948
y_noMiss,b_light,-0.48597221423064396,0.06171853913464363,-0.608496102903815,-0.4859100489829923,-0.36402136233689797,MNAR,brms,948
y_noMiss,b_discharge,0.2889676762873047,0.06105260427395902,0.1677258205336167,0.28914900749957734,0.40792408920505724,MNAR,brms,948
y_noMiss,phi,-0.07292548517235954,0.058914975284533114,-0.18834789611901342,-0.07231162522095129,0.0403461478941591,MNAR,brms,948
y_noMiss,sigma,0.9917979838538156,0.04207611251992272,0.9143810391531302,0.990315199897411,1.0776722528619296,MNAR,brms,948
y_noMiss,Intercept,1.2120697468094204,0.053621429667768776,1.1093700718250585,1.2119585169812996,1.317206649251298,MNAR,brms,948
