missingprop_autocor,parameter,mean,sd,2.5%,50%,97.5%,missingness,type,run_no
y_noMiss,b_Intercept,-1.0995595059757004,0.07507511415299221,-1.2463693258308162,-1.099008257341394,-0.9508919751360391,MNAR,brms,949
y_noMiss,b_light,-0.02284873821226688,0.05757783944620089,-0.13566174200792372,-0.02363067674530956,0.08871050501470772,MNAR,brms,949
y_noMiss,b_discharge,1.2779321903427183,0.06170744954347113,1.1583583738644958,1.277861848071602,1.3988377180880236,MNAR,brms,949
y_noMiss,phi,0.21563714870909043,0.057729541818941604,0.10395394084689488,0.21542887264641336,0.32894739687098756,MNAR,brms,949
y_noMiss,sigma,1.0115550162807552,0.04227663067471028,0.9328914349706465,1.010093058696617,1.0974470523635864,MNAR,brms,949
y_noMiss,Intercept,-1.1625458631533871,0.07501401674063392,-1.310221288456653,-1.161716234593133,-1.0132119038949032,MNAR,brms,949
