missingprop_autocor,parameter,mean,sd,2.5%,50%,97.5%,missingness,type,run_no
y_noMiss,b_Intercept,-0.14602181474690928,0.136391752393874,-0.41790341304691425,-0.14608533369934468,0.13166020980822984,MNAR,brms,94
y_noMiss,b_light,-0.3082514582118592,0.052386298131553675,-0.4113596643811815,-0.3084232830627539,-0.20671648706289106,MNAR,brms,94
y_noMiss,b_discharge,0.18960544678409066,0.052630678504522486,0.08677437393373627,0.18888774339144798,0.29209231360479015,MNAR,brms,94
y_noMiss,phi,0.5272137211918952,0.05027543836048499,0.42833024127151487,0.5267002852151081,0.6274280649732564,MNAR,brms,94
y_noMiss,sigma,1.0614395611951817,0.04427206353703019,0.9796640938782688,1.0598667246982347,1.1510132772659665,MNAR,brms,94
y_noMiss,Intercept,-0.16712906374057598,0.13641138571123215,-0.4401800143359237,-0.16731247218709216,0.11140047465383157,MNAR,brms,94
