missingprop_autocor,parameter,mean,sd,2.5%,50%,97.5%,missingness,type,run_no
y_noMiss,b_Intercept,-2.670892440847044,0.0609265016627305,-2.791025392837548,-2.6703908969839967,-2.5494212666929976,MNAR,brms,950
y_noMiss,b_light,-0.6975949403860559,0.06159254841953856,-0.8180566680087609,-0.6975945646591044,-0.5774658024941568,MNAR,brms,950
y_noMiss,b_discharge,0.07450097784572379,0.05907385343374892,-0.04275649408410911,0.07538860839169599,0.18976920519182064,MNAR,brms,950
y_noMiss,phi,-0.005011176246848345,0.05980917967228222,-0.12125390267698605,-0.005152299077665236,0.11245180492509632,MNAR,brms,950
y_noMiss,sigma,1.0664778437330333,0.04484581504464517,0.9829289477163213,1.0644446723431713,1.1598710004938397,MNAR,brms,950
y_noMiss,Intercept,-2.66259691362145,0.0607353967488044,-2.7816622700547726,-2.6618203032841254,-2.542021262249192,MNAR,brms,950
