missingprop_autocor,parameter,mean,sd,2.5%,50%,97.5%,missingness,type,run_no
y_noMiss,b_Intercept,0.30994386204142504,0.19018285756670797,-0.06101149527428742,0.30831309070779744,0.687380559346269,MNAR,brms,951
y_noMiss,b_light,0.7947145183846566,0.04431449322657727,0.7074143372194268,0.7940800186111499,0.882289252794985,MNAR,brms,951
y_noMiss,b_discharge,0.7104713873600714,0.04464291767120169,0.6232412766725267,0.7104930697448532,0.7979055671815595,MNAR,brms,951
y_noMiss,phi,0.7046955148431341,0.04207926922705665,0.6227687930689312,0.7038743399769268,0.7905888994647843,MNAR,brms,951
y_noMiss,sigma,0.9478326285738766,0.038967203615974916,0.8738992685255562,0.9469553543353787,1.0277570645558336,MNAR,brms,951
y_noMiss,Intercept,0.2710022208784814,0.19020483631802407,-0.09953307724145036,0.2693815935830004,0.6493336205294283,MNAR,brms,951
