missingprop_autocor,parameter,mean,sd,2.5%,50%,97.5%,missingness,type,run_no
y_noMiss,b_Intercept,-0.8077029433333889,0.0821825737271742,-0.967666826132554,-0.8080655741258886,-0.6478964504144121,MNAR,brms,952
y_noMiss,b_light,0.4249967004942637,0.058848742394283185,0.3113120398585982,0.4244823196370288,0.5392449943336808,MNAR,brms,952
y_noMiss,b_discharge,0.12784180601367387,0.05632990762378838,0.01769709872050905,0.12786275903884364,0.23787196964021545,MNAR,brms,952
y_noMiss,phi,0.27655035429404057,0.055862131897832935,0.16798178521157062,0.2765804414235661,0.38290089032167385,MNAR,brms,952
y_noMiss,sigma,1.0246141872036547,0.042976028440899434,0.9453163437373518,1.0229340898000396,1.113042648472265,MNAR,brms,952
y_noMiss,Intercept,-0.806661657029655,0.08218163769367763,-0.9665555048598558,-0.8070345562159654,-0.6464025916488766,MNAR,brms,952
