missingprop_autocor,parameter,mean,sd,2.5%,50%,97.5%,missingness,type,run_no
y_noMiss,b_Intercept,1.3127811446881894,0.07903763878508899,1.160027951514424,1.3127375678821411,1.4710296722401004,MNAR,brms,953
y_noMiss,b_light,0.5156072214279399,0.057029934824914676,0.4036811519626865,0.5146474517303343,0.6296830431289914,MNAR,brms,953
y_noMiss,b_discharge,-0.371498751875065,0.05920488906126651,-0.487837855190992,-0.3711254701766846,-0.2560947793826909,MNAR,brms,953
y_noMiss,phi,0.23650986837080445,0.05852162665882157,0.12130736545332585,0.23631976670419352,0.3514704832226091,MNAR,brms,953
y_noMiss,sigma,1.006744585729609,0.04208487081779678,0.9271173596942586,1.005591078389771,1.0933039410323695,MNAR,brms,953
y_noMiss,Intercept,1.2856817868166814,0.07877921832633498,1.133965622624156,1.2851034971801405,1.4418076161354554,MNAR,brms,953
