missingprop_autocor,parameter,mean,sd,2.5%,50%,97.5%,missingness,type,run_no
y_noMiss,b_Intercept,-0.5654861866624729,0.057922493301783055,-0.6766063921327949,-0.5663387353961824,-0.4486506807882598,MNAR,brms,954
y_noMiss,b_light,-0.8726044220182297,0.060230136152506594,-0.990183608414724,-0.8725326089360506,-0.7547117162076511,MNAR,brms,954
y_noMiss,b_discharge,0.1968786487790885,0.061521025857546686,0.07573383753132977,0.1963922363036787,0.31633644276176764,MNAR,brms,954
y_noMiss,phi,-0.019925621945055667,0.05943938757877361,-0.13606120008517028,-0.02002534066160287,0.09562167717424146,MNAR,brms,954
y_noMiss,sigma,1.0092429166794799,0.04221744231240182,0.930953115363276,1.0075817410456889,1.0970909336877672,MNAR,brms,954
y_noMiss,Intercept,-0.6002856335729306,0.057846726744434654,-0.7115011303812984,-0.6010363675558192,-0.4838405973476163,MNAR,brms,954
