missingprop_autocor,parameter,mean,sd,2.5%,50%,97.5%,missingness,type,run_no
y_noMiss,b_Intercept,0.7792563094024004,0.08344384440289193,0.6157334593441245,0.7788260007198188,0.9423277517604697,MNAR,brms,955
y_noMiss,b_light,-1.6809237200297384,0.05786777630304237,-1.7940737104705315,-1.68110925444019,-1.5695831592586922,MNAR,brms,955
y_noMiss,b_discharge,0.3173105583964296,0.06034631513607082,0.19871088289211317,0.31755221637107267,0.43389173525223224,MNAR,brms,955
y_noMiss,phi,0.2777403003759345,0.05691610674890098,0.16580953190210138,0.2781053320751327,0.38921827295522315,MNAR,brms,955
y_noMiss,sigma,1.0399546858407465,0.042966053797332635,0.9615755281095346,1.0381045352749818,1.1278574544110405,MNAR,brms,955
y_noMiss,Intercept,0.7864633605924137,0.08344362662802862,0.6227972020016825,0.7862192895523195,0.9494350984993494,MNAR,brms,955
