missingprop_autocor,parameter,mean,sd,2.5%,50%,97.5%,missingness,type,run_no
y_noMiss,b_Intercept,0.0628968361356791,0.17493404642476798,-0.2782334775712854,0.064646346155728,0.3961869321067934,MNAR,brms,956
y_noMiss,b_light,-0.26210526928371236,0.04549973925767602,-0.3506934256132002,-0.2625438716987185,-0.1735194154360503,MNAR,brms,956
y_noMiss,b_discharge,-0.6990835000710826,0.04784722777858052,-0.7938866435208827,-0.6993441613983448,-0.6038179984638804,MNAR,brms,956
y_noMiss,phi,0.686883108036562,0.04418527890358996,0.5995877413486553,0.6866439911575659,0.7739005217734088,MNAR,brms,956
y_noMiss,sigma,0.9279439903444212,0.038585269869019556,0.8575359992416739,0.9264292973385448,1.008128495533495,MNAR,brms,956
y_noMiss,Intercept,0.06039077883088504,0.17492274220479087,-0.2806602868280173,0.0623344810862079,0.39321836387393966,MNAR,brms,956
