missingprop_autocor,parameter,mean,sd,2.5%,50%,97.5%,missingness,type,run_no
y_noMiss,b_Intercept,0.8482269466548413,0.11823620069375912,0.6170665313373624,0.8480498536522226,1.0857300888573926,MNAR,brms,957
y_noMiss,b_light,1.4985327568351732,0.05240914829634335,1.3959741625471722,1.4989714176358162,1.6031501984628993,MNAR,brms,957
y_noMiss,b_discharge,-1.176899574198633,0.046743731024668306,-1.267231760941312,-1.1771807709727597,-1.0864596680155145,MNAR,brms,957
y_noMiss,phi,0.5299506797023457,0.05025233802130145,0.4302352103994599,0.5295110964088005,0.6287540051864868,MNAR,brms,957
y_noMiss,sigma,0.9513648727956593,0.040735732344131546,0.8748323191677914,0.949992281235533,1.0361396796370845,MNAR,brms,957
y_noMiss,Intercept,0.9796068369087945,0.11824391554139735,0.7507643537242816,0.9794107025394788,1.215832432431167,MNAR,brms,957
