missingprop_autocor,parameter,mean,sd,2.5%,50%,97.5%,missingness,type,run_no
y_noMiss,b_Intercept,-0.3695141702355826,0.11695173986217278,-0.6045483496980658,-0.37008790464998104,-0.14698128965273446,MNAR,brms,958
y_noMiss,b_light,0.42958861093305856,0.05413481319137821,0.32442756594484806,0.42913578460918,0.5378133385016749,MNAR,brms,958
y_noMiss,b_discharge,0.44564095122730263,0.0535491671162723,0.3404082114190138,0.44501070951829114,0.5515464031885552,MNAR,brms,958
y_noMiss,phi,0.45954901425011346,0.054347044097905986,0.35292495810174707,0.45891553580563826,0.5656234761027307,MNAR,brms,958
y_noMiss,sigma,1.0726503401281897,0.044714588165065766,0.9898977629045036,1.071212155292757,1.1638755216393413,MNAR,brms,958
y_noMiss,Intercept,-0.3260558988955775,0.11681173912592445,-0.5594505693842818,-0.32676052820946705,-0.1036380475376049,MNAR,brms,958
