missingprop_autocor,parameter,mean,sd,2.5%,50%,97.5%,missingness,type,run_no
y_noMiss,b_Intercept,0.27584912983039883,0.15169183832271127,-0.02373454866322498,0.27709285864676325,0.5707921197619146,MNAR,brms,959
y_noMiss,b_light,0.37795578978286654,0.05273662220645618,0.2736793421279221,0.3776066779029345,0.4804094660587516,MNAR,brms,959
y_noMiss,b_discharge,0.6238603321356698,0.049762833817840954,0.5270971313176652,0.6240231377895046,0.720458319070248,MNAR,brms,959
y_noMiss,phi,0.6239626077251021,0.04721222186205996,0.5308163299928355,0.6241873752992478,0.7165421126619274,MNAR,brms,959
y_noMiss,sigma,0.966692250750243,0.04078935217715012,0.8910589490983695,0.9655059710965164,1.049738598574223,MNAR,brms,959
y_noMiss,Intercept,0.24662583395648013,0.1516862158545514,-0.05262397995725792,0.24805293266929046,0.5418522119102684,MNAR,brms,959
