missingprop_autocor,parameter,mean,sd,2.5%,50%,97.5%,missingness,type,run_no
y_noMiss,b_Intercept,0.7465412367549062,0.2044884525815661,0.36370590899215843,0.7412457685285023,1.156302146301839,MNAR,brms,95
y_noMiss,b_light,-1.3429463186546893,0.04642424128708076,-1.434204605392873,-1.3428907116993671,-1.2514792650975317,MNAR,brms,95
y_noMiss,b_discharge,-1.6490558284153123,0.04721519393767867,-1.741972018220287,-1.6485414121599373,-1.5569287338135178,MNAR,brms,95
y_noMiss,phi,0.7121512797828607,0.04304728396284226,0.6282279728787439,0.7117821521940473,0.7981238759782857,MNAR,brms,95
y_noMiss,sigma,0.9842320488653102,0.04117811232645804,0.9075408067607506,0.9833911239398161,1.069458480253919,MNAR,brms,95
y_noMiss,Intercept,0.7490259732515426,0.20445584857617832,0.36662608796567714,0.7439940484499361,1.1585207700943463,MNAR,brms,95
