missingprop_autocor,parameter,mean,sd,2.5%,50%,97.5%,missingness,type,run_no
y_noMiss,b_Intercept,-0.7960413900498392,0.10320894205983132,-1.000512771439641,-0.7951669724074946,-0.5938355823996622,MNAR,brms,960
y_noMiss,b_light,0.5320751753523454,0.049542598458460436,0.4352849415327128,0.5325437284637011,0.6288919608974979,MNAR,brms,960
y_noMiss,b_discharge,0.0555399817384444,0.05434954146242474,-0.05128725039386162,0.05535732808500762,0.1616859912189515,MNAR,brms,960
y_noMiss,phi,0.4384387641797203,0.053297900443499496,0.33280154498051995,0.43921920092896316,0.5451991794854886,MNAR,brms,960
y_noMiss,sigma,0.9717034574084144,0.04123608732062473,0.8950615868760691,0.9698073769809207,1.0566919926111435,MNAR,brms,960
y_noMiss,Intercept,-0.8000254973323093,0.10319365304815817,-1.004478897129492,-0.7987472385901979,-0.5973381567719551,MNAR,brms,960
