missingprop_autocor,parameter,mean,sd,2.5%,50%,97.5%,missingness,type,run_no
y_noMiss,b_Intercept,-1.2672529677275337,0.16436210422855943,-1.5909562197701503,-1.2670188865311451,-0.9388937131391949,MNAR,brms,961
y_noMiss,b_light,1.3484937487506305,0.05346650027877779,1.2448746157865354,1.3487415042166928,1.453593942959769,MNAR,brms,961
y_noMiss,b_discharge,0.13853597517771654,0.05247081375185117,0.03601615775427513,0.1396195203840293,0.24213846683544832,MNAR,brms,961
y_noMiss,phi,0.6122798489044188,0.048406961933903765,0.5171030337894026,0.612155062020906,0.7050877847513427,MNAR,brms,961
y_noMiss,sigma,1.0909518528869073,0.04499225509907652,1.0055986686922012,1.0895993108314301,1.1836362682981663,MNAR,brms,961
y_noMiss,Intercept,-1.2702849139669357,0.1643460804699816,-1.5934954152114928,-1.2695847975272052,-0.9421454168355559,MNAR,brms,961
