missingprop_autocor,parameter,mean,sd,2.5%,50%,97.5%,missingness,type,run_no
y_noMiss,b_Intercept,-0.38711529564435887,0.07805900472652201,-0.5413582129639716,-0.386685767264119,-0.23420353730629245,MNAR,brms,962
y_noMiss,b_light,-0.4409355996724652,0.05480787638704287,-0.5486754589838658,-0.4402178817925523,-0.3331321566839558,MNAR,brms,962
y_noMiss,b_discharge,-0.19597067415405509,0.05458008680399108,-0.30363768486455206,-0.19627237459380426,-0.08685601367048261,MNAR,brms,962
y_noMiss,phi,0.2563713426510951,0.05781475028132962,0.1413863853693897,0.25723053148285435,0.3690358595433072,MNAR,brms,962
y_noMiss,sigma,0.9940014702669496,0.04178996692669112,0.9173723732379016,0.9926517276838704,1.078909288227926,MNAR,brms,962
y_noMiss,Intercept,-0.35841277269047817,0.07779744553771355,-0.5119013727336276,-0.3571958772307853,-0.20665276689199286,MNAR,brms,962
