missingprop_autocor,parameter,mean,sd,2.5%,50%,97.5%,missingness,type,run_no
y_noMiss,b_Intercept,-0.8666642342137699,0.21630118764747866,-1.285561700069805,-0.8689332789579602,-0.42381474363109334,MNAR,brms,963
y_noMiss,b_light,-2.268984842938415,0.051156666717764254,-2.3686868980306848,-2.269273291295118,-2.1682749688895404,MNAR,brms,963
y_noMiss,b_discharge,-0.606719047387424,0.04803157228166073,-0.7015713506228926,-0.6065746783074327,-0.511372701061187,MNAR,brms,963
y_noMiss,phi,0.7053566325693835,0.04244071079750413,0.6226381731209748,0.7057032420294739,0.7886630249366772,MNAR,brms,963
y_noMiss,sigma,1.0640241558419337,0.04483998467048902,0.981740044874796,1.0617162603658072,1.1554943542923126,MNAR,brms,963
y_noMiss,Intercept,-0.8165220014808009,0.21627225995468122,-1.2347828271514034,-0.8182556144952551,-0.37356319340824395,MNAR,brms,963
