missingprop_autocor,parameter,mean,sd,2.5%,50%,97.5%,missingness,type,run_no
y_noMiss,b_Intercept,-0.22867555396352415,0.13820356851458498,-0.4986545156371247,-0.22853883170609007,0.04444506272795428,MNAR,brms,964
y_noMiss,b_light,-0.06219957899381328,0.05584712132246117,-0.17173517067789718,-0.06218701614835974,0.04779191028834492,MNAR,brms,964
y_noMiss,b_discharge,-0.4857304011499309,0.055401041140821006,-0.5953609286581646,-0.48618316402853146,-0.3721832448173016,MNAR,brms,964
y_noMiss,phi,0.5447933113971962,0.05001395822922698,0.4464094311399112,0.544706147250547,0.6427453537309579,MNAR,brms,964
y_noMiss,sigma,1.0435379885316107,0.043300784378976866,0.9617883057626297,1.0423660179360021,1.1316031139210472,MNAR,brms,964
y_noMiss,Intercept,-0.20476732112277707,0.13816451322199844,-0.47467387530675015,-0.20430706385745004,0.06821788783357487,MNAR,brms,964
