missingprop_autocor,parameter,mean,sd,2.5%,50%,97.5%,missingness,type,run_no
y_noMiss,b_Intercept,-1.6403079889806869,0.06276640813407366,-1.7638883824136298,-1.6414725690509233,-1.5169168535948292,MNAR,brms,965
y_noMiss,b_light,0.30034053426998714,0.06184091103267454,0.17908364634321206,0.3005420355495567,0.4213271782854992,MNAR,brms,965
y_noMiss,b_discharge,-0.3587863982582096,0.06577302490451073,-0.4860066537436515,-0.3591781150873529,-0.23064400898206772,MNAR,brms,965
y_noMiss,phi,-0.015284924379211943,0.05943883860647103,-0.13057993413270186,-0.014267990824225078,0.09963754736031862,MNAR,brms,965
y_noMiss,sigma,1.0585287432247381,0.04441085270235432,0.9757739986775162,1.0565664253527585,1.15255345339698,MNAR,brms,965
y_noMiss,Intercept,-1.6482323370105847,0.06274168238346307,-1.7719283852954557,-1.6494277817036744,-1.525095757387094,MNAR,brms,965
