missingprop_autocor,parameter,mean,sd,2.5%,50%,97.5%,missingness,type,run_no
y_noMiss,b_Intercept,1.347636630707036,0.10221866701177801,1.1463248913673056,1.346993356286773,1.5504568160161711,MNAR,brms,966
y_noMiss,b_light,-0.2821525377537205,0.05792188608107465,-0.39721642605701574,-0.2820042401694032,-0.1667435485228368,MNAR,brms,966
y_noMiss,b_discharge,-0.1587086974533688,0.052403139464017416,-0.2598898516446802,-0.15876201947331625,-0.05505681488424039,MNAR,brms,966
y_noMiss,phi,0.42085408202718083,0.05374961084537079,0.3164140289068693,0.42143082324798675,0.5253780759065947,MNAR,brms,966
y_noMiss,sigma,1.0202659246706443,0.043160880500033576,0.941013287450901,1.0186563661570274,1.1096373518440963,MNAR,brms,966
y_noMiss,Intercept,1.3331600148463467,0.10214118356522056,1.1328795275405394,1.3322296012411,1.5349639554871488,MNAR,brms,966
