missingprop_autocor,parameter,mean,sd,2.5%,50%,97.5%,missingness,type,run_no
y_noMiss,b_Intercept,-0.5732349731596591,0.14800162960804583,-0.8647870654834713,-0.5746087932488773,-0.2800775825542859,MNAR,brms,967
y_noMiss,b_light,-2.0565482286727392,0.04441480484781428,-2.1442997440265286,-2.0567313694209544,-1.9682717219871666,MNAR,brms,967
y_noMiss,b_discharge,0.26301487067415436,0.04765610664953557,0.16801861880942187,0.26259083494944035,0.3581642147048358,MNAR,brms,967
y_noMiss,phi,0.62520223138896025,0.04736723652190701,0.532445037316965,0.625462666756087,0.7182782841775585,MNAR,brms,967
y_noMiss,sigma,0.9351245970666364,0.039269546861018814,0.8630790736905475,0.9340040667875915,1.017322971455334,MNAR,brms,967
y_noMiss,Intercept,-0.7058408080205161,0.14789654722505155,-0.9968075507723054,-0.707003082287188,-0.41284541372952993,MNAR,brms,967
