missingprop_autocor,parameter,mean,sd,2.5%,50%,97.5%,missingness,type,run_no
y_noMiss,b_Intercept,-0.48025576711646284,0.10654371482617936,-0.6876568235702829,-0.4802953745939977,-0.2667843694565625,MNAR,brms,968
y_noMiss,b_light,0.2549175174387938,0.053195007340789094,0.15105291454310396,0.2545383731235547,0.35818299999198,MNAR,brms,968
y_noMiss,b_discharge,-0.4361949589722563,0.05460317264259292,-0.5413828930612882,-0.43614805219361585,-0.33001016182027504,MNAR,brms,968
y_noMiss,phi,0.44231908522335955,0.05325773374084877,0.33707157337095806,0.4428735513142622,0.5471061491714297,MNAR,brms,968
y_noMiss,sigma,0.9986586039946753,0.04227358056803789,0.921616814810035,0.9971076592479243,1.082815246190374,MNAR,brms,968
y_noMiss,Intercept,-0.4880050121432404,0.10651075018065913,-0.6943190517265577,-0.48785482198973584,-0.27447736338386075,MNAR,brms,968
