missingprop_autocor,parameter,mean,sd,2.5%,50%,97.5%,missingness,type,run_no
y_noMiss,b_Intercept,0.9057852879058441,0.09317086107446824,0.7252141229545278,0.9054642820613455,1.0902341966719422,MNAR,brms,969
y_noMiss,b_light,-0.095703656001530385,0.053927542152710846,-0.20321450753280101,-0.09550795556505054,0.011871255229477995,MNAR,brms,969
y_noMiss,b_discharge,-1.1089475374052549,0.055711261631894,-1.2178204023160852,-1.1084769947369315,-1.0000477871535138,MNAR,brms,969
y_noMiss,phi,0.36606459907425676,0.05465036133358899,0.2596488396290887,0.36571860626381025,0.4719726181421031,MNAR,brms,969
y_noMiss,sigma,1.0024816735898403,0.042087825057186716,0.9237935756489831,1.000584070014135,1.088430041791949,MNAR,brms,969
y_noMiss,Intercept,0.913876627205903,0.09312127598522064,0.7337465241386296,0.9137583566256623,1.0987554035547449,MNAR,brms,969
