missingprop_autocor,parameter,mean,sd,2.5%,50%,97.5%,missingness,type,run_no
y_noMiss,b_Intercept,-0.11233264999071146,0.07764236697042244,-0.26409248415895276,-0.11127524325852388,0.03764284316045499,MNAR,brms,96
y_noMiss,b_light,0.5453600761428139,0.05599894407835202,0.43310084006201927,0.54650313382397675,0.6545070582246219,MNAR,brms,96
y_noMiss,b_discharge,0.21367991778288525,0.057000420076330355,0.10256020696345404,0.21367400585116675,0.3248184075071958,MNAR,brms,96
y_noMiss,phi,0.2422225267857565,0.058737539656648005,0.12714187473417377,0.24161345688482352,0.35650470258105493,MNAR,brms,96
y_noMiss,sigma,0.9919632443814874,0.0418469884453778,0.9141249689426059,0.9911762595374474,1.0774292151478655,MNAR,brms,96
y_noMiss,Intercept,-0.08315802781477136,0.07751430622170713,-0.2348534749331883,-0.08209794396778985,0.06862295282316447,MNAR,brms,96
