missingprop_autocor,parameter,mean,sd,2.5%,50%,97.5%,missingness,type,run_no
y_noMiss,b_Intercept,0.3515564742854892,0.10177818234522339,0.1547880214332846,0.3505500137441699,0.5537919345419166,MNAR,brms,970
y_noMiss,b_light,-0.1065736432837165,0.05195692771162111,-0.20606129079963004,-0.10643722073965663,-0.005391494683961841,MNAR,brms,970
y_noMiss,b_discharge,-1.0267006996052173,0.04878340042149702,-1.12128420235919,-1.0271855453176304,-0.9294367855262519,MNAR,brms,970
y_noMiss,phi,0.4252399343532542,0.054282346391997194,0.31870770496542067,0.4248762705353806,0.53269424324481085,MNAR,brms,970
y_noMiss,sigma,0.9861051815035777,0.041612530166291586,0.9102519826948541,0.9841449660027376,1.071481090137785,MNAR,brms,970
y_noMiss,Intercept,0.3207796124576328,0.10172379092121996,0.12430535755398912,0.31985219351354766,0.5219625129652212,MNAR,brms,970
