missingprop_autocor,parameter,mean,sd,2.5%,50%,97.5%,missingness,type,run_no
y_noMiss,b_Intercept,0.2778703970100704,0.07905994801441764,0.1213246356795743,0.2772404270990244,0.4342231565248122,MNAR,brms,971
y_noMiss,b_light,-0.7749690935678114,0.05694397285334091,-0.8856555012504497,-0.774653159155122,-0.6621663094953721,MNAR,brms,971
y_noMiss,b_discharge,0.04657189665856824,0.062117994542282076,-0.07607990220490617,0.0466416948718016,0.16701786294618698,MNAR,brms,971
y_noMiss,phi,0.21451681200398032,0.05754710319883969,0.10192218533741441,0.2146644154326261,0.3273485982406778,MNAR,brms,971
y_noMiss,sigma,1.0643997142596924,0.04421434861597175,0.9824009759369243,1.0632965732491775,1.1532778464081632,MNAR,brms,971
y_noMiss,Intercept,0.26864380282955036,0.07908648003326396,0.11221138652553987,0.2680343120159908,0.4252321138382239,MNAR,brms,971
