missingprop_autocor,parameter,mean,sd,2.5%,50%,97.5%,missingness,type,run_no
y_noMiss,b_Intercept,-0.8262544513721773,0.07494655631730485,-0.9742431031553248,-0.8258383472940958,-0.6776300811586851,MNAR,brms,972
y_noMiss,b_light,0.6156519374777606,0.06082391340261585,0.49568917602017637,0.6157551549667972,0.7359082778486877,MNAR,brms,972
y_noMiss,b_discharge,-1.261944447941522,0.06222209637815923,-1.381411188308564,-1.2624802033766178,-1.1387004450864222,MNAR,brms,972
y_noMiss,phi,0.1620011935769274,0.05979117593824842,0.04625525751562053,0.16244678917137767,0.2794909517722763,MNAR,brms,972
y_noMiss,sigma,1.0763128659857544,0.0454201840066362,0.9924853519156895,1.0753110041129508,1.1702259315231873,MNAR,brms,972
y_noMiss,Intercept,-0.7007139533664696,0.0747833163223351,-0.8501064032716446,-0.7003125894363608,-0.5517298830418355,MNAR,brms,972
