missingprop_autocor,parameter,mean,sd,2.5%,50%,97.5%,missingness,type,run_no
y_noMiss,b_Intercept,1.2386921204695274,0.14795032507320402,0.9497355766583692,1.2380343727350498,1.5379115575075644,MNAR,brms,973
y_noMiss,b_light,0.307766385623845,0.05129708434860261,0.20629647481577668,0.3081764897056699,0.4077891326708349,MNAR,brms,973
y_noMiss,b_discharge,-0.22967625443237558,0.052069861102793984,-0.3339828289973015,-0.22919617315374977,-0.12683667574863314,MNAR,brms,973
y_noMiss,phi,0.6079940661712109,0.048250057519119934,0.5120441077969337,0.6082748881677134,0.7009747167679541,MNAR,brms,973
y_noMiss,sigma,0.9714567186022842,0.04037027964333264,0.8957592289892927,0.9702046649686054,1.0561301894137836,MNAR,brms,973
y_noMiss,Intercept,1.2817158245437752,0.14794581184689795,0.9922057168135529,1.2816011592833947,1.5790352082757655,MNAR,brms,973
