missingprop_autocor,parameter,mean,sd,2.5%,50%,97.5%,missingness,type,run_no
y_noMiss,b_Intercept,1.7815672579426711,0.05874487631859042,1.6666289348899304,1.7816190509353744,1.8962290925293532,MNAR,brms,974
y_noMiss,b_light,-0.0803015095067103,0.053229254991813614,-0.18492052640226858,-0.07971254761796431,0.02326350667806614,MNAR,brms,974
y_noMiss,b_discharge,-0.6926849843294782,0.0523072177244709,-0.7971056940816434,-0.6924334374463827,-0.5903501032827183,MNAR,brms,974
y_noMiss,phi,0.048729960723473506,0.060103439065114644,-0.06761366544041604,0.04912128151049569,0.1662154527135701,MNAR,brms,974
y_noMiss,sigma,0.9426366286206593,0.040091883262129056,0.8686515841786815,0.9413668617838196,1.02502928492981,MNAR,brms,974
y_noMiss,Intercept,1.7935082678266405,0.058596416501382254,1.6790093782494715,1.7937813070536754,1.907481030219435,MNAR,brms,974
