missingprop_autocor,parameter,mean,sd,2.5%,50%,97.5%,missingness,type,run_no
y_noMiss,b_Intercept,1.2449688247204673,0.06187350687487295,1.124210441763107,1.245074726512523,1.3688727660752043,MNAR,brms,975
y_noMiss,b_light,-0.0821289442300922,0.06221173925328151,-0.20148072611885226,-0.08304518004247977,0.04001288021739058,MNAR,brms,975
y_noMiss,b_discharge,0.3882072878879669,0.0577298710591549,0.27655562567185504,0.3873672505491863,0.5014529799937256,MNAR,brms,975
y_noMiss,phi,0.031515285472148505,0.05853840958103167,-0.08298618207285664,0.03131098941474271,0.14484325935390321,MNAR,brms,975
y_noMiss,sigma,1.0062517794892973,0.04194723959406686,0.9273080314510872,1.0051971184021196,1.0930754766136002,MNAR,brms,975
y_noMiss,Intercept,1.25563613313808,0.061743582476212346,1.1345514721506251,1.2556533427959011,1.3792739956595585,MNAR,brms,975
