missingprop_autocor,parameter,mean,sd,2.5%,50%,97.5%,missingness,type,run_no
y_noMiss,b_Intercept,0.6658839132224096,0.162429149106765,0.3416011910155692,0.6653229690995819,0.9865525987828682,MNAR,brms,976
y_noMiss,b_light,-0.02795188951976829,0.043655200073698136,-0.1133442860509162,-0.02805462818122004,0.058868352512025095,MNAR,brms,976
y_noMiss,b_discharge,0.436064482077376,0.04564503237100852,0.3461596395282218,0.43657974692951307,0.5255039452603556,MNAR,brms,976
y_noMiss,phi,0.6297568406489771,0.04613811667832152,0.5402171200393614,0.6297283067781801,0.7204215488602576,MNAR,brms,976
y_noMiss,sigma,1.003841539776956,0.04171404624023636,0.9254281370931147,1.0031574876610565,1.0897586770389442,MNAR,brms,976
y_noMiss,Intercept,0.6652978089659098,0.1624184646688733,0.34020864311974547,0.6648734236834781,0.9847378967996677,MNAR,brms,976
