missingprop_autocor,parameter,mean,sd,2.5%,50%,97.5%,missingness,type,run_no
y_noMiss,b_Intercept,-0.923067707239261,0.1497478325915089,-1.2180772154985664,-0.9231195052519855,-0.6313656176455533,MNAR,brms,977
y_noMiss,b_light,-0.44558632771930257,0.0491207543940218,-0.5402658325169063,-0.44582355502877186,-0.34789120910482707,MNAR,brms,977
y_noMiss,b_discharge,-0.9015723420591801,0.05678859972503777,-1.0137239485467044,-0.9011880613625257,-0.7887568288438276,MNAR,brms,977
y_noMiss,phi,0.5823844550542377,0.0473867018609327,0.49162089032712136,0.5821565074192392,0.6751780365836159,MNAR,brms,977
y_noMiss,sigma,1.0578499390988347,0.04478965268909524,0.9740084630219519,1.0561196495257672,1.1498353680315394,MNAR,brms,977
y_noMiss,Intercept,-0.9047116815563035,0.14976434073550718,-1.1995955735049448,-0.9047237177711874,-0.613199814605725,MNAR,brms,977
