missingprop_autocor,parameter,mean,sd,2.5%,50%,97.5%,missingness,type,run_no
y_noMiss,b_Intercept,1.3057582324823434,0.10392664019578508,1.100943073369376,1.3052306900100685,1.5089171872704912,MNAR,brms,978
y_noMiss,b_light,-0.35895327368844626,0.05265122607084606,-0.463347046222229,-0.35933778927108573,-0.2567695992784968,MNAR,brms,978
y_noMiss,b_discharge,-0.4178076985349566,0.04947713688201543,-0.5150804671271405,-0.4177156592912866,-0.3192370690661709,MNAR,brms,978
y_noMiss,phi,0.4167503281824393,0.05438317860512716,0.3087059436863337,0.41683283661551707,0.5222899375141687,MNAR,brms,978
y_noMiss,sigma,1.0092737192631835,0.04167340001078174,0.9320989590612189,1.007686290752102,1.094132594743757,MNAR,brms,978
y_noMiss,Intercept,1.3081952815443278,0.1038608807179306,1.1038888082805882,1.3076704678555622,1.5105474559517647,MNAR,brms,978
