missingprop_autocor,parameter,mean,sd,2.5%,50%,97.5%,missingness,type,run_no
y_noMiss,b_Intercept,0.32014423053881097,0.0773952597270978,0.1643058055373046,0.3200940392837431,0.4728106550928881,MNAR,brms,979
y_noMiss,b_light,-1.2641403447960868,0.059248274365810545,-1.3793971233061082,-1.263765268500501,-1.1466296447423752,MNAR,brms,979
y_noMiss,b_discharge,2.403291841797338,0.061301887276032134,2.284819817446001,2.4029344089203173,2.522789149791461,MNAR,brms,979
y_noMiss,phi,0.21441130246436238,0.05864093496480255,0.1000432746496581,0.21450795941245374,0.3308550645306777,MNAR,brms,979
y_noMiss,sigma,1.0290653365432978,0.04297163710818073,0.9480301714940966,1.0280399607121598,1.1162668820969663,MNAR,brms,979
y_noMiss,Intercept,0.34569075265245247,0.07739327132672695,0.18982309030078995,0.34556533932449596,0.49781328634127703,MNAR,brms,979
