missingprop_autocor,parameter,mean,sd,2.5%,50%,97.5%,missingness,type,run_no
y_noMiss,b_Intercept,-0.2902136075987623,0.10999221814711685,-0.5048748804419869,-0.2907451570492152,-0.0714147745349387,MNAR,brms,97
y_noMiss,b_light,-0.23612254332982716,0.05308193826335885,-0.3400674336490246,-0.23631030836072842,-0.1318759399369832,MNAR,brms,97
y_noMiss,b_discharge,-0.2967863888167363,0.057523818714065256,-0.4109438272982683,-0.296955228728838,-0.1842219687060112,MNAR,brms,97
y_noMiss,phi,0.46873220476616756,0.053116324186056836,0.36381166207701726,0.46892675560009067,0.5719689711480658,MNAR,brms,97
y_noMiss,sigma,0.9755652940620458,0.04077067055810139,0.9000836863404292,0.974350499568099,1.0602413069722214,MNAR,brms,97
y_noMiss,Intercept,-0.31565065532545766,0.10972427413296078,-0.5278574046103778,-0.31685002507015536,-0.09770002088263395,MNAR,brms,97
