missingprop_autocor,parameter,mean,sd,2.5%,50%,97.5%,missingness,type,run_no
y_noMiss,b_Intercept,-0.34041741550929694,0.08733768862970934,-0.5129343753791429,-0.34080442669597033,-0.16814424058557095,MNAR,brms,980
y_noMiss,b_light,-1.8493437741280176,0.0613915492299211,-1.9702177532829044,-1.848967925877278,-1.7300660094408538,MNAR,brms,980
y_noMiss,b_discharge,2.1091914452512963,0.05880304012129311,1.994604789311288,2.1090293496151036,2.223727753618787,MNAR,brms,980
y_noMiss,phi,0.29109317251134265,0.05668376118487857,0.181649524265298,0.2905982887535636,0.4027869729440392,MNAR,brms,980
y_noMiss,sigma,1.0529565500060138,0.04382814799745909,0.9711038530652037,1.0516408946612519,1.1426873226087124,MNAR,brms,980
y_noMiss,Intercept,-0.384221611207017,0.08710383801089644,-0.5554628393136049,-0.38458585507511767,-0.21181803986201397,MNAR,brms,980
