missingprop_autocor,parameter,mean,sd,2.5%,50%,97.5%,missingness,type,run_no
y_noMiss,b_Intercept,-0.1623649354908082,0.08269165390968579,-0.3228435362987322,-0.1624082298401272,0.0029376579746530416,MNAR,brms,981
y_noMiss,b_light,-0.5390347461562172,0.05670108212064101,-0.6488427848976441,-0.5395751879015219,-0.4292478150284701,MNAR,brms,981
y_noMiss,b_discharge,-0.8012346284685988,0.05904105897455434,-0.9179560460806918,-0.802118518258824,-0.682866618617036,MNAR,brms,981
y_noMiss,phi,0.2647103061930224,0.0571008420316507,0.15187701063207254,0.2645984888511501,0.3768967133646028,MNAR,brms,981
y_noMiss,sigma,1.0114233894110356,0.042314481134722394,0.9344027699160131,1.0105192791210333,1.0983046425435337,MNAR,brms,981
y_noMiss,Intercept,-0.12838037928771442,0.08268947389904822,-0.2892367452504639,-0.12866818364045796,0.03709314097714299,MNAR,brms,981
