missingprop_autocor,parameter,mean,sd,2.5%,50%,97.5%,missingness,type,run_no
y_noMiss,b_Intercept,-0.10295966857049085,0.12000173748379803,-0.33726696912008,-0.10371736468717588,0.13259605310820344,MNAR,brms,982
y_noMiss,b_light,0.4050553878324888,0.052537390305760344,0.30256049430804316,0.4041693918835715,0.5095953098618039,MNAR,brms,982
y_noMiss,b_discharge,-0.5861757530691628,0.05202411305841696,-0.6868224132062208,-0.5864670111394815,-0.4836457879211018,MNAR,brms,982
y_noMiss,phi,0.5172832667095217,0.0508523260207475,0.4163621579607909,0.5168206764336835,0.6171966001243918,MNAR,brms,982
y_noMiss,sigma,0.9845006659242163,0.042048958154906474,0.9064349118877572,0.9831654289375804,1.071275374679146,MNAR,brms,982
y_noMiss,Intercept,-0.11786567218729105,0.1200211114296854,-0.35258775193784125,-0.1184442612680516,0.11765815573712057,MNAR,brms,982
