missingprop_autocor,parameter,mean,sd,2.5%,50%,97.5%,missingness,type,run_no
y_noMiss,b_Intercept,1.2551821413268587,0.13939176760295927,0.9811415850200714,1.2532777698342428,1.5278397500230632,MNAR,brms,983
y_noMiss,b_light,0.20266674767740048,0.05840625643156747,0.0879929238147027,0.20262187841933688,0.3167579364203026,MNAR,brms,983
y_noMiss,b_discharge,-0.35115513934949444,0.051861336891802626,-0.45251832947579945,-0.3508198220008447,-0.24869093459114683,MNAR,brms,983
y_noMiss,phi,0.5670792490218179,0.04938815480914092,0.4712694924790186,0.567064189261037,0.6645036505479986,MNAR,brms,983
y_noMiss,sigma,1.0302058600283936,0.04360243865189922,0.950167371660507,1.0284474261593095,1.1191699372507244,MNAR,brms,983
y_noMiss,Intercept,1.2204561795997442,0.1392893479699397,0.9463192631095326,1.2193761746961056,1.4923635845619454,MNAR,brms,983
