missingprop_autocor,parameter,mean,sd,2.5%,50%,97.5%,missingness,type,run_no
y_noMiss,b_Intercept,0.5069662894394957,0.07095419572162481,0.36733917976633057,0.5071318789041439,0.6420528385127354,MNAR,brms,984
y_noMiss,b_light,0.7416523645972478,0.054139832164669555,0.6336933188272786,0.7421067096468386,0.8487193859708971,MNAR,brms,984
y_noMiss,b_discharge,-0.40804888196222927,0.0532861838886409,-0.5123864254789383,-0.40802640373684085,-0.30571705384057324,MNAR,brms,984
y_noMiss,phi,0.18511335826476133,0.058844687808833514,0.07018715654979799,0.18551787629631988,0.29961637074079106,MNAR,brms,984
y_noMiss,sigma,0.9734107306812108,0.03977168509047881,0.9003188791484532,0.9719317161772167,1.0544684912813154,MNAR,brms,984
y_noMiss,Intercept,0.5456435377161868,0.07082980333246197,0.4057851865149543,0.5456839278719701,0.6807663297388387,MNAR,brms,984
