missingprop_autocor,parameter,mean,sd,2.5%,50%,97.5%,missingness,type,run_no
y_noMiss,b_Intercept,0.694618812932858,0.21465740751003215,0.2792740375853485,0.6938576277835646,1.1199238019721005,MNAR,brms,985
y_noMiss,b_light,-0.8090237306907463,0.0447668795189974,-0.8963440863919734,-0.8087633255381292,-0.7225856307431777,MNAR,brms,985
y_noMiss,b_discharge,-0.9105636172820949,0.04460680592500772,-0.9978903286751284,-0.9102968758180272,-0.8246714937545777,MNAR,brms,985
y_noMiss,phi,0.73949660316651,0.041127316540277487,0.6588424038054623,0.7396427357072946,0.820422190712675,MNAR,brms,985
y_noMiss,sigma,0.9533234466697704,0.03982854569122968,0.880494179494587,0.9515497453150004,1.0355492056273652,MNAR,brms,985
y_noMiss,Intercept,0.7272404034255097,0.21453209900361592,0.31180952111305565,0.7267925059211755,1.154579411398593,MNAR,brms,985
