missingprop_autocor,parameter,mean,sd,2.5%,50%,97.5%,missingness,type,run_no
y_noMiss,b_Intercept,-0.9343668682114568,0.07140553217724695,-1.074801404213005,-0.9343578848475056,-0.7945526794992025,MNAR,brms,986
y_noMiss,b_light,0.22734606614287095,0.04946643461472067,0.12927174200599872,0.2275140130161375,0.32245054694296593,MNAR,brms,986
y_noMiss,b_discharge,-1.223874747200104,0.05455414744605345,-1.3291547335774996,-1.2238847640350952,-1.1165867150215005,MNAR,brms,986
y_noMiss,phi,0.19585108328055637,0.0585603659681593,0.08271524588334464,0.19614559110156174,0.31025333458260435,MNAR,brms,986
y_noMiss,sigma,0.9636404298829656,0.04076459828660049,0.889099393423262,0.9621975232251653,1.0454006345270659,MNAR,brms,986
y_noMiss,Intercept,-0.9279528127609133,0.07140325243367028,-1.0681913928785776,-0.9280664406275314,-0.7882957398761505,MNAR,brms,986
