missingprop_autocor,parameter,mean,sd,2.5%,50%,97.5%,missingness,type,run_no
y_noMiss,b_Intercept,-0.24895349085859117,0.060733675036298763,-0.3671933799273067,-0.24873768937999916,-0.13038368035904171,MNAR,brms,987
y_noMiss,b_light,-0.5993870259730563,0.0625446977012261,-0.7229847277400886,-0.5991340830375467,-0.47657995898996863,MNAR,brms,987
y_noMiss,b_discharge,2.4705261409911428,0.058413418212364156,2.3568988108779174,2.47082252077964,2.5845062243280656,MNAR,brms,987
y_noMiss,phi,-0.029311492870249412,0.05927846772966555,-0.14383661854737756,-0.029969973161258275,0.08840886447393971,MNAR,brms,987
y_noMiss,sigma,1.0365723968561644,0.04346146184597059,0.9554864110644572,1.0352582922711888,1.1264503224415907,MNAR,brms,987
y_noMiss,Intercept,-0.30633406432964544,0.060715563586328715,-0.4243199256251532,-0.3060414439063792,-0.18737942690073522,MNAR,brms,987
