missingprop_autocor,parameter,mean,sd,2.5%,50%,97.5%,missingness,type,run_no
y_noMiss,b_Intercept,-1.2021522040103714,0.07581875149040124,-1.3507054692586393,-1.20344633632807,-1.0536959343649397,MNAR,brms,988
y_noMiss,b_light,1.5662316711550406,0.06473532368690837,1.4385704257912568,1.5667307057139155,1.6911663170727378,MNAR,brms,988
y_noMiss,b_discharge,-0.8238107508804202,0.05936680496637754,-0.9409016270796912,-0.823511161939094,-0.7077273865229126,MNAR,brms,988
y_noMiss,phi,0.23037412101654192,0.05876121645212507,0.11570615926272176,0.23091426134117243,0.3468324926356929,MNAR,brms,988
y_noMiss,sigma,0.9958381851123671,0.042071813929585956,0.9176611720870838,0.994571056565622,1.0826782016968344,MNAR,brms,988
y_noMiss,Intercept,-1.2475711811222685,0.0757337229988357,-1.3945073430073653,-1.249240637398619,-1.1005823972117577,MNAR,brms,988
