missingprop_autocor,parameter,mean,sd,2.5%,50%,97.5%,missingness,type,run_no
y_noMiss,b_Intercept,0.13392251224774024,0.06645600200141352,0.0011989176860507835,0.13342345683522033,0.266324572397696,MNAR,brms,989
y_noMiss,b_light,1.2097646706786407,0.06085410384277737,1.0921600575223378,1.2101849475704785,1.3286229028851388,MNAR,brms,989
y_noMiss,b_discharge,-0.9389159469502688,0.058763590088699,-1.0539024133287391,-0.9395153006276569,-0.8217227820338842,MNAR,brms,989
y_noMiss,phi,0.09281664427153197,0.05987856750477661,-0.02703910809753581,0.0934257134729949,0.20668205541529416,MNAR,brms,989
y_noMiss,sigma,0.9983126942124618,0.04163771091516319,0.9193606916840336,0.997042932537184,1.084824161960163,MNAR,brms,989
y_noMiss,Intercept,0.1064184379821784,0.06561224459252192,-0.02292761091650636,0.1052569766772826,0.23716004680899658,MNAR,brms,989
