missingprop_autocor,parameter,mean,sd,2.5%,50%,97.5%,missingness,type,run_no
y_noMiss,b_Intercept,0.022624098150312067,0.126000385647136,-0.22188989515951926,0.022188528968204016,0.2691208670649656,MNAR,brms,98
y_noMiss,b_light,-0.1643924543990736,0.05572363863814127,-0.2755480179431049,-0.1646306669171882,-0.054004103710491,MNAR,brms,98
y_noMiss,b_discharge,-0.778910095108449,0.058441551722786846,-0.8923779211636143,-0.7791932270674127,-0.6645132237856329,MNAR,brms,98
y_noMiss,phi,0.5009026234435409,0.05216061007196981,0.3975204003342487,0.5001714976021485,0.6033742946652778,MNAR,brms,98
y_noMiss,sigma,1.0637711671524257,0.04473952643236319,0.9798927194679403,1.0617913147418359,1.1548067159535607,MNAR,brms,98
y_noMiss,Intercept,-0.058085592473077916,0.12574269610405506,-0.30396793704918806,-0.05906078461177955,0.18746956421719063,MNAR,brms,98
