missingprop_autocor,parameter,mean,sd,2.5%,50%,97.5%,missingness,type,run_no
y_noMiss,b_Intercept,0.10880217554860586,0.199155090604952,-0.2765299073693749,0.10977655285264326,0.5003314920898828,MNAR,brms,990
y_noMiss,b_light,0.2829518141771223,0.05184470334542573,0.18128545498332863,0.2823480991325602,0.38495530475731393,MNAR,brms,990
y_noMiss,b_discharge,-1.3144694397445615,0.04377487567118358,-1.4020903030926908,-1.3142539598731147,-1.2289804609967718,MNAR,brms,990
y_noMiss,phi,0.7088645480154218,0.042733267541758255,0.6249657406112905,0.7088607933380489,0.7930250013540507,MNAR,brms,990
y_noMiss,sigma,0.9788947759171849,0.04121385123676314,0.9025740775848785,0.9769425966165222,1.0639660237658657,MNAR,brms,990
y_noMiss,Intercept,0.04679632577383866,0.19918915277899443,-0.3376684340582346,0.0467470496115243,0.4374601684964697,MNAR,brms,990
