missingprop_autocor,parameter,mean,sd,2.5%,50%,97.5%,missingness,type,run_no
y_noMiss,b_Intercept,-0.6700212019297671,0.07250728262404968,-0.8125422850567503,-0.6707078285189844,-0.52828183908569,MNAR,brms,991
y_noMiss,b_light,-0.386845902999298,0.05599234561479822,-0.49571461110932397,-0.386709926353464,-0.2764263937575195,MNAR,brms,991
y_noMiss,b_discharge,-0.15705156036169993,0.0574295344407904,-0.2685128374185114,-0.15771829957233752,-0.04652939616061641,MNAR,brms,991
y_noMiss,phi,0.2230420713021538,0.05729398222395636,0.10968564354559826,0.2235671846655129,0.3354106272498084,MNAR,brms,991
y_noMiss,sigma,0.9734578034288368,0.041306506437096636,0.8973105678272294,0.9724210633433414,1.0597583386197025,MNAR,brms,991
y_noMiss,Intercept,-0.6550409387575754,0.07248140935679004,-0.7970516770063735,-0.6558962063219214,-0.5128529304212622,MNAR,brms,991
