missingprop_autocor,parameter,mean,sd,2.5%,50%,97.5%,missingness,type,run_no
y_noMiss,b_Intercept,-0.76184352232409,0.05907004069142597,-0.875773708919297,-0.7614908233477409,-0.645381614351115,MNAR,brms,992
y_noMiss,b_light,-0.09418408253798626,0.05588074601266244,-0.2025712978297294,-0.09426449813070678,0.014803350614321212,MNAR,brms,992
y_noMiss,b_discharge,-1.279527966328384,0.0653687803767762,-1.406911621786165,-1.2797851065272257,-1.1528964140521387,MNAR,brms,992
y_noMiss,phi,0.0019143841718794916,0.059887518622803906,-0.11382301875768609,0.0018946930322270034,0.12144526743460986,MNAR,brms,992
y_noMiss,sigma,1.0081774320958292,0.04251908530024452,0.9296842438133187,1.006725989917717,1.0940195170413929,MNAR,brms,992
y_noMiss,Intercept,-0.6746864882140042,0.05885818564630148,-0.7887176462151478,-0.6744396177427332,-0.557606373503609,MNAR,brms,992
