missingprop_autocor,parameter,mean,sd,2.5%,50%,97.5%,missingness,type,run_no
y_noMiss,b_Intercept,-0.07721111923936529,0.07652882027292769,-0.22676222648597205,-0.0767025368797446,0.07165161582815721,MNAR,brms,993
y_noMiss,b_light,-0.4007611294872728,0.05671255343969171,-0.5141717902349728,-0.4008818768413184,-0.29118910403152387,MNAR,brms,993
y_noMiss,b_discharge,-0.26797157751354195,0.055849655769060674,-0.3772441558169738,-0.26814797158850434,-0.15789168954864358,MNAR,brms,993
y_noMiss,phi,0.22927990480857405,0.05788496136209304,0.11644641715014101,0.22923917823522952,0.3438770356516174,MNAR,brms,993
y_noMiss,sigma,0.9959713067818319,0.04145753039513752,0.9174517128315144,0.9948207224599095,1.0800203643853858,MNAR,brms,993
y_noMiss,Intercept,-0.09315438892942828,0.076534018724424,-0.24220596661072877,-0.09281273335426135,0.05545672163785511,MNAR,brms,993
