missingprop_autocor,parameter,mean,sd,2.5%,50%,97.5%,missingness,type,run_no
y_noMiss,b_Intercept,-1.2419965037822296,0.06796751358481636,-1.3740904785957933,-1.2421090983808072,-1.108358139284791,MNAR,brms,994
y_noMiss,b_light,-0.5278170035677497,0.06247367397871164,-0.6537444984115868,-0.5265149531270285,-0.40691502071299346,MNAR,brms,994
y_noMiss,b_discharge,0.19102701123944416,0.06293442061306755,0.06801829138045996,0.19077328306741248,0.3143284763218731,MNAR,brms,994
y_noMiss,phi,0.07150219766622246,0.06002115364881395,-0.04531279021351629,0.07179216974556879,0.18949266091705338,MNAR,brms,994
y_noMiss,sigma,1.0693353204140215,0.044947878283661265,0.9857798050636996,1.067212882738418,1.1628758983715166,MNAR,brms,994
y_noMiss,Intercept,-1.2598256870017892,0.06781967886613009,-1.3915507937265037,-1.2598107989235134,-1.127070926875699,MNAR,brms,994
