missingprop_autocor,parameter,mean,sd,2.5%,50%,97.5%,missingness,type,run_no
y_noMiss,b_Intercept,0.5094753520748797,0.07010207918642684,0.3702796931198631,0.509805079002114,0.6470195707309757,MNAR,brms,995
y_noMiss,b_light,-1.4138614004422365,0.05898392275172063,-1.5280167576419492,-1.414155670201279,-1.301062590371067,MNAR,brms,995
y_noMiss,b_discharge,1.3532379734388305,0.05926810958962368,1.2364651505655095,1.35366077378721,1.4682118452292847,MNAR,brms,995
y_noMiss,phi,0.18480701295204524,0.05910896392511674,0.06769804405622963,0.1856052408398834,0.2986671288125003,MNAR,brms,995
y_noMiss,sigma,0.9787135686811534,0.04083255619749067,0.9033912000405507,0.976994864829837,1.0633662610948902,MNAR,brms,995
y_noMiss,Intercept,0.6602640691225605,0.06990005188839428,0.5205116191321267,0.660869351260763,0.7975334986004048,MNAR,brms,995
