missingprop_autocor,parameter,mean,sd,2.5%,50%,97.5%,missingness,type,run_no
y_noMiss,b_Intercept,0.9099389528193895,0.06566889454857856,0.782082535685116,0.910060889702341,1.0386959274641354,MNAR,brms,996
y_noMiss,b_light,0.2352251002285608,0.05634970298694373,0.12470507716315363,0.23426819828576798,0.346160427671474,MNAR,brms,996
y_noMiss,b_discharge,0.7311367146226606,0.06041059868011914,0.6135772126778815,0.7305710000314773,0.849323246673069,MNAR,brms,996
y_noMiss,phi,0.14155634076455823,0.05973326224324004,0.02632688099834199,0.14135932115363145,0.25671398988071786,MNAR,brms,996
y_noMiss,sigma,0.9649483281838426,0.040279553690160536,0.8880657774164079,0.9638902804886258,1.0464398822311543,MNAR,brms,996
y_noMiss,Intercept,0.9355617418494971,0.06532889805321826,0.8079653345616162,0.9355998397224707,1.0633692397752628,MNAR,brms,996
