missingprop_autocor,parameter,mean,sd,2.5%,50%,97.5%,missingness,type,run_no
y_noMiss,b_Intercept,0.56801084334546,0.06355583369581501,0.4439160102384402,0.5673376280610622,0.6951861837859135,MNAR,brms,997
y_noMiss,b_light,-1.1068054163762293,0.06089043247030263,-1.2266547880562433,-1.1061316948337945,-0.9895996196549,MNAR,brms,997
y_noMiss,b_discharge,1.6463046404081774,0.056516616183799814,1.533208100192523,1.6465795726378156,1.753361989934526,MNAR,brms,997
y_noMiss,phi,0.09250776640048301,0.05948739585212164,-0.023012157447793613,0.09289643193426068,0.20959773100447585,MNAR,brms,997
y_noMiss,sigma,0.9661584854187907,0.04193961790326302,0.888418966141904,0.964327094092467,1.0513461117150926,MNAR,brms,997
y_noMiss,Intercept,0.49082249219316315,0.06330246314839053,0.36661873056123945,0.4901599953756325,0.617380882931077,MNAR,brms,997
