missingprop_autocor,parameter,mean,sd,2.5%,50%,97.5%,missingness,type,run_no
y_noMiss,b_Intercept,-0.9884348188116664,0.06558555395367296,-1.115084745296574,-0.9886163866650514,-0.8642600211720715,MNAR,brms,998
y_noMiss,b_light,-0.4701125042561289,0.05882498169103704,-0.5848152481425165,-0.47052930148576977,-0.35522984470526603,MNAR,brms,998
y_noMiss,b_discharge,-0.28554543346038663,0.060340361222641914,-0.4038944933362387,-0.2860382567479177,-0.16704239023782333,MNAR,brms,998
y_noMiss,phi,0.06297358913985829,0.058148945751031286,-0.05020679151031916,0.06390293768361757,0.17529404979108118,MNAR,brms,998
y_noMiss,sigma,1.0464437600707792,0.04338069384286723,0.9641297493417089,1.0451154587930334,1.1346456493577213,MNAR,brms,998
y_noMiss,Intercept,-1.0010048979970378,0.06547537338198543,-1.126651152325485,-1.0011093177714456,-0.876552020430906,MNAR,brms,998
