missingprop_autocor,parameter,mean,sd,2.5%,50%,97.5%,missingness,type,run_no
y_noMiss,b_Intercept,-0.005885959723883598,0.11659690878430094,-0.23612018814659114,-0.00594259024499514,0.22512717440330948,MNAR,brms,999
y_noMiss,b_light,-0.7165521881063789,0.05086767630792666,-0.8173973056090155,-0.7165140512162947,-0.6179340470832574,MNAR,brms,999
y_noMiss,b_discharge,0.50794349411981,0.04994861960600111,0.4088619020624459,0.5079075716032646,0.6045877835549357,MNAR,brms,999
y_noMiss,phi,0.520420122018999,0.050510649674245706,0.42270877302641036,0.5203914916420402,0.6203677064859249,MNAR,brms,999
y_noMiss,sigma,0.9445887177698927,0.039696927284611085,0.871765158753685,0.9427578514288302,1.025951729115532,MNAR,brms,999
y_noMiss,Intercept,0.07484540225049756,0.11655559303933691,-0.1559857662999376,0.07533261877258116,0.3038545800789989,MNAR,brms,999
