missingprop_autocor,parameter,mean,sd,2.5%,50%,97.5%,missingness,type,run_no
y_noMiss,b_Intercept,-0.3877345481806725,0.1430471938540112,-0.6658923593512631,-0.3887630913624244,-0.1055030770191126,MNAR,brms,99
y_noMiss,b_light,0.06775097452967616,0.049989574272773306,-0.02939763683900786,0.06754056278765408,0.16737958265793884,MNAR,brms,99
y_noMiss,b_discharge,2.2091223602378633,0.04808323475870119,2.1154384370066905,2.208808045885802,2.3038192856147877,MNAR,brms,99
y_noMiss,phi,0.5784653408580245,0.049509426420331945,0.48174664164767134,0.578611315459306,0.6773006068845324,MNAR,brms,99
y_noMiss,sigma,1.021078537039911,0.042752811419271654,0.9415235525216273,1.0195957855254707,1.1092054810551621,MNAR,brms,99
y_noMiss,Intercept,-0.2887110125826354,0.1430091435018526,-0.5672707201047064,-0.28971251651014984,-0.006503650977089027,MNAR,brms,99
