missingprop_autocor,parameter,mean,sd,2.5%,50%,97.5%,missingness,type,run_no
y_noMiss,b_Intercept,-2.997680497901686,0.09234974218445875,-3.1803157710737486,-2.9981303985107903,-2.815808191746004,MNAR,brms,9
y_noMiss,b_light,-1.0650272149874207,0.05598330449072789,-1.174781106804968,-1.0651545430640583,-0.9557395776851321,MNAR,brms,9
y_noMiss,b_discharge,0.02411531515651606,0.04947863426788335,-0.07323068284441575,0.02452931202157288,0.1210967445131552,MNAR,brms,9
y_noMiss,phi,0.3665765389326266,0.05504168452317345,0.25661283724757905,0.36639792805982696,0.4747057018776983,MNAR,brms,9
y_noMiss,sigma,0.9951212779588554,0.04166527231626446,0.9185203557412384,0.9942015159306671,1.0796588666072906,MNAR,brms,9
y_noMiss,Intercept,-3.0432881738207294,0.09209620091488097,-3.225450215278253,-3.043612845479042,-2.861141006833338,MNAR,brms,9
